"","germplasmName","Fra_23","Fre_23","Ith_23","Laf_23","Mas_23","Prn_23","Urb_23","Vin_23","Woo_23"
"1","07-19334",101.54,113.62,70.04,75.85,88.6,105.02,116.76,67.54,94.68
"2","12-26004",95.49,99.27,63.24,66.74,79.88,88.17,89.06,57.87,77.94
"3","16-8048",103.94,117.62,71.99,78.52,91.15,104.34,116.98,70.25,103.1
"4","18-23760",99.03,111.89,68.25,77.62,85.43,90.79,106.74,66.08,91.52
"5","18-28931",99.48,110.86,68.34,65.99,86.07,97.94,106.03,65.56,92.43
"6","19-10123",96.7,102.42,65.62,69.9,83.74,94.28,96.79,60.27,86.28
"7","19-12926",97.69,106.88,65.56,64.48,81.7,88.75,98.53,62.61,81.02
"8","19-13414",100.43,112.68,68.62,80.72,85.9,96.33,113.23,66.61,89.64
"9","19-13451",90.27,105.76,62.73,48.43,75.97,89.03,102.17,61.15,71.56
"10","19-13713",98.52,107.48,67.09,60.83,84.8,99.13,102.95,63.39,90.06
"11","19-13978",96.88,102.92,65.05,68.36,82.29,90.16,95.62,60.36,83.36
"12","19-14617",96.36,106.5,66.43,64.46,83.77,87.92,104.79,62.67,86.65
"13","19-14845",100.72,108.11,67.73,67.5,85.91,94.26,103.59,63.92,92.91
"14","19-14933",97.87,104.07,65.06,68.69,81.82,87.42,96.67,60.97,82.53
"15","19-15017",95.66,104.17,64.79,67.56,81.16,91.71,92.65,60.94,82.14
"16","19-16176",99.07,110.12,67.57,69.46,84.7,93.55,108.28,64.93,87.59
"17","19-17546",94.7,99.53,64.73,73.86,83.05,91.08,91.63,58.47,89.46
"18","19-17662",96.7,106.32,65.27,66.15,81.29,86.32,99.72,62.22,79.15
"19","19-18153",96.23,108.6,66.28,63.32,82.54,86.04,107.6,63.73,83.48
"20","19-18156",101.01,111.62,68.91,80.24,86.99,91.24,111.35,66.14,91.61
"21","19-18725",102.72,113.93,69.29,73.25,86.83,96.77,110.13,67.47,91.63
"22","19-18826",93.37,102.1,64.5,69.03,81.44,96.26,95.77,59.76,83.16
"23","19-18837",93.15,106.95,64,61.88,78.25,91.53,103.22,62.16,73.09
"24","19-18957",94.64,111.45,64.24,60.43,76.81,72.59,100.65,64.62,73.66
"25","19-19205",95.43,105.51,65.53,65,82.22,85.41,100.94,61.87,86.8
"26","19-20348",98.86,109.14,68.23,77.05,86.57,96.56,105.64,64.61,94.15
"27","19-21467",102.99,115.24,70.22,71.02,88.31,94.97,113,68.45,95.49
"28","19-21760",98.19,110.7,66.81,64.36,82.78,98.78,108.79,65.01,85.51
"29","19-21848",95.1,106.44,66.04,68.71,82.93,99.91,102.32,62.52,84.37
"30","19-22757",97.14,107.96,67.01,76.77,84.41,95.88,103.43,63.62,87.22
"31","19-23855",94.05,102.29,64.87,67.91,82.16,96.25,99.34,59.97,82.93
"32","19-25469",98.63,111.51,68.24,83.2,85.56,97.72,110.57,65.87,89.97
"33","19-26456",96.55,106.19,66.43,72.25,83.89,87.65,99.15,62.51,90.16
"34","19-26709",95.64,102.82,65.06,69.41,82.35,88.61,96.34,60.31,86.22
"35","19-27565",97.55,106.43,67.58,70.17,86.31,96.4,105.45,62.99,95.03
"36","19-4151",97.11,107.76,67.16,75.27,84.82,91.57,100.49,63.56,92.12
"37","19-5122",99.53,112.14,69.17,78.43,87.33,99.43,115.1,66.49,94.33
"38","19-5632",99.03,110.16,67.93,74.63,85.48,99.94,110.23,65.07,88.25
"39","19-6637",97,112.59,67.85,67.71,84.25,99.53,108.62,66.32,88.37
"40","19-6946",102.79,117.87,70.5,80.99,87.78,83.46,109.77,69.92,93.77
"41","2020-10001",98.03,108.4,66.31,62.58,82.68,90.62,100.27,63.64,84.54
"42","2020-10275",96.33,104.68,65.38,62.76,82.25,94.7,97.93,61.39,85.29
"43","2020-10322",96.98,105.23,66.84,73.42,85.2,96.4,102.07,62.13,91.81
"44","2020-10415",100.01,111.27,68.11,66.2,85.38,94.11,108.27,65.71,89.64
"45","2020-10435",97.42,109.08,66.31,60.97,82.39,90.66,103.34,64,83.86
"46","2020-10630",95.9,104.54,66.78,75.06,85.38,102.82,104.11,61.74,91
"47","2020-11426",97.29,107.43,67.34,66.97,85.36,97.24,103.57,63.44,91
"48","2020-12650",96.9,111.06,66.46,60.75,81.85,95.19,108.61,65.09,81.73
"49","2020-12665",96.93,107.13,66.65,79.25,83.98,95.51,104.42,63.07,88.75
"50","2020-13902",95.99,113.28,67.44,69.48,83.04,96.45,112.03,66.56,85.05
"51","2020-14116",98.24,109.28,67.81,72.52,85.6,92.79,109.31,64.56,90.96
"52","2020-15256",96.31,109.94,68.48,63.86,86.78,102.96,108.1,65.12,94.41
"53","2020-15726",98.26,115.69,68.91,69.46,85.24,95.76,120.72,68.29,88.59
"54","2020-16035",95.88,106.41,67.02,79.58,85.11,95.99,102.65,62.81,92.5
"55","2020-16102",97.32,104.76,65.82,71.42,83.17,91.19,97.6,61.56,86.64
"56","2020-2010",97.19,101.8,65.48,74.75,83.71,97.88,88.26,59.9,87.49
"57","2020-2101",95.04,101.08,63.91,67.6,80.57,84.82,89.34,59.04,82.53
"58","2020-2334",97.76,104.11,65.09,68.39,81.86,98.94,90.58,61,80.87
"59","2020-2749",96.31,106,66.72,78.88,84.61,96.89,103.72,62.5,88.7
"60","2020-2864",98.23,110.19,67.56,64.51,84.65,90.01,102.79,64.96,90.57
"61","2020-40034",99.32,108.66,66.96,58.44,83.99,97.69,109.31,63.97,86.85
"62","2020-5376",98.62,109.69,68.13,76.59,86.13,102.72,104.31,64.88,91.3
"63","2020-6205",99.87,111.41,66.58,74.45,81.98,94.51,102.21,65.31,79.99
"64","2020-6254",97.98,110.47,67.56,60.02,84.54,95.44,109.93,65.12,89.54
"65","2020-6435",100.82,113.6,68.73,59.17,85.74,92.3,111.54,67.13,92.98
"66","2020-7021",99.1,109.77,67.84,63.54,85.45,94.64,100.96,64.83,90.92
"67","2020-7719",98.37,103.85,66.35,70.15,84.74,95.59,101.29,61.25,89.35
"68","2020-7737",98.58,107.62,66.85,77,84.19,91.07,99.99,63.39,88.19
"69","2020-7917",98.13,106.12,65.36,63.38,81.58,90,96.78,62.14,81.93
"70","2020-9801",97.49,111.85,67.58,63.88,83.97,95.11,110.43,65.85,86.18
"71","2020-9945",97.93,111.34,67.53,60.4,84.08,99.49,109.52,65.56,89.1
"72","20PU-0001",96.6,107.52,66.37,71.67,83.2,93.6,101.46,63.19,85.41
"73","21PU-0015",96.78,111.33,67.58,61.83,84.21,95.26,106.86,65.57,88.88
"74","21PU-0026",98.99,115.26,69.02,63.56,85.65,94.28,111.93,68.09,92.34
"75","21PU-0030",95.84,109.35,67.13,68.35,84.07,92.59,108.28,64.17,91.35
"76","21PU-0033",96.89,111.86,68.65,75.84,86.31,105.42,109.5,63.89,94.89
"77","21PU-0040",96.86,107.82,67.11,73.09,84.68,91.46,102.51,63.57,92.98
"78","21PU-0042",93.02,101.58,64.54,66.55,81.75,95.94,99.45,59.49,85.91
"79","21PU-0046",98.46,111.19,67.74,68.26,84.6,97.21,106.66,65.55,89.24
"80","21PU-0051",96.81,107.2,66.45,53.49,83.52,94.25,103.37,63.05,90.04
"81","21PU-0058",99.96,113.12,68.91,57.36,86.35,98.73,117.73,66.93,94.51
"82","21PU-0071",96.8,108.85,66.7,55.53,83.34,95.96,104.97,63.99,86.36
"83","21PU-0072",97.5,110.38,67.75,76.98,84.99,97.77,104.37,65.13,90.2
"84","21PU-0104",98.98,115.65,70,81.81,87.65,99.19,112.27,68.6,97.38
"85","21PU-0154",99.39,111.56,67.94,66.84,84.89,90.16,106.97,69.29,89.67
"86","21PU-0163",99.49,112.59,69.21,73.53,87.23,101.2,109.51,66.74,95.72
"87","21PU-0165",94.29,105.59,65.58,52.75,82.3,92.37,99.25,62.28,85.07
"88","21PU-0176",92.75,103.16,64,69.69,79.87,90.13,98.04,60.16,78.49
"89","21PU-0183",96.83,103.85,65.73,58.68,83.37,93.86,100.81,61.06,87.02
"90","21PU-0185",97.23,108.62,67.33,72.83,84.82,95.8,113.31,61.02,89.52
"91","21PU-0280",102.05,118.91,71.27,78.62,89.01,102.17,117.31,71.52,96.43
"92","21PU-0282",103.03,116.31,71.44,90.05,90.51,102.24,114.6,69.39,101.53
"93","21PU-0285",104.61,119.52,72.3,78.7,91.02,103.01,117.3,71.35,101.28
"94","21PU-0286",103.15,116.67,71.81,80.26,91.17,103.54,118.52,69.69,104.46
"95","21PU-0288",105.27,120.87,71.79,71.31,89.31,101.9,120.27,71.9,96.94
"96","21PU-0291",97.31,109.28,66.24,52.94,82.14,92.94,104.01,64.08,87.04
"97","21PU-0292",102.37,116.42,70.62,74.5,88.68,100.32,113.5,69.2,97.33
"98","21PU-0293",103.79,116.51,70.97,82.44,89.4,104.35,115.67,66.16,95.87
"99","21PU-0294",103.83,117.65,71.8,80.89,90.73,107.06,117.28,68.11,100.64
"100","21PU-0298",99.73,107.69,68.05,77.38,86.81,97.75,105.86,63.8,93.04
"101","21PU-0344",100.58,117.51,70.57,74.64,88.08,108.04,117.88,67.6,95.67
"102","21PU-0467",103.87,114.8,70.24,78.48,88.54,108.86,106.61,66.07,94.91
"103","21PU-0502",99.91,114.01,69.54,69.74,87.35,100.94,113.67,67.59,94.91
"104","21PU-0507",101.77,114.84,70.84,76.78,89.84,104.48,114.23,68.43,101.41
"105","21PU-0524",96.65,111.09,67.98,76.74,85.18,91.34,110.78,65.57,89.23
"106","21PU-0532",96.66,108.33,67.21,78,84.69,90.06,108.8,63.88,90.93
"107","21PU-0561",100.67,114.28,69.79,75.34,87.79,101.74,114.81,67.81,96.43
"108","21PU-0645",99.25,113.03,69.2,74.29,87.02,97.42,110.81,66.97,95.21
"109","21PU-0648",99.82,111.42,69.08,83.11,87.46,99.31,109.6,66.08,94.98
"110","21PU-0673",98.24,112.36,68.79,81.02,86.42,97.05,115.42,65.62,91.97
"111","21PU-0674",99.01,110.83,68.94,75.24,87.4,98.59,108.55,65.72,94.74
"112","2201",100.26,114.61,69.49,74.49,86.97,98.07,114.08,71.62,93.6
"113","2202",106.69,120.93,73.95,81.7,94.02,110.38,119.26,71.9,108.87
"114","2203",104.72,121.65,73.65,82.39,93.07,111.53,121.7,73.7,105.09
"115","2204",103.73,115.34,71.04,75.71,90.07,100.43,115.53,69.57,100.02
"116","2205",100.2,114.54,69.25,70.09,86.49,100.3,111.41,70.86,91.89
"117","2206",102.15,114.17,70.02,78.95,88.32,103.05,114.64,67.18,95.75
"118","2207",105,120.45,72.25,72.25,90.51,103.17,120.53,75.28,100.86
"119","2208",104.79,115.93,71.74,80.2,91.34,101.76,123.87,72.86,100.04
"120","2209",103.76,115.26,70.8,74.61,89.56,104.15,114.78,69.46,98.29
"121","2210",101.61,115.74,71.34,72.69,90.55,104.94,116.14,70.8,102.47
"122","2211",103.59,116.34,71.36,80.58,90.33,98.29,118.75,67.13,98.5
"123","2212",101.67,109.81,68.46,41.52,86.8,104.64,113.03,63.02,93.8
"124","2213",99.5,111.44,69.08,82.52,87.44,101.71,113.56,71.04,94.62
"125","2214",99.51,105.28,68.59,86.61,89.03,96.84,107.56,62.69,98.95
"126","2215",102.28,115.95,71.39,77.47,90.56,104.97,115.24,69.18,102.13
"127","2216",100.95,113.09,68.85,80.79,86.23,101.67,109.23,66.89,90.59
"128","2217",101.85,114.08,70.16,69.77,88.67,103.43,112.63,67.82,96.66
"129","2218",99.7,106.38,66.67,66.98,84.34,98.02,99.45,62.68,87.27
"130","2219",100.17,113.43,68.36,76.88,85,101.94,116.06,66.92,85.26
"131","2220",98.51,109.1,67.81,66.49,85.67,94.52,111.67,64.47,93.62
"132","2221",105.04,118.38,72.31,88.89,91.53,108.12,116.34,70.75,102.53
"133","2222",97.35,110,66.18,62.98,81.7,91.28,107.8,64.44,80.95
"134","2223",102.5,111.15,68.6,63.1,86.51,96.25,109.74,65.79,90.68
"135","2224",98.86,110.55,66.56,74.62,82.31,97.42,112.16,64.85,77.4
"136","2225",102.17,117.7,71.09,86.72,89.14,103.53,116.95,70.01,97.5
"137","2226",100.96,114.77,69.96,63.93,87.95,104.95,114.15,68.12,96.27
"138","2227",103.83,117.62,70.65,71.73,88.21,98.35,115.34,69.84,95.52
"139","2228",97.71,105.35,66.54,74.15,84.5,95.41,104.75,62.1,87.51
"140","2229",99.97,110.1,68.18,61.74,86.05,94.28,105.92,65.11,92.88
"141","2230",104.9,118.77,71.37,68.7,89.3,98.35,119.67,70.66,97.69
"142","2231",102.1,112.32,68.53,40.58,85.85,99.28,104.26,66.39,93.06
"143","2232",98.4,111.17,68.21,50.58,85.66,96.77,110.06,65.68,93.6
"144","2233",100.61,111.83,66.95,52.29,82.6,80.66,109.02,65.64,85.42
"145","2234",100.05,114.9,69.26,67.12,86.34,96.22,116.41,67.98,93.58
"146","2235",99.23,111.76,68.41,63.93,85.84,92.21,105.96,66.06,92.86
"147","2236",103.81,118.34,71.72,74.38,90.25,98.79,117.71,70.54,101.63
"148","2237",103.36,120.86,72.15,84.82,90.12,95.41,120.77,72.01,100.74
"149","2238",105.35,117.3,72.05,70.25,91.44,98.84,114.71,70.1,103.3
"150","2239",100.09,110.74,69.94,84.59,89.65,103.93,111.97,65.99,101.52
"151","2240",104.82,115.44,70.67,79.63,89.21,96.17,106.92,68.69,99.23
"152","2241",103.92,116.28,70.4,77.94,88.25,100.06,115.11,69.06,93.88
"153","2242",99.13,112.45,68.95,71.47,86.72,93.7,106.96,66.58,94.31
"154","2243",98.03,107.08,67.02,85.57,84.81,97.03,102.07,63.16,86.75
"155","2244",107.78,120.1,72.43,77.94,91.05,104.42,122.76,71.69,100.71
"156","2245",97.91,114.14,68.12,52.49,84.18,89.16,115.77,67.22,90.74
"157","2246",105.5,116.94,71.12,80.75,89.55,108.15,111.38,69.62,98.54
"158","2247",99.85,113.19,68.37,57.44,85.12,97.87,107.63,66.8,89.36
"159","2248",103.39,113.63,69.68,64.65,87.81,100.93,110.91,67.43,93.7
"160","2249",102.29,116.31,70.49,79.11,88.44,102.51,115.1,69.1,95.87
"161","2250",100.75,115.99,69.98,65.12,87.44,98.97,113.59,68.77,95
"162","2251",100.23,112.93,69.28,59.06,87.25,97,111.27,66.94,94.79
"163","2252",100.24,112.14,69.1,80.02,87.18,93.98,109.38,66.47,94.5
"164","2253",97.09,107.89,66.94,67.59,84.29,96.2,108.52,63.56,87.42
"165","2254",99.44,109.75,68.78,77.14,87.51,98.33,111.91,65.1,96.12
"166","2255",101.92,114.07,70.2,75.16,88.77,103.14,116.86,67.83,94.4
"167","2256",99.42,111.32,68.42,60.61,86.05,96.67,109.14,65.83,93.06
"168","2257",100.8,110.92,68.94,72.51,87.36,100.2,112.5,65.78,95.34
"169","2258",98.98,113.47,68.41,59.72,85.11,89.72,111.38,66.96,93.71
"170","2259",98.18,110.36,67.62,51.58,84.71,95.34,103.07,65.07,90.79
"171","2260",99.33,113.65,68.96,73.14,86.23,97.11,108.01,67.22,94.75
"172","2261",104.5,114.5,70.96,79.46,90.24,102.9,111.01,68.29,100.84
"173","2262",103.19,115.37,71.5,79.41,91.06,102.84,110.91,68.91,103.52
"174","2263",105.19,121.23,71.69,72.24,88.95,92.77,119.18,72.06,95.96
"175","22PU-1001",103.21,115.14,69.98,73.07,87.81,101.93,106.57,68.32,95.6
"176","22PU-1002",99.18,111.14,67.95,62.99,85.1,99.23,107.37,65.59,91.59
"177","22PU-1020",100.73,113.74,69.22,76.08,86.77,98.12,110.29,67.35,93.77
"178","22PU-1022",88.92,99.25,61.91,58.68,76.99,86.82,93.29,57.46,74.38
"179","22PU-1033",93.5,108.06,65.86,64.28,81.85,92.55,102.93,63.32,85.33
"180","22PU-1075",91.58,96.63,62.48,66.1,79.37,88.52,90.23,56.25,80.55
"181","22PU-1076",90.37,97.08,61.79,62.44,77.65,82.69,97.39,56.25,74.87
"182","22PU-1122",96.19,105.62,64.88,53.55,80.74,91.21,100.41,61.73,81.13
"183","22PU-1182",96.24,104.4,66.8,69.99,85.48,96.13,102.58,61.68,96.64
"184","22PU-1188",84.31,88.66,58.53,60.88,74.14,89.75,78.72,50.83,68.51
"185","22PU-1227",95.86,108.36,67.11,66.99,84.46,100.47,105.86,63.86,89.42
"186","22PU-1385",94.92,106.93,65.89,63.88,82.39,92.21,100.31,62.73,86.53
"187","22PU-3012",91.33,95.85,61.24,50.88,76.99,84.82,85.05,55.45,75.19
"188","22PU-3027",100.58,109.54,67.77,68.43,85.4,93.41,105.88,64.69,89.42
"189","22PU-3048",91.29,99.27,61.93,61.6,77.02,84.87,91.77,57.48,73.44
"190","22PU-3054",96.41,111.46,66.1,72.16,80.89,85.88,110.16,62.06,82.37
"191","22PU-3055",94.09,105.99,65.97,69.64,82.98,93.6,102.13,62.26,86.95
"192","22PU-3057",94.74,107.54,65.09,68.55,80.38,82.81,103.05,62.56,82.32
"193","22PU-3070",94.18,105.17,64.83,56.02,80.83,91.28,100.14,61.48,83.03
"194","22PU-3071",100.32,118.03,70.41,76.08,87.51,100.41,110.39,77.86,96.72
"195","22PU-3081",100.53,113.93,68.8,56.42,85.76,101.36,113.53,67.32,91.33
"196","22PU-3086",95.31,106.32,64.68,53.48,80.01,92.23,102.96,62.04,78
"197","22PU-3107",97.42,108.23,66.81,75.79,83.86,87.78,105.3,62.6,87.4
"198","22PU-3108",101.06,110.58,68.29,82.88,86.09,91.12,108.31,65.4,91.22
"199","22PU-3109",97.11,106.81,65.99,77.28,82.66,89.68,99.77,62.7,85.74
"200","22PU-3110",99.33,111.25,67.58,75.82,84.23,93.99,107.26,65.53,87.63
"201","22PU-3112",96.2,107.18,66.3,70.28,83.19,88.56,105.86,62.99,88.2
"202","22PU-3117",93.57,103,65.06,67.13,82.28,90.14,97.41,60.4,86.97
"203","22PU-3123",95.85,109.37,67.28,61.61,84.38,95.72,111.04,66.29,91.06
"204","22PU-3152",97.34,106.33,66.03,66.92,82.97,97.16,102.87,62.46,84.26
"205","22PU-3153",93.99,106.18,64.12,54.62,78.84,85.66,98.93,61.8,78.3
"206","22PU-3157",101.54,115.9,69.55,73.62,86.54,102.69,114.64,68.59,91.12
"207","22PU-3166",91.45,101.15,62.77,55.64,78.05,88.06,95.37,58.73,76.38
"208","22PU-3248",101.5,114.1,68.61,78.21,85.26,94.94,108.36,67.86,87.6
"209","22PU-3251",90.3,95.65,60.77,56.69,76.04,84.35,82.22,55.21,73.26
"210","22PU-3262",97.25,108.09,66.51,69.67,83.26,92.55,101.01,63.52,87.58
"211","22PU-3304",95.12,104.38,65.89,68.29,83.5,86.05,96.23,61.39,90.01
"212","22PU-3425",92.87,104.45,64.53,66.02,80.48,90.86,99.38,61.01,83.24
"213","22PU-3447",97.4,110.07,67.3,72.38,84.13,96.07,108.81,64.82,87.58
"214","22PU-3451",97.55,105.78,65.81,69.27,82.71,91.24,102.27,61.15,84.24
"215","22PU-3456",97.39,108.46,66.68,69.81,83.46,94.28,104.27,63.78,87.13
"216","22PU-3473",94.67,103.89,66.24,78.68,84.48,98.09,96.79,61.23,91.61
"217","25R76",100.94,114.38,69.61,75.19,87.34,95.22,110.23,67.81,95.29
"218","AG0762",99.75,111.75,68.64,71.18,86.35,97.55,108.56,67.13,92.9
"219","AgriMAXX505",104.92,120.49,73.13,84.39,92.41,104.43,122.79,71.77,105.11
"220","B120",98.68,109.45,67.77,70.18,85.43,96.42,106.27,63.91,91.23
"221","B125",101.36,115.22,69.96,72.69,87.73,99.24,112.01,71.99,95.42
"222","B726",99.26,110.71,68.25,70.73,85.93,97.03,107.51,65.67,92.14
"223","FILL",98.41,109.48,67.56,69.59,84.95,93.3,105.97,64.59,90.38
"224","Hilliard",104.54,116.5,70.67,73.87,88.76,100.41,113.61,70.37,97.25
"225","MI16R0720",103.63,120.12,71.37,61.54,88.72,107.81,117.4,74.81,96.37
"226","MI17R0357",103.38,115.34,69.56,68.86,86.82,94.78,112.52,64.99,92.37
"227","NY11014-9-25-1319",101.01,110.41,69.42,77.01,88.63,97.23,108.2,63.65,97.68
"228","NY12006-2-1-7",97.51,107.54,68.24,73.65,87.29,94.07,105.92,61.75,95.93
"229","NY12007-2-4-13-1381",98.16,110.15,68.37,73.38,86.45,99.81,107.53,65.47,93.71
"230","NY12300-1-6-07-1436",99.04,105.28,67.55,76.79,86.75,101.35,103.72,58.04,96.02
"231","NY12302-2-14-01-1441",102.35,106.52,68.45,75.86,88.19,96.45,99.85,63.21,97.43
"232","NY12302-2-14-08-1442",101.7,107.33,69.16,78.39,89.39,98.53,105.91,65.4,101.34
"233","NY12308-1-18-09-1449",98.35,110.73,67.92,67.75,85.21,92.22,106.63,67.48,92.85
"234","NY12311-1-30-10-1452",102.83,114.84,70.69,81.87,89.52,101.23,109.04,69.43,96.74
"235","NY12325-1-10-12-1476",103.33,117.57,71.85,82.42,90.88,99.54,112.85,71.66,103.88
"236","NY12325-1-10-18-1477",104.05,116.12,71.86,88.98,91.53,97.05,118.44,70.4,102.93
"237","NY12351-1-14-20-1484",103.74,116.49,71.43,58.07,90.42,103.74,114.91,67.24,102.79
"238","NY12397-1-4-13",100.2,110.98,68.58,72.89,86.55,92.35,107.19,64.23,93.68
"239","NY12398-2-16-07-03W-1580",94.5,106.26,65.4,76.15,81.61,82.28,104.82,61.45,82.9
"240","NY12457-1-8-02",97.81,103.56,66.08,63.76,84.28,88.02,102.83,59.37,89.68
"241","NY12508-1-7-15-1536",99.67,109.66,68.67,68.05,87.32,98.24,108.84,62.04,97.64
"242","NY12512-1-6-05-1542",99.47,109.57,68.9,77.17,87.86,91.67,106.02,66.94,98.56
"243","NY15116-01-06-01-1804",101.06,112.41,68.48,81.62,85.71,94.05,108.93,66.17,91.94
"244","NY15150-01-01-12-1870",108.81,117.51,73.43,85.74,94.36,103.65,124.27,65.53,107.94
"245","NY15158-01-01-10-1873",102.76,117.63,70.83,60.94,88.61,108.35,112.92,70.66,98.35
"246","NY99056-161-O",99.26,103.16,65.91,49.53,84.07,98.61,101.32,51.89,89.2
"247","OH13-88-61",104.92,115.59,71.91,87.62,91.87,102.11,109.92,68.85,104.9
"248","OH15-191-52",103.61,116.21,70.82,65.41,89.2,95.98,110.64,72.12,100.41
"249","OH18-46-89",102.4,113.93,70.19,70.29,88.81,108.92,110.78,70.29,96.06
"250","OH18-65-13",101.71,116.58,70.24,61.05,87.78,91.3,116.89,67.64,95.33
"251","OH18-65-54",102.9,117.48,70.89,61.9,88.81,98.24,115.75,71.36,100.37
"252","OH18-78-33",103.68,113.54,70.7,77.83,90.08,101.69,114.31,64.95,99.83
"253","OH18*104-99",98.01,108.33,66.18,55.41,82.43,98.92,95.32,66.22,82.49
"254","OH18*105-13",95.42,103.6,65.05,47.76,82,96.04,90.96,60,86.75
"255","OH18*48-106",100.59,114.34,70.61,77.97,89.54,105.31,114.66,68.09,97.96
"256","OH19-129-17",102.42,116.16,71.19,71.92,90.05,97.12,110.68,69.92,103.34
"257","OH19-135-38",100.54,112.4,68.87,69.45,86.57,97.8,103.58,67.58,93.86
"258","OH19-145-14",98.42,112.56,68.52,54.59,85.74,107.47,110.67,62.85,92.37
"259","OH19-161-70",102.39,115.72,70.71,62.48,89.17,101.57,112.01,71.59,99.58
"260","OH19-167-5",102.65,118.03,70.94,67.25,88.68,104.58,115.01,72.97,99
"261","OH19-46-83",99.99,112.06,68.92,66.77,86.83,104.02,110.91,66.83,95.82
"262","OH19-62-43",95.97,106.9,66.27,68.41,83.23,92.26,107.03,62.83,86.78
"263","OH19-71-5",104.4,113.31,70.57,77.83,89.91,102.17,110.58,68.31,99.34
"264","OH19*101-1",96.87,113.08,68,66.56,84.36,89.9,110.92,65.76,91.89
"265","OH19*102-76",102.48,118.83,71.03,64.56,88.54,96.32,116.04,70.95,98.68
"266","OH19*103-77",95.33,108.61,66.53,63.43,83.07,103.26,107.77,64.85,85.5
"267","OH19*138-14",97.72,110.78,68.62,81.89,86.72,103.07,105.47,65.6,94.17
"268","OH20-1-110",100.58,110.57,68.53,68.37,86.62,94.63,107.68,65.47,94.97
"269","OH20-1-12",100.42,110.15,68.06,70.37,85.76,93.93,105.86,65.1,92.39
"270","OH20-1-98",97.86,109.6,67.06,68.66,83.81,99.53,110.78,64.5,84.14
"271","OH20-110-17",97.52,106.83,67.04,61.18,84.96,94.86,107.56,63.03,90.84
"272","OH20-16-18",97.83,108.86,67.74,69.62,85.62,101.28,108.54,64.32,92.74
"273","OH20-16-3",97.63,111.42,67.82,50.24,84.69,95.77,107.24,65.7,90.45
"274","OH20-17-110",98.56,111.29,69.47,70.87,88.36,98.74,110.1,66.13,98.83
"275","OH20-17-3",100.67,111.28,69.89,83.48,89.29,100.79,108.33,66.25,100.81
"276","OH20-17-42",101.28,110.86,69.44,65.33,88.47,103.87,106.12,65.9,97.91
"277","OH20-17-66",100.59,116.11,70.33,71.4,88.17,103.07,110.29,68.94,98.16
"278","OH20-18-51",103.43,116.95,70.92,61.46,89.1,102.44,115.08,69.56,99.04
"279","OH20-21-15",104.68,115.04,70.45,80.08,88.89,102.41,117.55,68.42,94.84
"280","OH20-22-43",98.97,107.55,67.99,72.36,86.74,91.73,105.46,63.71,94.85
"281","OH20-22-66",101.73,112.85,68.6,80.12,85.79,96.07,103.55,66.69,89.36
"282","OH20-23-86",100.67,112.92,68.82,68.24,86.23,100.33,108.14,66.79,90.97
"283","OH20-3-5",97.79,107.29,67.36,64.56,85.47,96.31,104.7,63.37,94.25
"284","OH20-36-108",94.28,104.26,65.69,64.35,83.12,93.62,100.94,61.26,88.28
"285","OH20-36-80",104.34,119.82,71.59,68.44,89.32,98.21,118.47,71.29,97.99
"286","OH20-8-108",102.51,115.54,70.68,70.54,89.19,102.82,111.59,68.75,99.17
"287","OH20-8-28",99.17,104.68,67.51,71.4,86.91,93.14,99.18,62.04,95.45
"288","OH20-94-25",96.6,107.13,66.6,55.97,83.87,98.74,106.08,63.06,88.54
"289","OH20-96-116",103.29,115.32,70.51,71.92,88.9,100.48,112.83,68.58,99.58
"290","OH20-96-99",101.49,114.18,70.09,80.09,88.47,98.11,109.38,67.85,98.97
"291","OH20-98-32",98.34,114.22,68.19,55.76,84.3,100.84,109.16,67.29,88.67
"292","OH20*13-104",99.46,108.55,67.83,88.28,85.94,102.37,106.47,64.18,89.34
"293","OH20*24-51",98.83,110.38,67.69,69.92,84.85,93.73,102.83,65.1,91
"294","OH20*28-21",96.27,105.26,65.61,68.48,82.5,93.04,101.28,61.76,83.52
"295","OH20*4-84",99.36,111.38,68.66,62.15,86.54,105.9,110.8,65.93,92.79
"296","OH20*44-72",98.9,110.02,68.41,75.29,86.6,95.96,106.32,65.14,92.69
"297","OH20*46-96",100.14,113.04,68.57,50.37,85.63,105.18,108.64,66.78,93.6
"298","OH20*49-18",94.78,101.19,64.72,65.11,82.31,89.38,97.1,59.34,88.34
"299","OH20*92-110",96.19,107.73,66.49,70.35,83.37,94.01,106.24,63.34,86.14
"300","OH20*92-43",94.62,104.5,66.14,78.67,83.99,99.02,102.57,61.53,87.13
"301","Pio 25R40",103.53,119.88,72.59,88.58,91.49,105.07,120.59,66.55,100.66
"302","Pio 25R74",102.19,115.11,71.06,84.51,90.21,103.45,115.45,66.78,100.41
"303","SC13S26",100.04,110.17,68.86,72.67,87.5,98.65,108.13,65.42,95.69
"304","SY 100",107.34,118.95,72.44,77.18,91.57,103.54,117.24,71.09,102.28
"305","SY100",106.19,123.6,73.88,89.2,92.71,103.51,120.99,75.39,104.89
"306","X14-1008-92-13-3",101.89,110.47,69.88,82.39,89.62,105.67,107.63,65.83,98.77
"307","X14-1027-131-19-5",99.25,108.52,68.81,84.84,88.11,97.81,104.46,64.47,98.13
"308","X14-1031-103-4-1",103.45,116.69,70.82,73.42,89,105.32,108.28,69.4,98.89
"309","X14-1031-104-7-3",100.23,108.57,68.39,80.82,87.17,101,108.29,64.36,95.37
"310","X14-1107-95-18-5",103.04,116.52,70.21,81.05,87.74,101.63,110.02,69.12,94.05
"311","X14-1107-95-19-5",99.02,107,68.38,77.47,87.84,107.46,105.84,63.53,96.42
"312","X14-1110-80-12-1",100.96,109.12,68.58,70.14,87.35,102.88,103.97,64.71,96.17
"313","X14-1147-137-4-1",98.32,112.79,68.59,73.89,85.8,96.61,111.9,66.66,93.8
"314","X14-1147-158-14-5",98.83,107.53,66.71,80.48,83.93,94.69,100,63.3,86.79
"315","X14-1205-147-13-5",101.45,109.22,68.95,64.83,88.11,85.3,107.32,64.88,99.52
"316","X14-1205-147-16-1",100.26,109.55,68.91,58.34,87.9,98.15,105.56,65.04,98.01
"317","X14-1206-52-2-1",97.42,112.82,68.7,67.97,86.02,94.54,107.7,66.7,93.46
"318","X14-1209-140-12-1",97.35,108.12,67.59,71.76,85.61,97.52,102.86,63.88,93.81
"319","X14-1209-141-18-3",99.52,111.72,69.05,77.84,87.27,97.5,110.08,66.23,96.04
"320","X14-1217-49-11-1",98.19,109.06,68.25,73.01,86.66,94.84,100.63,64.58,95.33
"321","X14-1305-15-7-3",99.55,108.79,67.83,70.39,85.84,97.06,107.48,64.31,91.59
"322","X15-1004-16-4-5-1",98.38,108.04,68.72,81.2,88.11,99.12,112.85,64.19,97.13
"323","X15-1004-24-1-1-7",104.85,115.31,72.01,82.49,92.2,104.08,114.81,69.04,104.57
"324","X15-1073-34-20-5-7",93.98,102.19,65.17,73.08,82.85,94.42,98.95,60.01,85.87
"325","X15-1073-35-7-1-1",92.09,98.72,63,54.03,79.61,91.97,94.07,57.51,81.89
"326","X15-1073-36-20-3-4",93.95,103.45,65.59,57.23,83.25,99.35,97.86,60.8,88.14
"327","X15-1073-37-1-1-1",100.17,111.3,68.97,72.92,87.26,99.55,109.08,65.98,96.09
"328","X15-1079-130-7-5",95.51,104.42,66.76,68.06,85.38,95.72,98.41,61.68,94.8
"329","X15-1085-56-15-3-10",96.58,104.08,66.47,66.35,84.89,98.38,100.44,61.41,92.6
"330","X15-1085-56-15-3-11",97.05,105.3,66.69,73.83,84.86,94.5,101.04,62.12,90.1
"331","X15-1085-56-15-3-8",98.93,111.37,68.86,75.42,86.99,96.94,106.13,65.99,94.88
"332","X15-1085-57-3-5-13",100.01,107.34,67.72,67.3,86.24,102.05,106.71,63.51,92.2
"333","X15-1091-49-2-3",98.4,110.4,68.13,75.41,85.82,96.17,111.93,65.25,91.21
"334","X15-1091-98-18-3",101.91,112.96,70.27,74.39,89.41,107.13,109.42,67.26,101.1
"335","X15-1118-27-1-3",97.76,108.5,67.29,74.27,84.79,97.13,105.08,63.99,90.1
"336","X15-1141-5-20-1-4",94.8,100.9,65.25,73.33,83.6,96.15,99.61,59.36,89.06
"337","X15-1141-53-1-5-10",101.2,109.69,69.2,66.2,88.47,100.62,112.73,65.21,97.51
"338","X15-1141-53-2-5-2",100.48,112.64,70.03,72.88,89.01,101.62,109.2,67.02,99.66
"339","X16-1002-4-3-3-1",102.58,114.78,70.81,79.64,89.8,102.73,110.29,68.38,100.88
"340","X16-1007-30-19-5-1",99.53,106.64,67.01,68.75,84.97,105.43,95.2,62.92,89.58
"341","X16-1008-42-10-3-1",99.64,109.01,67.98,66.98,86.08,94.67,105,64.47,95.08
"342","X16-1016-35-3-1-1",98.59,112.55,69,73.46,86.78,99.1,107.14,66.65,95.87
"343","X16-1016-36-11-3-1",98.06,110.27,67.77,81.84,85.09,92.15,104.48,65.07,90.01
"344","X16-1021-13-17-5-10",100.04,107.6,67.99,68.28,86.73,97.37,99.16,63.73,96.11
"345","X16-1021-131-19-1-1",100.71,113.46,69.83,76.19,88.23,101.3,115.97,67.39,96.57
"346","X16-1021-84-8-5-1",98.67,108.33,67.92,74.02,86.25,98.74,108.23,64.1,92.93
"347","X16-1023-25-11-1-1",98.72,110.62,67.17,73.8,83.6,94.69,108.31,65.08,82.91
"348","X16-1023-26-15-1-6",98.38,112.83,69.15,78.87,87,97.02,107.12,66.85,94.19
"349","X16-1023-26-16-1-10",97.26,110.26,67.33,71.85,84.11,97.63,111.53,64.93,87.67
"350","X16-1023-26-16-1-4",99.04,110.08,68.02,67.25,85.71,96.75,109.78,65.05,92.5
"351","X16-1023-26-19-1-8",98.73,111.75,68.98,84.95,87.1,103.61,107.86,66.23,93.56
"352","X16-1023-86-4-5-1",98.51,109.92,68.35,73.16,86.5,97.79,110.35,65.07,93.9
"353","X16-1026-45-1-5-10",98.66,112.46,69.52,78.37,87.96,100.51,113.05,66.76,95.44
"354","X16-1030-123-17-1-1",100.16,108.11,68.45,75.77,87.5,94.92,104.04,64.14,96.64
"355","X16-1042-128-13-5-1",98.79,109.73,67.44,67.56,84.59,89.8,103.54,64.69,90.48
"356","X16-1047-72-18-5-1",99.89,107.28,67.66,72.26,86.13,96.64,103.33,63.46,94.08
"357","X16-1067-132-1-1-1",93.94,104.69,64.28,62.49,79.84,87.37,94.99,61.06,79.67
"358","X16-1067-134-8-5-1",96.2,104.88,66.25,69.68,84.07,92.86,103.28,61.76,90.88
"359","X16-1068-33-3-5-4",102.1,114.06,69.27,78.14,86.74,100.6,108.87,67.54,90.98
"360","X16-1077-48-9-3-1",90.35,99.69,63.79,67.23,80.93,93.21,92.4,58.26,84.64
"361","X16-1079-65-13-5-1",101.57,107.21,69.68,80.41,90.59,107.26,100.9,64.04,104.48
"362","X16-1079-73-15-3-2",98.41,106.01,66.71,77.38,84.58,92.56,97.67,62.5,89.24
"363","X16-1081-22-11-3-13",94.31,100.38,63.61,63.94,80.22,86.52,87.19,58.57,83.93
"364","X16-1088-99-14-1-4",100.14,110.88,68.51,67.6,86.44,99.28,103.51,65.62,93.98
"365","X16-1092-7-6-5-1",93.54,101.63,65.25,71.82,83.29,96.44,93.45,59.74,87.65
"366","X16-3013-1-12-5",98.14,108.23,67.4,72.28,85.14,100,108.69,63.88,90
