"","germplasmName","Grain.moisture.content._Big6_Fre_23","Grain.moisture.content._Big6_Laf_23","Grain.moisture.content._Big6_Mas_23","Grain.moisture.content._Big6_Urb_23","Grain.moisture.content._Big6_Vin_23","Grain.moisture.content._Big6_Woo_23","Grain.test.weight...lbs.bu_Big6_Fre_23","Grain.test.weight...lbs.bu_Big6_Laf_23","Grain.test.weight...lbs.bu_Big6_Mas_23","Grain.test.weight...lbs.bu_Big6_Prn_23","Grain.test.weight...lbs.bu_Big6_Urb_23","Grain.test.weight...lbs.bu_Big6_Vin_23","Grain.test.weight...lbs.bu_Big6_Woo_23","Grain.yield...bu.ac_Big6_Fre_23","Grain.yield...bu.ac_Big6_Laf_23","Grain.yield...bu.ac_Big6_Mas_23","Grain.yield...bu.ac_Big6_Prn_23","Grain.yield...bu.ac_Big6_Urb_23","Grain.yield...bu.ac_Big6_Vin_23","Grain.yield...bu.ac_Big6_Woo_23","Heading.time...Julian.date_Big6_Laf_23","Heading.time...Julian.date_Big6_Mas_23","Heading.time...Julian.date_Big6_Prn_23","Heading.time...Julian.date_Big6_Scb_23","Heading.time...Julian.date_Big6_Urb_23","Heading.time...Julian.date_Big6_Vin_23","Heading.time...Julian.date_Big6_Woo_23","Plant.height.inches_Big6_Mas_23","Plant.height.inches_Big6_Prn_23","Plant.height.inches_Big6_Urb_23","Plant.height.inches_Big6_Woo_23"
"1","07-19334",13.68,18.19,14.2,14.48,NA,13.12,56.54,53.47,61.54,58.23,61.56,NA,59.74,107.9,76.76,93.95,111.68,120.48,NA,90.27,136.7,151.41,116.44,138.89,134.77,NA,141.65,37.35,42.73,41.07,38.93
"2","12-26004",12.86,17.03,13.1,12.88,NA,12.32,58.55,52.27,60.28,46.76,59.25,NA,58.44,91.14,68.56,82.66,84.38,84.51,NA,68.6,131.19,147.98,110.33,131.9,129.13,NA,131.77,33.54,36.85,38.26,35.8
"3","16-8048",13.69,17.88,13.31,14.78,NA,12.66,56.84,52.43,62.1,52.18,61.17,NA,59.91,121.97,79.42,92.13,107.49,117.75,NA,108.37,134.57,150.05,114.3,135.53,133.17,NA,136.52,35.55,39.5,38.86,35.2
"4","18-23760",13.27,18.42,14.41,13.97,NA,13.32,56.29,55.23,62.68,50.46,61.68,NA,58.55,117.25,83.31,83.5,78.43,105.32,NA,92.01,134.96,151.17,116.02,137.56,134.31,NA,139.3,37.48,38.41,41.26,40
"5","18-28931",12.89,17.18,13.51,12.92,NA,12.4,56.78,52.18,59.96,54.06,59.2,NA,52.85,112.76,63,89.23,99.53,103.78,NA,92.52,136.24,151.1,113.53,138.38,132.29,NA,136.53,34.49,36.9,36.41,34.44
"6","19-10123",12.64,18.31,13.48,13.64,NA,12.26,56.21,52.13,61.41,52.8,60.92,NA,58.06,93.43,70.42,89.16,94.46,94.03,NA,82.83,131.34,148.9,112.77,133.92,129.08,NA,134.69,36.81,38.3,38.89,37.05
"7","19-12926",13.07,17.14,14.19,14.71,NA,12.97,58.76,52.82,61.78,56.78,63.05,NA,56.8,109.83,63.83,87.16,81.23,94.38,NA,69.61,131.6,149.18,113.18,132.17,130.08,NA,135.44,37.4,39.3,43.93,35.89
"8","19-13414",12.97,18.11,13.25,13.96,NA,12.98,58.91,54.28,61.14,56.7,62.84,NA,56.11,106.93,84.79,81.9,95.31,116.78,NA,85.24,134.21,150.57,115.85,135.13,134.46,NA,136.69,37.54,38.07,41.67,36.63
"9","19-13451",13.1,18.89,14.5,14.53,NA,13.12,59.62,52.06,59.83,53.66,61.56,NA,54.86,115.66,42.72,63.38,94.99,107.92,NA,62.81,132.96,149.97,115.74,135.21,131.76,NA,135.86,37.7,41.34,40.34,36.21
"10","19-13713",13.67,18.22,14.1,14.25,NA,12.81,57.29,51.38,61.85,57.41,62.14,NA,56.7,102.96,55.93,85.79,107.51,101.24,NA,90.01,131.43,148.69,111.91,133.85,132.42,NA,134.64,39.43,40.11,4339.43,36.86
"11","19-13978",13.09,17.84,13.53,15.01,NA,12.59,59.58,55.87,62.35,59.53,63.32,NA,59,95.95,69.38,86.65,83.98,92.53,NA,75.54,131.17,146.72,106.43,132.47,129.48,NA,131.81,36.07,39.33,38.66,35.71
"12","19-14617",12.65,18.1,13.49,13.62,NA,12.75,58.35,52.69,60.6,53.81,61.53,NA,55.08,100.64,62.11,95.37,74.32,106.81,NA,82.02,131.28,147.83,110.28,132.89,128.09,NA,133.2,36.4,35.94,40.46,35.4
"13","19-14845",12.84,17.44,13.75,12.63,NA,12.46,57.39,51.84,60.84,54.49,58.91,NA,57.76,100.32,65.77,84.42,87.79,101.04,NA,95.83,130.96,148.27,112.49,132.62,129.67,NA,132.75,33.63,38.4,41.3,37.53
"14","19-14933",12.96,18.28,13.77,13.37,NA,12.47,58.09,53.15,62.44,53.62,60.69,NA,57.17,101.67,69.74,83.11,80.71,93.45,NA,78.37,130.91,148.56,111.08,133.73,130.24,NA,131.5,38.44,37.19,44.18,38.09
"15","19-15017",12.51,16.88,13.48,12.57,NA,12.14,58.52,53.33,61.38,55.64,59.58,NA,55.57,109.86,68.99,79.8,92.08,84.65,NA,77.58,130.24,148.05,110.61,133.66,128.58,NA,133.29,34.85,39.85,39.98,35.14
"16","19-16176",12.76,17.34,13.65,14.55,NA,12.31,56.9,52.52,62.09,54.18,61.46,NA,57.95,107.07,69.58,88.3,89.02,109.88,NA,79.9,133.41,150.19,113.8,135.7,132.81,NA,134.62,34.26,37.33,38.01,34.77
"17","19-17546",12.41,17.28,13.26,13.5,NA,12.22,56.34,52.92,60.1,56.28,59.31,NA,55.45,89.83,77,79.9,85.98,84.03,NA,97.63,130.98,147.72,116.45,132.92,128.54,NA,130.68,35.87,34.91,40.07,38.59
"18","19-17662",12.58,17.59,13.88,13.45,NA,12.55,57.92,51.98,60.68,50.34,62.11,NA,56.4,103.71,66.52,83.32,78.08,98.33,NA,69.02,133.34,149.4,112.61,136.18,133.49,NA,135.14,37.46,38.48,39.66,36.1
"19","19-18153",12.21,17.52,13.34,13.36,NA,12.65,58.62,50.87,61.92,54.75,61.83,NA,55.98,107.24,61.96,88.57,76.41,110.83,NA,78.59,134.06,150.51,112.06,136.22,133.39,NA,135.69,35.59,38.5,39.7,36.21
"20","19-18156",13.06,18.13,13.49,13.32,NA,12.95,59.37,54.39,62.55,54.09,61.59,NA,58.27,106.99,83.73,91.2,81.84,113.5,NA,86.52,134.46,150.4,118.99,137.36,134.83,NA,138.72,35.72,35.68,38.31,36.03
"21","19-18725",13.21,17.84,13.39,14.72,NA,12.39,58.16,52.65,60.8,55.01,62.06,NA,56.12,115.51,74.33,88.39,93.63,109.76,NA,83.62,133.2,150.04,111.62,134.61,131.96,NA,135.5,33.55,34.42,34.27,34.47
"22","19-18826",12.78,18.01,13.69,14.47,NA,12.45,59.02,52.61,61.62,49.94,62.24,NA,58.04,101.11,70.22,81.86,101.94,93.56,NA,81.68,134.28,149.55,113.41,135.9,131.6,NA,135.91,34.9,37.78,36.78,34.09
"23","19-18837",12.85,17.54,14.2,13.49,NA,12.88,57.54,53.67,61.36,56.7,62.18,NA,57.31,111.26,62.01,74.86,95.03,106.12,NA,62.52,135.11,150.59,116.3,136.13,132.58,NA,138.43,35.43,40.62,41.37,35.16
"24","19-18957",13.44,17.42,13.61,13.99,NA,12.31,57.07,53.87,60.66,49.79,59.66,NA,54.11,137.44,60.95,63.77,40.22,98.71,NA,64.99,131.26,148.12,111.03,133.37,128.11,NA,130.19,35.3,37.93,37.82,31.88
"25","19-19205",12.88,18.45,14.25,14.69,NA,12.97,54.56,53.51,62.26,56.08,62.04,NA,57.49,104.39,64.26,78.39,66.46,100.51,NA,90.96,132.58,149.28,108.52,132.55,131.2,NA,135.44,32.86,32.51,32.68,33.45
"26","19-20348",12.91,18.47,13.6,13.96,NA,12.75,56.19,53.16,61.03,51.92,61.52,NA,58.95,105.64,79.27,86.53,95.14,104.61,NA,95.76,133.64,148.97,112.83,134.66,131.53,NA,136.22,35.3,40.94,39.53,36.55
"27","19-21467",12.78,17.64,13.69,13.58,NA,12.76,56.56,51.74,61.36,51.98,59.59,NA,57.4,118.05,69.69,95.14,82.98,113.72,NA,92.39,134.1,150.87,113.74,138.3,132.34,NA,136.46,40.34,36.34,40.81,36.79
"28","19-21760",12.86,17.88,13.78,13.43,NA,12.58,56.83,52.18,59.45,55.5,60.57,NA,56.53,111.25,63.43,72.32,106.02,111.5,NA,83.64,131.43,149.11,118.26,134.74,132.64,NA,134.4,33.85,37.52,36.17,32.42
"29","19-21848",12.81,19.03,14.08,13.47,NA,12.69,56.88,52.97,61.46,55.33,61.44,NA,57.49,103.51,69.23,80.9,108.35,102.21,NA,79.74,131.55,149.26,112.38,133.72,130.48,NA,133.81,33.21,38.44,37.41,34.37
"30","19-22757",13.23,18.59,13.52,14.01,NA,12.91,60.17,53.75,62.73,53.93,63.21,NA,53.07,105.6,79.82,83.69,96.67,102.5,NA,82.68,130.76,149.66,111.46,132.76,131.08,NA,134.3,36.3,38.14,38.12,36.03
"31","19-23855",13.1,18.48,14.14,14.4,NA,12.86,56.61,52.29,62.59,56.21,61.96,NA,57.31,93.28,68.72,87.99,105.25,99.85,NA,75.71,132.31,149.01,115.14,135.49,131.63,NA,134.3,36.53,42.05,38.4,38.64
"32","19-25469",13.11,17.1,13.21,13.19,NA,12.61,59.15,53.81,61.47,55.49,61.6,NA,60.35,112.42,90.71,81.97,100.17,113.73,NA,84.4,131.05,148.89,111.85,134.52,131.35,NA,132.9,35.34,37.94,41.5,36.93
"33","19-26456",13.39,17.37,13.66,13.19,NA,12.57,57.48,53.05,61.58,55.98,60.6,NA,59.09,109.57,74.56,83.05,71.17,95.19,NA,95.73,132.01,149.18,111.29,136.08,132.2,NA,133.55,35.05,36.39,36,32.88
"34","19-26709",13.08,17.16,13.59,15.79,NA,12.53,57.68,52.12,61.19,53.75,62.22,NA,57.45,99.96,70.4,82.01,82.89,93.77,NA,87.41,130.9,147.16,109.6,132.51,129.17,NA,132.56,34.8,35.19,40.99,35.54
"35","19-27565",13.02,17.2,13.51,14.9,NA,12.59,58.34,54.21,62.24,56.32,62.33,NA,58.05,100.49,69.67,89.06,95.46,106.2,NA,99.4,133.9,150.97,113.7,136.72,131.78,NA,137.67,37.94,39.42,41.69,38.85
"36","19-4151",12.88,18.13,13.59,13.07,NA,12.82,58.13,52.58,61.49,54.08,60.25,NA,57.71,110.54,77.69,81.79,86.32,97,NA,95.87,131.49,150.04,113.31,134.01,131.36,NA,134.2,37.9,38.54,40.19,36.46
"37","19-5122",13.27,18.24,13.95,15.01,NA,12.92,58.71,53.85,62.34,56.97,62.96,NA,58.36,108.29,81.09,86.87,100.47,120.51,NA,93.71,132.81,149.92,113.41,133.67,131.81,NA,135.02,37.18,38.46,39.5,36.77
"38","19-5632",12.42,17.59,13.13,14.33,NA,12.53,58.06,53.31,61.81,56.11,62.23,NA,58.1,104.36,76.52,85.63,105.06,113.36,NA,82.86,132.19,148.94,117,134.68,130.77,NA,136.54,35.09,38.42,37.57,36.57
"39","19-6637",13.49,18.64,13.95,14.6,NA,13.16,58.13,53.77,62.63,54.96,63.44,NA,59.93,128.1,67.36,82.87,105.62,109.29,NA,86.93,136.35,151.17,113.15,137.15,133.98,NA,138.4,34.76,39.92,40.69,36.27
"40","19-6946",13.11,18.2,13.69,12.83,NA,12.69,57.92,52.91,60.58,54.48,61.16,NA,55.86,128.41,84.14,93.98,64.83,106.22,NA,90.38,134.9,149.4,115.45,136.88,132.9,NA,132.48,34.88,37.78,41.61,37.09
"41","2020-10001",13.45,19.52,13.58,14.68,NA,13.09,56.45,53.21,62.83,54.19,62.79,NA,58.49,115.17,60.17,84.41,83.38,95.99,NA,78,133.41,148.92,119.14,136.67,132.85,NA,137.47,35.88,34.5,40.21,32.94
"42","2020-10275",12.49,17.89,14.09,13.51,NA,12.52,56.41,53.51,61.68,NA,60.8,NA,54.55,101.81,60.41,77.84,98.78,94.77,NA,84.59,134.7,148.96,111.5,132.64,131.29,NA,132.83,37.22,40.87,41.92,36.69
"43","2020-10322",12.57,18.57,13.4,12.22,NA,12.6,58.79,52.72,60.37,51.36,59.4,NA,56.68,96.79,75.62,85.7,97.67,101.03,NA,95.43,133.99,148.93,114.2,135.21,132.84,NA,135.37,34.05,38.69,39.8,33.77
"44","2020-10415",12.45,17.5,13.52,14.35,NA,11.72,56.44,51.46,60.03,53.97,59.42,NA,54.92,111.09,64.06,88.86,87.04,109.12,NA,84.78,132.34,148.97,110.3,134.41,128.34,NA,134.3,32.33,33.24,37.66,32.69
"45","2020-10435",12.71,18.02,13.2,13.74,NA,12.75,57.41,52.44,61.13,55.8,60.81,NA,57.03,113.89,58.15,83.15,84.19,102.57,NA,77.83,132.95,148.78,112.32,133.79,132.22,NA,135.74,34.09,34.69,35.74,35.63
"46","2020-10630",13.13,17.95,13.67,12.77,NA,12.95,55.29,53.12,61.8,52.92,60.76,NA,59.02,92.66,77.71,87.69,117.39,106.08,NA,90.86,131.95,148.9,115.72,132.88,131.19,NA,135.05,35.66,38.54,41.08,35.85
"47","2020-11426",12.9,17.2,13.5,13.96,NA,12.54,55.98,50.6,60.96,55.18,60.72,NA,58.41,104.58,64.79,93.19,99.44,102.24,NA,90.78,132.09,149.86,110.41,132.01,131.68,NA,134.34,36.76,41.08,39.91,38.62
"48","2020-12650",13.12,17.94,13.5,12.49,NA,12.43,58.54,53.68,61.84,50.8,61.41,NA,57.3,116.01,57.93,77.97,100.58,112.9,NA,72.48,135.02,150.78,114.42,136.9,132.07,NA,135.49,34,37.37,42.37,36.46
"49","2020-12665",12.66,18.26,13.52,13.12,NA,12.16,58.74,52.64,61.12,55.93,61.9,NA,56.06,103.42,84.82,75.69,97.44,105.34,NA,89.18,132.11,149,111.93,133.45,131.9,NA,135.34,38.34,36.76,38.83,38.17
"50","2020-13902",12.53,17.76,13.36,13.8,NA,12.72,57.76,52.87,60.21,55.41,62.32,NA,58.23,126.13,70.71,78.34,101.39,117.5,NA,78.55,130.78,148.97,108.28,133.71,131.27,NA,133.12,38.83,41.32,44.32,35.93
"51","2020-14116",12.86,17.11,13.98,13.01,NA,12.6,58.67,50.93,59.77,51.89,59.49,NA,52.2,102.74,73.64,89.4,82.2,113.17,NA,88.86,136.36,150.08,111.31,136.51,133.51,NA,135.62,37.03,36.78,38.85,34.93
"52","2020-15256",13.53,18.88,14.04,12.26,NA,12.91,56.66,52.86,62.42,56.82,60.39,NA,57.23,112.85,59.49,97.01,113.96,108.84,NA,97.05,131.05,149.23,115.51,133.8,133.98,NA,134.65,39.12,39.57,40.29,37.33
"53","2020-15726",12.56,19,13.52,13.81,NA,13.33,57.78,52.84,61.51,55.11,61.16,NA,56.36,118.39,69.38,84.83,93.49,132.31,NA,80.6,134.83,150.95,121.2,138.09,133.94,NA,140.67,32.76,37.52,39.45,35.42
"54","2020-16035",12.59,18.11,13.54,13.97,NA,12.19,58.01,52.57,60.97,52.87,61.38,NA,61.41,105.07,84.53,81.88,96.23,101.28,NA,99.05,131.97,148.02,110.49,133.05,129.64,NA,133.5,36.3,40.58,39.52,38.51
"55","2020-16102",12.77,18.88,13.95,13.69,NA,12.51,56.81,53.2,61.83,54.5,61.89,NA,57.28,100.86,73.62,82.1,85.92,93.55,NA,85.1,130.7,149.21,113.28,134.3,130.88,NA,130.83,37.28,37.7,38.38,37.25
"56","2020-2010",13.29,17.94,13.61,12.08,NA,12.38,57.99,52.36,61.15,52.6,58.07,NA,58.14,101.35,78.65,87.32,105.92,74.96,NA,85.5,130.55,148.82,111.57,135.02,129.24,NA,133.56,36.06,38.53,38.09,32.45
"57","2020-2101",12.91,17.63,13.49,14.41,NA,11.97,56.22,53.1,60.31,46.65,59.63,NA,56.83,101.41,69.57,78.47,70.72,80.22,NA,82.74,131.22,147.7,110.9,130.32,128.49,NA,130.63,34.68,32.91,36.29,34.66
"58","2020-2334",12.73,17.13,13.68,15.33,NA,11.37,56.92,52.09,59.6,56.1,60.76,NA,53.94,107.8,69.55,84.52,113.16,79.74,NA,67.58,131.51,149.32,109.16,134.41,128.27,NA,133.87,36.69,38.31,41.85,34.82
"59","2020-2749",13.46,18.43,13.46,14.58,NA,13.04,58.6,54.23,62.43,57.99,63.04,NA,56.41,99.67,85.29,86.62,100.3,104.39,NA,85.3,131.49,149.22,111.34,134.3,131.52,NA,133.1,32.71,40.38,41.2,34.59
"60","2020-2864",12.62,18.53,13.72,14.52,NA,12.19,56.52,51.76,60.96,56.72,61.16,NA,56.8,120.04,62.09,87.32,76.52,98.56,NA,92.74,131.61,148.23,114.28,132.28,129.62,NA,132.62,35.12,38.74,35.65,34.07
"61","2020-40034",12.95,18.33,14.05,14.71,NA,12.68,53.52,51.85,60.32,55.5,62.98,NA,57.41,96.66,51.76,80.97,103.85,115.24,NA,80.83,133.11,149.06,112.91,135.45,131.44,NA,136.2,35.11,37.7,39.84,36.43
"62","2020-5376",12.07,17.94,13.89,13.53,NA,12.71,58.19,52.14,60.98,52.37,61.37,NA,57.61,112.51,79.45,89.58,115.89,100.66,NA,87.4,131.38,148.22,109.64,132.08,129.36,NA,134.92,34.71,39.51,38.66,34.16
"63","2020-6205",12.9,18.28,13.81,13.44,NA,12.48,59.36,53,60.07,57.74,61.14,NA,55.66,121.75,79.18,76.36,98.39,98.33,NA,63.88,131,149.88,112.12,134.2,130.52,NA,135.04,35.61,37.67,36.08,32.96
"64","2020-6254",12.75,17.72,13.42,13.55,NA,12.16,57.51,53.25,60.94,52.34,60.99,NA,57.82,108.45,55.3,83.77,95.21,114.45,NA,89.08,131.59,149.92,115.18,133.61,130.64,NA,135.27,32.37,34.34,34.55,32.57
"65","2020-6435",13.56,18.12,13.44,13.82,NA,12.58,57.7,52.42,59.58,51.95,62.41,NA,53.92,115.47,52.91,81.44,82.38,113.72,NA,96.17,131.64,148.96,111.33,132.85,128.85,NA,132.82,33.92,35.82,40.55,36.16
"66","2020-7021",13.76,18.1,14.45,12.59,NA,12.92,56.12,51.78,60.76,56.24,59.69,NA,55.28,117.8,59.16,94.93,90.78,93.56,NA,89.72,133.58,149.04,114.44,132.85,133.15,NA,136.95,38.07,41.64,41.8,39
"67","2020-7719",12.35,17.15,13.49,12.71,NA,12.25,58.64,52.35,60.87,48.92,59.68,NA,58.55,87.85,70.44,86.64,96.26,100.8,NA,87.55,132.66,148.11,109.61,134.19,130.9,NA,134.29,37.02,37.69,42.16,34.56
"68","2020-7737",12.82,18.08,13.69,13.52,NA,12.43,57.16,52.13,60.21,53.05,60.71,NA,57.05,109.68,81.17,83.68,80.9,95.4,NA,85.43,131.09,148.05,111.08,132.43,129.05,NA,132.38,34.68,34.45,37.09,36.89
"69","2020-7917",13.31,18.53,13.72,12.83,NA,13.62,61.28,52.43,61.07,57.94,61.11,NA,57.94,107.46,62.01,79.79,84.78,90.16,NA,73.46,130.83,148.01,106.84,131.58,129.29,NA,133.5,34.82,39.71,39.39,34.53
"70","2020-9801",13.37,18.56,13.67,14.61,NA,12.81,57.38,53.43,62.15,54.79,62.55,NA,57.82,116.43,61.23,88.18,95.28,114.33,NA,77.04,134.22,149.98,114.56,132.61,129.2,NA,135,35.27,37.99,38.91,35.59
"71","2020-9945",12.31,17.54,13.35,13.41,NA,12.63,57.62,52.75,59.52,57.44,60.77,NA,59.4,113.67,55.57,76.41,110.58,113.2,NA,89.91,131.83,150.03,113.56,135.64,133.44,NA,136.85,31.05,35.54,34.57,34.52
"72","20PU-0001",12.68,17.78,13.36,12.01,NA,12.32,56.74,51.29,60.78,51.87,58.08,NA,56.56,110.12,74.15,85.43,92.88,99.07,NA,82.07,134.66,150.86,113.37,137.26,135.14,NA,135.72,34.08,34.42,34.33,34.46
"73","21PU-0015",13.01,18.59,13.82,NA,NA,13.5,58.6,50.71,59.66,NA,NA,NA,58.71,122.07,57.7,87.01,NA,NA,NA,87.98,142.66,151.99,NA,142.16,NA,NA,NA,33.65,NA,NA,36.94
"74","21PU-0026",13.41,17.91,13.42,14.34,NA,13.44,57.76,51.12,61.03,50.7,62.04,NA,57.02,127.15,59.44,84.95,88.41,113.36,NA,94.39,138.94,150.96,115.2,140.34,135.86,NA,140.47,35.82,38.29,38.42,35.98
"75","21PU-0030",12.88,17.84,14.12,11.69,11.41,12.81,53.29,50.28,57.15,49.94,55.1,51.57,54.06,110.18,68.29,76.15,89.35,110.98,63.72,96.37,138.08,150.96,120.88,138.13,134.86,126.48,138.52,36.54,39.22,40.97,38.95
"76","21PU-0033",13.51,17.39,13.65,13.11,11.73,12.66,57.7,54.14,62.3,56.79,59.44,56.27,58.79,121.07,77.43,81.73,116.48,110.34,59.41,99.13,138.23,152,120.48,138.78,136.51,127.02,140.86,33.72,37,37.74,36.11
"77","21PU-0040",12.93,17.61,13.31,12.93,NA,12.78,59.51,53.58,61.88,53.45,60.17,NA,58.13,109.41,75.04,77.74,81.78,100.13,NA,99.95,138.25,150.95,118.91,138.69,133.3,NA,137.57,35.72,33.82,37.84,35.91
"78","21PU-0042",12.61,17.71,12.92,12.88,NA,12.39,60.05,53.74,62.83,55.75,59.1,NA,59.64,89.73,66.79,73.56,104.07,100.94,NA,90.43,138.04,151.76,112.62,139.89,133.58,NA,135.77,32.61,37.56,37.42,35.84
"79","21PU-0046",13.59,17.5,13,12.33,NA,12.78,55.57,51.62,61.28,50.17,58.86,NA,55.95,115.14,67.76,81.28,101.1,106.25,NA,88.17,138.18,152.19,115.88,138.26,133.91,NA,140.25,40.66,41.85,45.27,36.79
"80","21PU-0051",12.91,17.01,13.05,NA,NA,12.43,54.82,50.6,60.48,NA,NA,NA,55.78,104.65,44.73,77.76,NA,NA,NA,97.46,136.54,151.15,NA,136.99,NA,NA,138.13,36.54,NA,NA,37.06
"81","21PU-0058",13.01,17.4,13.79,13.39,NA,12.64,52.93,51.2,60.78,54.36,60.58,NA,55.44,103.87,48.13,78.7,101.11,129.64,NA,99.73,136.72,151.87,117.36,137.87,134.65,NA,138.76,36.12,40.08,43,35.77
"82","21PU-0071",13.22,17.51,13.62,13.44,NA,13.01,55.21,51.91,60.72,53.91,59.24,NA,56.15,110.19,49.31,87.07,99.69,105.55,NA,84.06,142.14,152.07,116.53,137.2,134.81,NA,140.81,34.73,37.54,34.11,34.63
"83","21PU-0072",13.41,17.75,13.19,14.23,NA,13.07,59.61,54.56,61.73,56.32,60.86,NA,59.47,116.41,80.65,83.48,101.56,101.67,NA,89.71,136.26,151.3,114.2,138.16,135.04,NA,137.72,37.73,41.98,38.93,37.57
"84","21PU-0104",13,17.83,13.66,NA,NA,13.56,57,51.43,58.74,NA,NA,NA,55.16,130.99,86.89,82.61,NA,NA,NA,103.98,134.28,150.19,NA,137.42,NA,NA,137.23,32.94,NA,NA,33.82
"85","21PU-0154",13.35,17.55,13.77,14.09,11.88,12.98,57.72,51.84,61.13,54.91,60.86,58.07,56.63,110.06,65.89,85.48,82.9,106.56,76.32,88.35,140.29,150.8,121.02,138.92,134.45,127.72,138.91,35.99,39.25,41.55,37.86
"86","21PU-0163",14.79,18.43,13.42,11.59,NA,12.8,54.84,50.26,58.06,57.52,56.5,NA,56.98,115.44,74.34,85.3,106.9,109.23,NA,97.84,141.18,152.79,116.08,142.41,135.17,NA,141.44,30.86,35.59,36.75,33.23
"87","21PU-0165",12.81,16.92,13.14,13.22,11.21,11.85,55.11,50.52,59.45,50.44,59.46,56.9,55.24,105.61,46.97,87.34,90.91,97.48,63.02,83.97,137.55,150.56,116.23,136.73,134.31,125.01,136.7,36.17,40.03,36.18,35.1
"88","21PU-0176",13.09,17.71,13.23,NA,NA,12.27,58.24,51.49,59.55,NA,NA,NA,57.88,103.16,72.97,79.49,NA,NA,NA,69.58,136.78,150.85,NA,139.4,NA,NA,139.42,34.7,NA,NA,35.59
"89","21PU-0183",12.8,17.36,13.75,NA,NA,13.17,55.71,50.35,60.38,NA,NA,NA,55.69,91.66,53.29,87.03,NA,NA,NA,85.39,143.53,152.07,NA,142.39,NA,NA,142.04,31.47,NA,NA,32.75
"90","21PU-0185",12.65,17.31,13.16,12.74,11.37,12.83,56.62,52.52,59.47,54.59,58.34,56.93,54.56,104.09,74.23,81.51,95.9,121.12,54.96,88.31,136.5,151.58,117.85,139.18,134.21,125.09,137.75,32.38,35.35,35.87,32.64
"91","21PU-0280",13.17,16.41,12.97,12.38,11.06,12.26,55.36,52.71,59.04,51.45,57.07,55.4,55.94,124.55,80.31,91.06,103.95,119.01,73.15,93.83,134.98,152.1,114.72,137.07,133.95,124.54,136.5,34.44,33.95,37.69,35.82
"92","21PU-0282",12.74,16.41,13.13,NA,NA,12.37,57.6,52.64,59.89,NA,NA,NA,56.24,120.42,98.64,88.37,NA,NA,NA,105.67,134.02,152,NA,137.05,NA,NA,137.77,32.37,NA,NA,38.02
"93","21PU-0285",12.64,17.11,12.51,NA,NA,12.38,58.55,53.02,58.61,NA,NA,NA,57.41,130.02,80,96.16,NA,NA,NA,101.15,134.69,151.97,NA,138.27,NA,NA,136.33,34.11,NA,NA,34.52
"94","21PU-0286",13.02,15.65,12.93,12.69,NA,12.22,60.4,52.23,58.51,50.83,57.34,NA,58.66,115.54,82.04,87.9,104.9,122.38,NA,109.95,135.82,152.14,113.91,137.52,133.96,NA,137.41,31.96,35.5,37.87,34.84
"95","21PU-0288",12.13,16.65,13.17,13.59,NA,12.22,56.02,51.84,59.04,52.69,58.52,NA,55.68,129.8,69.3,87.8,103.34,123.61,NA,92.54,136.32,151.09,114.56,137.7,133.75,NA,137.32,30.87,33.09,39.92,34.96
"96","21PU-0291",12.37,17.53,13.73,NA,NA,12.41,55.84,51.24,59.83,NA,NA,NA,55.69,113.69,45.38,69.58,NA,NA,NA,92.86,137.89,150.99,NA,141.45,NA,NA,139.5,35.39,NA,NA,36.19
"97","21PU-0292",12.26,16.72,13.51,NA,NA,11.91,55.78,52.09,59.44,NA,NA,NA,55.76,124.93,74.98,89.61,NA,NA,NA,98.03,134.95,151.74,NA,138.78,NA,NA,136.52,34.71,NA,NA,34.45
"98","21PU-0293",12.8,16.46,13.1,13.01,11.08,11.97,58.58,52.83,58.68,53.72,57.68,55.55,56.4,120.39,85.5,91.17,109.28,117.07,59.62,90.86,134.79,151.96,115.73,139.17,134.02,125.13,137.9,32.39,35.19,40.3,34.7
"99","21PU-0294",13.16,16.83,13.24,12.78,11.56,12.31,55.4,52.69,59.26,52.8,56.63,55.17,55.36,122.96,82.66,93.96,112.43,118.64,63.92,100.39,136.13,151.93,116.08,139.48,134.38,125.14,138.28,32.52,36.57,37.37,35.56
"100","21PU-0298",12.91,16.58,13.23,NA,NA,11.99,61.55,52.36,59.24,NA,NA,NA,56.76,97.11,80.19,90.99,NA,NA,NA,90.9,135.61,151.88,NA,138.97,NA,NA,137.22,33.49,NA,NA,33.85
"101","21PU-0344",12.61,17.06,12.77,12.74,11.47,12.12,58.16,51.55,58.95,56.23,58.44,56.98,53.47,129.18,75.24,87.03,119.97,121.45,63.26,94.76,135.43,150.96,114.44,137.61,134.71,125.29,138.38,35.22,39.97,39.97,35.52
"102","21PU-0467",13.41,18.2,13.38,13.03,11.75,12.63,58.3,52.26,60.66,54.74,59.84,58.8,57.08,123.87,80.32,89.88,119.84,101.68,61.52,91.24,135.45,150.58,113.03,137.22,133.59,125.42,139.2,34.37,41.1,39.41,35.91
"103","21PU-0502",12.86,16.24,13.36,10.23,NA,11.86,58.29,48.71,59.08,51.86,55.82,NA,56.05,116.36,68.43,88.31,105.65,117.02,NA,95.56,137.92,151.02,114.82,140.43,136.15,NA,137.93,32.32,35.6,38.1,34.16
"104","21PU-0507",12.59,16.81,13.31,12.8,NA,12.15,55.61,51.05,58.89,52.86,57.61,NA,56.07,115.32,77.82,88.19,110.85,115.78,NA,105.98,135.95,149.8,111.16,136.77,133.21,NA,136,34.35,38.35,36.66,34.55
"105","21PU-0524",14.51,16.84,12.97,12.08,NA,11.95,54.95,53,60.02,51.24,58.52,NA,57.24,113.58,80.68,92.29,79.32,114.79,NA,86.35,135.04,150.21,112.98,134.95,134.33,NA,134.98,34.54,36.65,37.11,35.23
"106","21PU-0532",13.14,17.36,13.22,13.27,NA,12.85,57.51,52.29,60.3,52.47,60.72,NA,55.5,106.36,80.57,81.19,82.93,111.84,NA,92.25,135.02,150.07,114.43,138.13,134.69,NA,138.08,35.5,35.3,37.96,37.01
"107","21PU-0561",NA,17.41,14.46,13.7,NA,13.2,NA,53.33,61.39,52.46,60.32,NA,59.39,NA,76.57,82.36,106.94,119.6,NA,99.75,136.25,150.93,121.03,139.03,135.67,NA,143.19,36.17,41.22,41.46,39.72
"108","21PU-0645",12.95,17.48,13.15,13.8,NA,12.44,57.11,52.57,60.69,54.6,60.23,NA,57.63,116.55,75.84,86.27,95.4,112.33,NA,97.45,134.89,150.93,114.8,136.05,132.81,NA,136.37,31.84,34.4,35.64,30.12
"109","21PU-0648",12.56,16.96,13.18,14.14,NA,12.25,56.18,52.44,60.37,54,59.3,NA,57.02,110.79,89.16,86.94,100.63,110.26,NA,95.21,132.07,149.17,114.68,137.19,133.53,NA,135.79,33.15,39.08,36.89,34.07
"110","21PU-0673",13.5,17.62,13.6,14.15,11.71,12.99,58.26,53.04,60.97,53.44,59.9,57.5,56.57,112.68,84.33,88,96.17,120.99,63.65,89.89,136.1,150.95,113.78,137.17,134.4,125.99,138.14,32.92,37.62,36.73,34.6
"111","21PU-0674",13.03,17.44,14.01,NA,NA,12.77,58.29,52.31,62.57,NA,NA,NA,57.45,110.99,76.93,96.29,NA,NA,NA,94.77,135.17,150.82,NA,138.18,NA,NA,135.86,36.48,NA,NA,35.32
"112","2201",12.77,17.87,13.17,11.84,11.49,12.27,55.66,52.36,58.5,49.88,56.33,53.56,54.87,111.62,75.6,84.64,97.59,116.93,78.62,92.66,133.84,149.53,111.07,136.75,132.16,123.33,133.67,34.57,37.27,37.78,35.02
"113","2202",15.04,18.08,14.5,13.59,12.24,12.99,56.45,52.54,62.09,57.6,59.89,56.81,56.38,126.23,82.37,97.07,115.95,118.26,70.54,113.05,137.36,150.94,115.66,139.62,135.07,127.3,139.85,33.62,36.18,37.59,35.5
"114","2203",13.56,17.71,13.81,12.27,12.04,13.02,56.19,51.37,60.31,54.04,58.1,54.55,58.14,125.71,83.86,96.99,119.45,122.98,75.43,105.31,137.54,150.91,117.25,138.16,136.02,125.61,139.49,36.45,40.25,35.89,36.31
"115","2204",13.24,18.13,13.7,13.85,11.56,12.97,57.02,52.53,60.12,53.01,60.6,56.29,58.18,110.62,75.78,91.03,98.71,117.22,71.13,100.93,133.06,150.41,113.43,135.03,133.3,122.74,133.63,33.65,35.58,38.09,37.49
"116","2205",12.92,16.9,13.68,13.33,11.79,12.09,56.95,51.18,59.74,53.81,60.11,55.25,56.11,115.63,69.7,87.25,103.33,112.03,76.62,89.5,137.89,152.04,113.42,138.09,136.51,125.28,139.59,34.57,34.14,36.06,33.57
"117","2206",12.95,16.73,13.57,12.51,11.22,11.93,57.3,52.08,59.56,52.25,59.01,56.44,57.2,114.12,81.05,88.49,107.82,117.14,65.85,94.35,134.57,150.7,114.11,136.14,133.7,126.01,136.92,34.44,38.42,42.65,36.56
"118","2207",12.68,17.41,13.71,13.25,11.78,12.31,56.39,52.12,58.95,54.56,59.75,56.57,55.04,118.78,70.81,86.96,103.98,123,82.46,101.73,136.16,150.03,114.34,138.68,133.1,124.48,136.49,35.49,35.99,39.44,35.03
"119","2208",14.15,17.83,14.47,11.8,11.92,12.64,55.01,51.09,59.55,52.78,56.87,55.9,55.37,98.43,81.34,94.66,99.87,131.83,79.5,96.55,135.66,150.88,117.61,140.85,134.05,126.93,139.55,32.08,34.69,36.34,31.92
"120","2209",13.35,17.96,13.98,13.05,12.16,12.96,58.65,52.63,60.57,53.95,58.44,56.78,59.36,105.29,74.51,90.48,107.88,116.13,71.11,97.55,138.71,150.9,119.82,139.81,134.22,127.68,139.51,34.69,34.32,38.24,34.29
"121","2210",14.01,18.44,13.8,13,12.05,13.54,55.7,51.24,60.75,53.14,57.86,54.71,58.01,115.64,71.38,95.73,108.6,117.78,74.23,106.61,137.94,149.91,115.84,140.21,134.01,125.63,138.85,36.78,39.23,39.22,37.74
"122","2211",13.84,18.44,13.9,12.46,12.4,13.11,56.48,51.47,59.87,56.02,57.5,55.29,55.13,115.91,82.23,98.51,93.63,122.48,63,95.57,137.3,151.14,116.13,139.78,135.74,126.83,140.69,34.82,37.2,39.78,34.3
"123","2212",13.71,18.15,13.65,13.93,12.08,13.35,57.79,50.56,62.5,55.43,61.6,56.01,57.03,101.13,30.17,93.71,114.98,118.04,59.06,94.03,142.35,151.1,113.07,136.16,131.57,124.57,135.77,36.98,38.68,38.25,35.13
"124","2213",13.35,18.47,13.83,13.09,13.21,13.18,57.12,53.57,62.05,55.26,58.68,57.02,58.54,100.15,86.38,84.16,106.17,117.54,81.61,94.24,138.44,151.1,123.37,142.34,135.26,130.11,139.67,33.59,39.83,36.89,33.31
"125","2214",21.88,18.5,13.72,14.24,NA,12.54,45.5,52.78,62.12,47.96,59.94,NA,56.69,83.37,93.14,98.18,90.35,109.91,NA,103.57,134.55,151.88,117.57,136.59,133.93,NA,140.2,34.08,33.94,38.61,35.59
"126","2215",13.23,18.24,13.88,12.45,NA,12.88,57.25,52.07,59.27,53.98,58.92,NA,57.84,118.44,78.4,93.53,110.76,116.29,NA,108.23,138.02,150.64,112.62,138.95,134.61,NA,137.76,33.25,38.96,38.31,33.97
"127","2216",12.91,17.42,13.27,12.24,NA,12.22,57.68,53.08,59.24,54.03,57.72,NA,54.7,117.45,86.62,80.97,111.6,108.95,NA,83.22,135.11,151.94,110.52,140.96,134.94,NA,141.66,36.62,36.99,42.42,37.36
"128","2217",13.4,18.14,13.47,15.71,NA,12.73,59.22,55.15,62.68,57.51,64.23,NA,58.91,113.83,66.99,93.86,111.73,113.68,NA,95.32,136.03,151.29,111.97,135.18,132.82,NA,137.48,33.29,34.93,36.56,32.22
"129","2218",13.01,17.42,12.77,13.69,NA,12.72,58.88,52.56,61.25,57.11,61.83,NA,55.82,100.73,65.74,86.08,105.32,94.06,NA,80.51,135.2,150.06,111.79,137.34,132.5,NA,137.37,32.3,33.69,34.75,29.3
"130","2219",13.58,18.32,13.59,13.07,NA,13.24,55.19,53.26,60.34,54.64,58.1,NA,57.94,108.93,81.43,83.16,115.36,124.1,NA,69.36,137.81,150.27,114.52,138.51,135.39,NA,137.81,33.51,37.62,39.69,36.72
"131","2220",13.12,17.97,13.98,11.96,NA,12.24,52.56,51,58.3,52.33,56.71,NA,50.3,97.29,64.21,78.46,90,118.02,NA,99.88,139.17,149.87,116.25,137.4,135.08,NA,139.9,32.59,36.88,35.82,33.6
"132","2221",12.98,17.73,13.73,13.07,NA,12.71,53.46,51.59,61.27,56.93,59.09,NA,57.89,123.53,96.1,89.5,118.12,115.84,NA,103.63,139.93,152.2,115.9,141.77,135.37,NA,140.77,33.08,37.61,35.96,33.84
"133","2222",13.25,18.51,14.12,14.12,NA,12.22,55.87,53.16,63.08,51.04,61.23,NA,56.01,111.59,61.59,79.46,88.15,111.63,NA,68.12,135.76,150.73,116.35,136.92,134.63,NA,136.54,40.34,41.6,41.2,41.14
"134","2223",13.28,18.69,13.91,14.19,NA,13.16,55.56,52.03,61.44,52.81,60.38,NA,56.71,100.91,57.56,93.23,92.77,111.85,NA,82.3,136.28,150.84,115.88,136.33,133.89,NA,139.24,35.29,34.9,36.88,34.26
"135","2224",12.86,17.58,13.8,12.42,NA,13.17,53.86,50.91,59.64,55.62,57.51,NA,55.87,103.89,79.81,84.28,107.48,121.21,NA,50.39,136.23,151.05,115.86,139.15,134.96,NA,139.93,41.03,44.43,43.59,36.31
"136","2225",13.02,18.31,13.36,14.29,NA,12.94,59.8,53.16,61.99,57.11,61.29,NA,59.72,126.41,93.15,85.87,109.13,119.71,NA,95.87,134.67,151.74,120.27,138.81,133.14,NA,141.63,32.86,39.49,38,31.64
"137","2226",12.76,17.08,12.86,10.82,NA,12.52,54.37,49.36,59.61,55.51,54.12,NA,56.41,116.77,59.06,88.27,116.41,116.74,NA,97.89,137.87,151.94,115.38,139.76,133.5,NA,138.27,33.38,33.67,32.86,32.38
"138","2227",13.32,17.25,13.67,15.07,NA,12.41,55.38,52.21,59.77,53.04,60.23,NA,59.01,123.5,71,86.82,94.54,116.84,NA,92.85,134.59,150.03,112.01,137.58,132.75,NA,137.56,34.24,37.51,40.11,33.34
"139","2228",12.7,17.08,12.92,13.51,NA,12.46,58.32,53.6,61.14,55.33,60.44,NA,54.81,91.21,77.71,87.92,96.07,107.55,NA,80.92,135.34,151.02,111.05,135.53,134.96,NA,136.28,34.03,36.96,36.91,33.49
"140","2229",13.39,18.56,13.85,13.13,NA,13.29,58.14,51.73,61.94,49.7,59.58,NA,56.36,108.72,56.42,91.24,87.32,104.41,NA,94.71,141.72,150.17,117.66,140.03,133.26,NA,140.13,33.72,36.4,38.53,34.7
"141","2230",13.51,18.01,14.23,11.56,NA,13.13,55.66,51.76,60.42,50.88,55.88,NA,60.08,119.9,65.13,89.8,91.58,124.21,NA,95.75,138.96,151.22,NA,140.74,137.12,NA,142.16,36.95,39.65,38.97,34.79
"142","2231",13.25,17.66,13.12,14.31,NA,12.79,57.28,51.11,61,54.44,60.45,NA,54.99,118.5,22.21,88.42,104.61,99.2,NA,96.58,138.74,150.01,113.08,137.35,131.93,NA,134.71,32.01,37.53,42.25,31.45
"143","2232",13.69,17.1,13.69,12.16,NA,13.12,57.54,48.96,59.24,55.55,56.16,NA,57.22,110.44,39.25,87.24,96.77,112.9,NA,99.71,138.87,152.06,112.84,139.13,134.43,NA,135.67,33.17,37.15,37.1,34.56
"144","2233",12.77,17.67,12.99,14.19,NA,12.58,59.22,52.15,62.08,50.7,62.14,NA,55.63,111.4,42.38,77.19,49.68,112.36,NA,82.59,143.11,150.94,111.64,139.01,132.34,NA,134.6,34.87,32.3,37.5,34.13
"145","2234",13.38,17.38,13.26,12.78,NA,12.78,55,52.88,60.8,48.95,59.19,NA,56.17,116.34,64.77,80.18,92.46,122.89,NA,95.53,134.88,150.93,115.54,137.9,134.02,NA,137,34.88,37.74,39.31,35.02
"146","2235",12.17,16.86,13.03,12.19,NA,12.48,56.43,53.14,61.03,48.9,58.35,NA,58.88,120.14,60.13,90.42,81.81,103.1,NA,95.8,135.57,150.96,114.07,139.22,131.4,NA,135.55,32.93,33.11,34.98,42.54
"147","2236",13.12,18.32,12.91,12.3,NA,12.57,55.75,51.57,60.37,50.31,58.48,NA,57.38,123.46,73.61,90.42,90.9,119.96,NA,107.12,135.97,150.84,120.71,135.78,134.26,NA,138.51,35.29,36.57,39.48,38.5
"148","2237",12.51,16.84,13.61,12.76,NA,12.48,54.86,52.24,60.01,52.48,58.78,NA,54.28,133.64,91.09,88.46,79.63,124.72,NA,103.97,134.84,151,111.16,136.92,134.03,NA,135.87,32.46,31.71,36.9,35.24
"149","2238",13.37,17.17,13.68,11.1,NA,13.15,55.82,49.5,60.37,52.27,54.72,NA,58.97,119.32,66.3,100.66,89.03,113.25,NA,107.53,140.8,152.37,123.66,141.48,137.45,NA,142.11,36.4,42.94,41.79,39.01
"150","2239",12.75,18.04,13.07,12.58,NA,12.49,56.18,52.15,61.11,54.25,59.57,NA,59.07,101.09,90.36,87.66,110.38,114.46,NA,110.72,134.91,152.01,114.85,138.5,133.6,NA,139.22,31.84,36.65,36,33.49
"151","2240",13.26,17.78,14.19,13.21,NA,12.48,57.05,50.8,60.19,53.24,57.41,NA,57.3,124.07,82.2,87.99,83.34,99.03,NA,102.84,135.6,151.23,114.73,138.32,134.1,NA,138.37,33.3,28.51,39.14,34.17
"152","2241",12.11,16.97,13.61,12.61,NA,12.28,57.28,51.99,59.21,51.54,58.37,NA,57.71,116.87,80.84,89.06,100.48,117.22,NA,85.75,137.11,152.39,113.03,138.36,134.54,NA,141.11,36.34,43.06,44.98,36.93
"153","2242",13.44,17.97,13.31,14.7,NA,12.49,60.47,53.66,62.97,56.7,62.96,NA,58.87,122.81,71.39,92.33,82.75,104.05,NA,96.82,134.92,151.14,112.79,135,133.29,NA,137.86,33.65,34.61,38.72,31.86
"154","2243",12.71,18.21,12.78,13.78,NA,12.4,57.98,53.1,61.13,56.93,61.81,NA,57.52,104.94,94.86,90.8,100.5,99.72,NA,75.31,133.53,150.01,114.22,137.38,134.74,NA,137.45,35.41,33.09,39.88,28.8
"155","2244",13.26,18.76,13.39,12.28,NA,13.09,56.54,51.35,60.35,55.13,57.32,NA,55.88,114.55,78.71,84.53,107.95,128.47,NA,98.52,138.02,151.07,114.79,137.9,133.96,NA,137.73,35.65,37.19,40.41,36.34
"156","2245",12.69,17.36,13.7,12.57,NA,12.82,50.55,50.61,59,50.24,56.93,NA,50.64,118.1,44.41,78.34,74.13,122.96,NA,96.16,139.18,151.17,116.3,138.51,134.1,NA,140.46,32.08,33.65,37.78,34.14
"157","2246",13.65,17.94,13.46,13.2,NA,13.25,55.96,52.07,59.89,55.72,58.98,NA,58.3,122.77,83.8,81.44,122.85,107.88,NA,98.02,139.08,151.12,114.34,140,134.84,NA,140.21,29.04,38.57,35.8,33.53
"158","2247",13.53,17.06,13.67,13.86,NA,12.96,57.08,50.28,61.84,50.8,59.96,NA,55.59,122.45,49.83,89.12,101.55,106.33,NA,84.92,142.86,151.86,114.76,136.93,135.95,NA,136.7,38.87,40.11,40.73,40.85
"159","2248",13.2,18.71,13.43,14.08,NA,12.74,56.94,52.45,60.97,53.45,58.75,NA,57.33,110.68,60.08,93.54,105.75,110.93,NA,88.16,136.34,150.86,114.82,136.63,133.34,NA,139.06,35.47,39.25,38.46,36.41
"160","2249",12.8,17.74,13.64,12.53,NA,13.21,55.84,50.86,59.88,54.37,59.07,NA,56.5,121.15,82.83,86.81,107.78,117.4,NA,92.97,136.19,151.06,115.75,140.75,135.53,NA,139.36,39.08,43.09,43.39,38.4
"161","2250",12.76,17.32,13.82,13.13,NA,12.98,57.74,53.17,62.22,56.69,59.57,NA,57.12,125.32,61.52,91.02,98.91,115.03,NA,95.26,138.56,151.83,115.62,140.53,134.97,NA,141.29,32.39,36.66,36.36,34.31
"162","2251",12.64,16.81,13.58,13.47,NA,12.21,56.23,50.83,59.74,49.73,57.5,NA,54.71,113.89,52.74,96.74,93.6,112.76,NA,95.79,137.83,152.23,116.84,138.89,136.1,NA,138.2,28.43,30.15,34.45,32.49
"163","2252",12.88,17.18,13.63,15.55,NA,12.56,55,53.4,59.86,54.4,60.64,NA,55.27,114.07,84.77,89.09,82.71,109.38,NA,94.97,134.71,149.9,113.83,137.59,133.49,NA,135.18,33.15,37.05,36.43,36.15
"164","2253",12.74,17.46,13.18,13.7,NA,11.96,57.56,52.56,60.96,51.84,60.45,NA,55.2,99.51,66.93,87.28,98.91,113.85,NA,81.51,135.53,150.23,112.76,136.08,134.42,NA,135.63,33.25,34.28,38.56,35.11
"165","2254",12.88,18.3,13.7,14.09,NA,13.14,57.94,53.01,61.48,55.3,61.46,NA,58.71,97.4,79.41,86.18,97.67,117.24,NA,99.88,136.06,150.74,117.38,137.74,134.04,NA,138.59,34.18,39.71,40.66,34.15
"166","2255",13.08,18.75,14.19,12.57,NA,13.12,55.97,51.63,60.68,47.82,57.79,NA,55.99,107.19,75.81,99.07,110.32,122.61,NA,84.08,140.08,151.76,123.57,141.34,138.15,NA,140.78,35.64,42.05,41.25,33.18
"167","2256",12.94,17.26,13.62,13.72,NA,12.37,59.15,51.86,60.63,47.55,59.7,NA,58.83,110.89,54.46,88.03,95.54,110.43,NA,95.69,138.39,149.84,113.42,138.98,132.04,NA,133.56,32.88,40.65,38.98,32.23
"168","2257",13.32,18.2,13.31,13.02,NA,12.69,54.72,52.59,60.23,54.28,57.95,NA,56.25,100.09,72.54,83.62,103.8,117.27,NA,97.7,139.41,152.18,114.53,137.65,134.36,NA,136.58,34.23,33.57,38.03,34.54
"169","2258",12.99,17.08,13.1,12.77,NA,13.22,57.99,51.44,60.79,50.3,60.25,NA,60.08,119.83,53.74,76.48,73.48,114.07,NA,104.47,137.73,151.89,109.38,138.46,132.75,NA,134.71,32.95,32.41,35.79,35.38
"170","2259",13.1,16.69,13.63,12.26,NA,12.75,56.35,49.82,62.24,52.61,57.58,NA,57.12,118.63,41.53,90.68,94.54,99.18,NA,93.26,140.92,151.72,115.27,137.6,133.9,NA,137.48,33.28,36.76,37.43,36.19
"171","2260",12.97,17.99,13.29,10.75,NA,12.76,55.9,53.43,61.23,55.46,55.3,NA,56.26,125.57,74.63,78.87,96.16,105.72,NA,102.05,134.78,151.01,112.66,139.17,132.57,NA,136.42,31.74,33.31,32.33,34.19
"172","2261",13.85,17.61,13.41,12.3,NA,12.72,58.02,52.46,60.44,55.52,57.65,NA,57.53,112.8,81.56,90.13,105.54,108.45,NA,104.5,135.72,150.9,113.37,139.84,135.44,NA,138.59,34.66,37.16,39.35,36.97
"173","2262",12.81,17.2,13.23,12.01,NA,12.3,56.23,50.87,59.74,50.26,57.16,NA,58.19,120.67,80.75,96.12,103.02,105.96,NA,110.47,134.96,149.88,116.82,137.45,134.21,NA,136.22,37.06,33.29,40.19,34.37
"174","2263",13.53,17.4,13.87,11.11,NA,12.85,56.56,51.35,60.2,47.41,55.92,NA,56.4,135.42,71.29,93.69,73.1,121.91,NA,90.72,141.62,152.12,NA,142.55,136.74,NA,143.48,37.15,38.74,44.38,38.5
"175","22PU-1001",13.11,16.44,13.9,14.3,NA,12.59,57.71,52.58,61.5,54,60.61,NA,56.94,128.04,73.21,85.18,108.16,99.87,NA,95.76,134.68,149.61,114.59,138.15,134.17,NA,135.54,40.83,39.06,40.39,37.99
"176","22PU-1002",13.65,17.04,13.88,14.82,NA,12.82,58.44,51.91,60.7,51.92,60.58,NA,57.84,113.11,59.58,76.86,105.8,107.46,NA,94.62,142.35,151.02,114.93,135.35,133.15,NA,137.65,40.51,43.28,41.77,39.93
"177","22PU-1020",14.05,16.59,13.88,NA,NA,13.31,59.77,51.88,61.58,NA,NA,NA,58.38,119.74,78.63,82.91,NA,NA,NA,94.06,138.06,152.16,NA,139.26,NA,NA,142.66,34.65,NA,NA,39.46
"178","22PU-1022",12.59,17.76,13.52,NA,NA,13,57,52.46,62.55,NA,NA,NA,58.64,NA,57.64,74.9,NA,NA,NA,68.56,132.97,150.13,NA,138.76,NA,NA,131.93,46.88,NA,NA,51.27
"179","22PU-1033",13.95,17.61,13.99,NA,NA,13.58,57.92,51.9,61.31,NA,NA,NA,55.11,118.72,63.41,78.4,NA,NA,NA,87.08,137.9,151.18,NA,137.97,NA,NA,139.17,42.87,NA,NA,40.77
"180","22PU-1075",12.82,16.86,13.7,13.42,NA,12.33,58.06,52.94,59.81,49.81,58.41,NA,58.86,82.73,67.46,75.57,86.98,86.94,NA,81.49,140.66,151.74,124.74,141.19,136.19,NA,142,38.9,47.16,42.32,39.05
"181","22PU-1076",13.92,17.16,13.56,13.3,12.7,12.52,57.24,52.61,60.7,49.59,58.11,58.03,57.06,83.29,62.88,74.69,76.08,102.4,56.21,70.31,140.89,152.28,124.1,140.4,137.24,131.39,143.38,34.35,38.81,40.66,33.59
"182","22PU-1122",12.87,17.72,13.61,NA,NA,13.37,56.67,53.49,62.14,NA,NA,NA,57.69,102.04,47.81,77.31,NA,NA,NA,75.45,139.54,151.26,NA,138.36,NA,NA,139.04,36.13,NA,NA,32.96
"183","22PU-1182",13.28,18.49,13.81,NA,NA,12.58,59.93,52.1,62.31,NA,NA,NA,57.19,93.66,69.69,74.79,NA,NA,NA,116.76,136.73,151.03,NA,135.81,NA,NA,136.55,31.34,NA,NA,40.81
"184","22PU-1188",13.15,17.18,13.74,15.01,NA,12.68,54.17,49.91,61.91,56.13,61.93,NA,55.54,77.28,62.75,75.16,105.94,72.05,NA,60.71,135.8,151.12,112.65,139.31,136.69,NA,140.04,48.5,41.69,50.14,49.12
"185","22PU-1227",13.13,17.02,13.51,13.66,NA,12.9,56.88,51.86,60.69,52.35,60.75,NA,56.15,109.21,65.85,85.3,113.39,107.21,NA,89.15,135.28,149.94,111.79,138.45,133.68,NA,137.72,38.71,33.43,46.32,43.68
"186","22PU-1385",12.26,16.27,13.23,14.68,NA,11.61,59.4,52.63,61.42,54.41,60.7,NA,57.34,113.46,62.51,79.76,90.41,97.9,NA,89,133.87,150.13,108.85,131.85,128.87,NA,132.55,35.48,35.16,39.92,37.24
"187","22PU-3012",13.02,17.4,13.72,14,NA,12.98,55.38,53.86,61.23,51.89,60.3,NA,53.38,87.74,45.69,75.16,81.05,77.04,NA,72.28,135.61,150.1,114.71,135.3,133.9,NA,135.16,40.29,42.69,41.48,39.26
"188","22PU-3027",14.28,18.22,14.58,14.55,NA,13.29,56.77,53.27,62.14,50.21,59.88,NA,58.56,103.84,67.56,89.74,86.39,105.29,NA,83.34,141.81,152.28,NA,139.34,135.79,NA,144.62,36.71,40.22,39.87,37.85
"189","22PU-3048",14.66,16.31,13.44,13.57,NA,13.01,58.87,53.53,60.73,47.78,58.81,NA,57.7,96.51,62.25,72.83,79.85,89.72,NA,64.77,133.57,150.06,113.1,134.04,131.83,NA,136.38,36.21,38.32,46.59,36.72
"190","22PU-3054",13.41,16.71,12.87,13.55,11.8,12.6,60.2,53.06,60.59,54.69,60.13,59.07,56.34,122.48,75.29,69.14,77.6,114.65,56.45,80.72,136.73,151.95,115.25,139.75,134.35,127.83,141.07,32.81,35.31,38.93,31.78
"191","22PU-3055",14,16.78,13.11,NA,NA,12.87,59.24,54.31,60.99,NA,NA,NA,56.8,107.91,70.8,84.07,NA,NA,NA,87.37,139.95,152.1,NA,141.71,NA,NA,142,35.57,NA,NA,33.67
"192","22PU-3057",13.53,16.44,12.89,13.13,11.15,12.75,58.36,52.68,60.96,53.28,59.6,58.04,56.62,115.83,70.34,74.45,72.41,104.32,62.06,82.45,139.13,151.62,121.5,139.06,135.14,129.36,141.92,33.1,36.16,38.94,33.73
"193","22PU-3070",13.31,17.32,12.85,NA,NA,13.29,60.68,55.42,61.14,NA,NA,NA,59.06,105.95,51.5,76.21,NA,NA,NA,83.1,NA,151.94,NA,141.82,NA,NA,142.81,32.92,NA,NA,35
"194","22PU-3071",12.74,16.44,12.95,12.53,11.92,12.22,57.87,52.3,59.06,54.95,55.39,57.79,57.07,126.12,77.53,85.76,102.03,107.53,95.15,99.66,142.07,152.08,NA,142.2,138.46,132.55,143.62,32.62,39.84,41.97,35.79
"195","22PU-3081",NA,17.28,13.49,14.18,NA,12.65,NA,51.71,60.56,56.51,60.64,NA,53.24,NA,48.53,82.21,111.75,120.08,NA,89.42,137.97,151.76,112.42,137.84,131.4,NA,137.32,34.63,34.32,39.95,32.31
"196","22PU-3086",12.45,16.5,13.62,11.52,NA,12,55.9,53.29,59.21,53.42,57.19,NA,55.19,104.46,48.22,78.73,95.94,105.8,NA,64.72,141.95,151.08,113.3,138.9,135.22,NA,140.31,34.74,37.95,37.06,33.3
"197","22PU-3107",13.56,17.6,13.97,14.44,12.17,12.94,58.46,54.39,61.76,54.91,60.63,58.32,56.95,110.51,78.91,86.48,78.48,106.16,60.22,85.37,138.23,151.44,116.68,139.28,136.6,127.93,138.18,36.98,36.5,39.91,36.82
"198","22PU-3108",13.78,17.55,13.34,14.13,NA,13.23,57.79,54.71,62.26,54.58,60.44,NA,55.77,105.49,90.95,84.17,77.43,109.27,NA,86.84,138.09,152.15,114.98,138.3,134.57,NA,141.23,33.98,37.97,39.04,35.63
"199","22PU-3109",13.91,16.63,13.87,14.1,NA,12.95,58.22,53.85,61.61,56.28,61.27,NA,56.51,109.79,82.67,75.92,80.79,96.61,NA,83.69,135.61,151.13,113.93,138.34,133.62,NA,141.45,36.38,40.76,39.65,38.95
"200","22PU-3110",14.03,17.06,13.2,14.65,NA,12.77,58.84,53.75,59.53,51.17,61.09,NA,59.34,114.46,80.11,77.78,91.27,108,NA,81.64,137.25,150.85,114.88,139.58,132.72,NA,140.62,37.02,39.98,41.86,38.03
"201","22PU-3112",12.87,17.07,13.36,12.71,NA,13.21,58.86,54.01,61.24,51.8,58.12,NA,56.82,103.28,71.95,76.9,77.54,109.2,NA,91.78,136.12,152.18,118.63,139.42,133.78,NA,141.08,36.71,42.71,38.3,40.42
"202","22PU-3117",13.72,18.17,13.63,15.11,NA,13.31,58.39,52.56,62.78,56.99,62.2,NA,56.98,101.26,67.39,81.87,83.98,95.15,NA,92.61,135.86,151.89,118.45,138.64,134.92,NA,141.64,42.64,45.35,48.17,44.72
"203","22PU-3123",13.68,18.59,13.71,13.91,14.16,13.46,57.42,52.86,61.66,54.25,59.71,56.03,57.98,99.92,59.04,80.4,96.25,115.9,70.04,94.78,NA,151.02,NA,144.77,138.98,133.85,144.2,33.67,39.66,39.52,36.37
"204","22PU-3152",12.63,17.15,12.84,12.27,NA,11.81,54.11,52.36,59.37,48.77,58.58,NA,53.75,99.45,66.68,82.59,106.09,103.5,NA,75.92,136.09,151.31,114.28,133.81,134.86,NA,135.05,34.21,35.68,37.9,30.19
"205","22PU-3153",12.17,17.47,13.58,11.39,NA,12.21,51.18,51.86,58.77,46.37,57.51,NA,51.46,114.24,50.75,71.09,77.07,98.21,NA,74.67,137.61,150.98,112.32,137.54,133.38,NA,136.86,34.64,37.59,34.31,36.17
"206","22PU-3157",12.51,17.34,13.78,12.51,NA,12.05,56.23,50.5,57.28,47.27,58.19,NA,56.45,120.6,75,82.19,114.34,118.14,NA,83.14,135.98,151.92,113.97,139.75,134.93,NA,137.58,38.65,34.5,36.51,33.38
"207","22PU-3166",12.99,17.81,14.25,NA,NA,12.53,57.9,52.28,62.97,NA,NA,NA,54.77,99.33,52.19,74.51,NA,NA,NA,70.87,133.74,149.09,NA,134.25,NA,NA,135.49,44.47,NA,NA,40.65
"208","22PU-3248",13.15,18.25,13.43,14.33,11.31,13.11,58.39,53.06,61.78,51.04,60.67,59.3,52.66,121.54,81.65,87.89,92.75,107.15,68.85,81.13,136.94,150.97,114.62,136.68,132.91,126.58,138.47,37.13,41.29,40.64,37.33
"209","22PU-3251",12.85,17.48,13.02,12.73,NA,12.63,56.54,54.22,61.54,47.6,57.88,NA,57.9,95.29,54.84,71.31,81.82,72.29,NA,69.42,135.25,151.61,115.41,136.61,133.69,NA,137.52,34.88,34.31,36.16,33.56
"210","22PU-3262",13.29,17.43,13.17,14.11,12.01,13.15,57.65,52.37,61.35,50.59,60.48,57.59,56.1,115.6,70.45,85.57,90.33,98.31,63.48,87.99,137.11,150.88,113.31,139.74,133.96,126.24,138.09,43.7,42.7,48.26,44.42
"211","22PU-3304",13.88,17.55,13.89,14.25,NA,12.84,57.36,54,63.89,53.09,61.89,NA,59.79,107.9,68.41,87.31,69.04,90.46,NA,97.78,135.14,151.12,119.34,136.17,133.17,NA,136.75,45.94,41.3,46.31,40.28
"212","22PU-3425",13.11,17.38,13.5,NA,NA,13.04,60.54,53.06,62.93,NA,NA,NA,59.17,106.89,66.97,70.58,NA,NA,NA,86.23,139.9,151.8,NA,138.61,NA,NA,139.73,37.46,NA,NA,39.39
"213","22PU-3447",13.09,16.2,13.06,14.24,NA,12.32,59.41,54.47,61.58,52.5,61.36,NA,60.42,110.23,74.7,81.31,98.36,112.24,NA,83.22,139.32,150.77,112.67,139.3,133.49,NA,138.65,38.84,43.32,40.15,37
"214","22PU-3451",13.18,16.64,12.9,13.74,11.88,12.67,59.07,54.14,60.87,52.7,59.83,57.82,54.92,101.32,70.17,80.52,88.26,102.67,59.38,80.25,136.08,150.35,112.92,136.5,133.85,125.93,139.79,36.42,37.77,40.77,35.19
"215","22PU-3456",13.19,16.1,13.25,NA,NA,12.33,57.97,54.98,60.93,NA,NA,NA,58.99,109.25,71,78.69,NA,NA,NA,85.27,138.48,151.11,NA,137.27,NA,NA,NA,40.09,NA,NA,37.94
"216","22PU-3473",14.04,18.05,13.27,14.24,NA,13.17,59.8,56.17,64.06,58.52,61.78,NA,62.29,104.34,84.58,82.79,104.62,91.68,NA,100.17,135.1,151.11,114.26,138.41,134.1,NA,137.54,43.88,46.62,45.06,41.9
"217","25R76",13.64,17.38,NA,13.79,NA,12.94,58.27,52.92,NA,51.77,60.5,NA,57.2,119.65,76.2,NA,89.59,109.49,NA,96.44,136.94,NA,116.34,137.56,133.77,NA,137.23,NA,35.68,41.42,34.99
"218","AG0762",NA,NA,NA,NA,11.58,NA,NA,NA,NA,NA,NA,55.86,NA,NA,NA,NA,NA,NA,68.46,NA,NA,NA,NA,NA,NA,125.23,NA,NA,NA,NA,NA
"219","AgriMAXX505",13.26,17.83,13.37,14.01,11.59,12.68,60.03,54.73,62.36,56.3,61.55,60.47,59.68,122.49,86.54,92.33,104.28,126.16,71.11,107.61,136.26,152.03,113.06,138.77,134.93,127.3,138.3,33.48,37.07,39.29,34.8
"220","B120",NA,NA,NA,NA,11.01,NA,NA,NA,NA,NA,NA,56.44,NA,NA,NA,NA,NA,NA,62.98,NA,NA,NA,NA,NA,NA,123.68,NA,NA,NA,NA,NA
"221","B125",NA,NA,NA,NA,11.92,NA,NA,NA,NA,NA,NA,56.98,NA,NA,NA,NA,NA,NA,76.57,NA,NA,NA,NA,NA,NA,126.4,NA,NA,NA,NA,NA
"222","B726",NA,NA,NA,NA,11.66,NA,NA,NA,NA,NA,NA,56.24,NA,NA,NA,NA,NA,NA,65.94,NA,NA,NA,NA,NA,NA,124.04,NA,NA,NA,NA,NA
"223","FILL",NA,NA,NA,NA,NA,NA,NA,NA,NA,49.31,NA,NA,NA,NA,NA,NA,90.03,NA,NA,NA,NA,NA,NA,NA,NA,NA,NA,NA,45.87,NA,NA
"224","Hilliard",NA,NA,13.69,NA,11.87,NA,NA,NA,60.38,NA,NA,58.24,NA,NA,NA,85.05,NA,NA,71.54,NA,NA,150.94,NA,NA,NA,125.44,NA,34.74,NA,NA,NA
"225","MI16R0720",13.28,17.52,13.55,12.5,11.64,12.47,56.59,48.34,58.4,53.71,58.6,55.68,55.08,123.39,57.32,85.22,117.33,118.39,81.96,94.69,135.53,149.69,114.52,136.31,132.35,124.83,136.47,32.95,34.77,35.81,34.34
"226","MI17R0357",12.9,17.96,13.75,13.04,11.34,12.4,58.48,53.27,60.17,52.49,60.03,54.7,55.7,121.88,67.89,87.51,89.78,113.45,58.51,89.49,135.85,150.45,112.11,137.54,131.79,122.21,135.86,32.05,31.32,34.22,29.85
"227","NY11014-9-25-1319",13.7,18.37,14.03,13.6,13.68,13.13,53.59,49.07,60.83,53.19,58.12,52.62,54.95,108.4,78.22,93.6,93.88,107.41,59.65,99.14,140.89,151.45,125.73,140.63,137.79,130.3,143.03,34.76,42.95,39.96,39.73
"228","NY12006-2-1-7",15,18.4,14.81,12.88,15.06,13.36,54.07,49.79,60.93,54.11,56.7,50.1,56.51,106.64,74,96.95,88.62,105.79,57.78,98.82,NA,152.88,NA,143.63,139.36,134.54,144.23,36.42,43.78,41.81,40.48
"229","NY12007-2-4-13-1381",13.99,18.93,13.46,14.64,14.06,12.67,55.74,49.85,60.55,53.97,59.62,54.36,56.12,111.95,74.12,90.14,102.84,107.6,66.01,94.92,139.36,152.65,122.5,142.23,136.22,127,143.71,35.51,43.87,41.33,36.91
"230","NY12300-1-6-07-1436",14.39,19.83,14.63,15.22,12.99,14.71,58.56,53.48,63.31,55.23,61.59,58.59,57.41,103.44,78.59,86.35,107.23,103.44,49.57,101.05,138.32,151.3,119.21,140.31,137.2,125.61,140.31,31.24,36.29,35.37,33.5
"231","NY12302-2-14-01-1441",19.18,20.31,16.82,15,17.5,14.78,47.95,49.16,60.67,55.73,57.1,50.22,54.54,98.66,76.7,90.79,92.91,94.5,63.03,99.77,142.89,152.89,NA,144.01,141.44,134.43,144.15,32.43,39.53,37.76,34.59
"232","NY12302-2-14-08-1442",16.93,20.31,15.84,18.09,18.64,14.45,53.46,48.4,60.92,53.68,57.36,48.09,54.07,97.39,79.78,95.03,95.8,104.77,68.25,107.91,NA,153.2,NA,142.09,141.48,131.15,NA,33.5,40.98,37.69,35.8
"233","NY12308-1-18-09-1449",14.04,18.35,13.83,11.98,14.09,13.25,54.35,48.93,59.24,52.42,56.01,53.82,55.42,113.22,66.95,84.85,86.56,106.24,71.64,96.51,142.12,152.16,NA,142.04,138.93,131.21,144.29,36.3,37.52,37.48,38.48
"234","NY12311-1-30-10-1452",13.59,18.24,13.92,13.26,13.54,13.16,57.43,51.26,61.46,53.89,59.1,56.11,53.81,117.66,84.71,99.13,101.39,105.51,71.49,93.33,136.27,152,120.64,140.01,135.51,127,144.26,33.99,37.73,37.54,34.46
"235","NY12325-1-10-12-1476",13.49,18.25,13.62,13.04,14.46,13.29,56.22,51.34,59.4,49.19,59.11,53.72,56.85,125.48,84.86,94.21,95.63,110.01,74.62,109.22,NA,153.11,NA,144.12,138.24,132.88,144.3,32.85,39.84,41.01,39.35
"236","NY12325-1-10-18-1477",13.8,18.7,13.77,13.76,14.59,13.09,56.89,52.19,60.25,51.44,60.46,53.53,58.21,110.07,93.43,94.13,88.17,121.24,72.28,104.49,NA,152.87,NA,145.42,139.75,133.26,144.2,34.27,40.03,39.03,36.02
"237","NY12351-1-14-20-1484",13.91,18.27,14.43,13.13,11.97,13.53,57.08,51.99,61.79,53.17,58.48,54.04,56.51,116.96,51.19,89.9,105.97,115.12,62.75,107.44,140.31,150.81,117.31,140.68,135.05,126.57,139.69,34,38.1,41.47,31.36
"238","NY12397-1-4-13",13.26,18.68,14.03,13.24,11.86,12.85,57.26,52.59,61.38,53.4,59.72,56.56,57.12,115.36,73.45,91.76,86.15,106.34,61.37,94.59,137.01,151.5,113.06,138.39,133.89,125.02,137.25,32.37,34.48,36.93,30.57
"239","NY12398-2-16-07-03W-1580",13.82,18.9,14.11,13.4,14.34,13.26,55.96,50.95,60.73,45.01,58.69,52.44,56.7,106.13,80.25,80.79,67.04,107.97,59.89,79.85,138.48,151.85,121.34,141.26,136.46,128.61,144.45,31.86,35.92,33.98,32.12
"240","NY12457-1-8-02",13.87,18.18,14.25,13.08,13.21,13.02,54.38,49.99,60.35,53.91,57.05,53.79,55.87,93.27,61.64,86.64,79.54,104.25,55.97,90.88,141.99,152.24,119.45,143.3,135.54,129.63,144.13,34.88,38.18,36.08,34.69
"241","NY12508-1-7-15-1536",12.97,18.19,13.95,12.37,11.48,13.08,58.15,52.38,61.41,50.56,58.57,55.6,59.1,109.58,66.24,86.01,98.02,109.98,55.99,103.52,137.68,150.96,113.69,138.36,134.41,124.93,139.1,33.76,37.27,37.75,34.19
"242","NY12512-1-6-05-1542",13.99,18.63,13.97,11.32,13.17,13.17,55.04,48.52,61.03,55.09,54.43,53.32,57.38,108.04,78.74,93.44,81.25,104.36,70.74,104.58,143.99,152.11,NA,144.53,138.34,131.09,143.45,37.4,38.68,39.75,36.66
"243","NY15116-01-06-01-1804",12.63,17.25,13.07,13.91,11.51,12.46,55.83,52.16,59.61,52.68,61.1,56.16,55.58,115.31,86.54,77.77,90.54,109.21,65.62,92.24,132.95,150.99,111.41,135.62,132.96,123.72,136.03,32.3,33.76,35.97,33.36
"244","NY15150-01-01-12-1870",12.73,17.75,13.84,14.11,11.24,12.55,53.84,51.89,59.84,52.35,59.12,54.89,55.17,107.37,87.65,93.78,100.17,129.58,55.21,109.41,135.43,151.57,117.86,139.15,134.01,125.81,138.97,33.2,39.54,39.78,36.08
"245","NY15158-01-01-10-1873",13.3,17.41,13.7,14.56,11.4,12.81,56.68,50.45,60.26,53.63,60.71,55.07,56.82,123.58,55.64,84.99,118.49,111.74,72.35,101.13,135.48,150.41,112.54,134.62,132.41,125.05,136.93,34.55,38.24,38.08,37.85
"246","NY99056-161-O",16.34,18.98,13.25,14.75,18.53,13,51.81,51.6,59.86,54.62,56.8,46.29,55.43,99.85,42.57,84.21,104.27,101.8,35.28,90.18,NA,153.97,120.12,146.26,141.99,NA,NA,34.12,44.87,41.13,39.02
"247","OH13-88-61",13.26,17.68,13.65,14.26,11.76,12.95,58.38,53.6,61.38,53.75,60.75,58.27,58.44,118.02,91.83,94.52,100.04,105.62,68.25,107.82,135.75,149.97,112.73,136.06,134.44,123.95,136.21,34.52,37.34,39.82,35.66
"248","OH15-191-52",13.77,17.88,13.53,12.8,11.84,13.16,56.01,53.28,60.36,55.09,58.53,57.2,57.27,116.37,62.13,88.58,89.7,107.9,77.79,103.87,140.17,152.02,116.44,140.12,135.25,127.04,140.57,34.84,37.58,36.84,36.39
"249","OH18-46-89",13.22,18.96,13.76,13.71,12.47,13.03,56.94,53.66,62.86,58.23,59.88,58.96,57.23,113.42,68.94,96.96,120.98,109.94,75.31,94.2,139.14,151.05,118.82,139.09,135.19,127.9,140.02,37.5,43.78,38.71,39.81
"250","OH18-65-13",13.29,18.32,13.76,15.51,12.07,13.19,58.05,51.07,62.45,54.61,63.6,56.53,57.75,120.79,56.47,96.78,80.84,120.24,64.79,95.05,134.98,150.92,113.09,137.69,133.83,124.19,136.47,34.93,34.75,36.78,35.01
"251","OH18-65-54",13.6,18.06,13.77,14.8,11.99,13.18,58.23,51.91,62.26,53.99,62.58,56.74,58.81,118.43,57.16,83.08,94.92,116.88,74.33,104.4,135.84,150.97,113.21,137.22,132.82,123.06,136.49,33.88,35.84,36.11,32.96
"252","OH18-78-33",13.53,18.3,13.93,13.33,12.05,13.12,55.65,52.43,60.59,54.97,59.5,56.3,57.17,110.25,78.72,90.78,101.79,116.15,59.94,100.26,137.64,152,115.63,138.88,134.85,126.58,140.04,34.07,35.84,38.39,36.23
"253","OH18*104-99",12.76,17.52,13.41,14.74,11.77,12.81,56.96,51.85,61.87,54.03,60.92,57.44,56.44,111.2,51.03,85.75,106.27,87.61,71.57,78.04,138.21,149.27,108.47,134.1,131.45,123.41,133.38,38.93,39.81,41.96,38.16
"254","OH18*105-13",12.54,17.05,12.8,12.74,11.13,11.88,56.3,51.33,60.12,56.51,58.97,57.4,56.33,106.41,40.18,81.96,101.08,82.14,58.65,89.32,137.94,149.12,108.33,132.94,131.13,121.94,133.49,37.92,35.98,37.64,34.97
"255","OH18*48-106",13.11,17.82,14.49,13.36,NA,12.79,56.88,51.76,59.94,55.55,58.72,NA,56.91,115.06,79.66,101,115.22,117.23,NA,96.66,137.94,151.87,113.01,139.41,135.09,NA,137.95,35.3,35.05,37.79,33.88
"256","OH19-129-17",13.23,17.24,13.16,13.53,11.61,12.84,56.64,51.88,61.07,51.85,59.39,56.03,57.72,121.49,70.45,93.1,90.36,108,71.29,108.64,137.03,151.03,114.67,138.59,134.2,124.7,138.22,38.81,39.75,43.79,40
"257","OH19-135-38",13.39,18.45,13.67,12.83,12,12.96,56.77,51.32,60.82,54.43,57.16,55.97,57.15,117.4,68.7,89.12,97.77,98.36,69.71,94.64,137.33,151.5,118.7,139.9,134.96,127.74,139.3,34.58,36.18,36.26,33.36
"258","OH19-145-14",13.04,16.87,13.21,13.08,11.81,12.59,57.36,51.54,59.68,54.83,59.45,56.99,56.75,117.12,48.37,82.93,121.61,112.36,54.91,93.05,NA,151.95,115.07,138.88,136.29,127.17,139.34,35.45,40.89,38.19,38.17
"259","OH19-161-70",14.19,18.65,13.75,14.23,12.17,13.36,57.84,50.53,62.28,54.73,61.94,57.52,59.09,116.15,58.36,92.97,102.64,110.81,76.82,102.22,138.91,151.38,113.6,139.89,135.74,127.42,140.67,33.83,34.43,37.08,34.93
"260","OH19-167-5",12.99,18.08,13.45,13.1,11.83,12.62,56.39,51.82,58.76,50.81,59.37,55.87,54.99,122.19,64.75,83.13,110.3,115.28,78.32,101.5,136.52,151,113.41,137.43,133.28,124.38,138.2,35.46,39.07,39.29,35.98
"261","OH19-46-83",13.05,17.53,13.34,13.2,11.8,12.74,56.7,50.55,59.95,57.16,57.99,56.01,56.22,111.83,64.79,81.35,112,112.44,67.74,98.69,135,150.05,116.82,140.03,134.99,125.48,136.53,32.95,38.37,37.42,33.36
"262","OH19-62-43",13.24,17.76,13.69,13.04,NA,12.88,57.1,52.05,61.87,51.37,58.43,NA,56.65,104.09,68.67,82.59,90.14,110.69,NA,86.1,136.77,151.03,114.07,140.61,134.78,NA,137.37,31.93,36.35,37.29,33.87
"263","OH19-71-5",13.08,17.97,13.69,14.41,12.02,13.18,58.24,54.04,61.29,54.6,61.44,57.75,57.07,110.7,78.76,93.9,103.28,109.33,69.69,99.49,135.69,150.05,113.04,138,133.47,124.13,137.45,34.99,39.63,40.87,37.59
"264","OH19*101-1",13.15,17.47,13.33,14.46,12.29,12.73,58.16,53.3,61.53,53.42,61.25,58.3,57.1,120.07,65.69,77.73,82.77,113.43,64.02,95.52,135.08,151.42,113.58,138.5,134.28,126.02,137.37,34.45,33,36.63,32.69
"265","OH19*102-76",13.47,16.75,13.77,14.03,12.26,12.68,57.98,52.66,60.31,53.43,59.57,55.99,56.8,124.14,60.89,86.99,90.87,116.74,71.64,101.2,142.59,151.5,116.13,139.57,135.22,124.52,136.64,40.1,39.67,39.22,42.03
"266","OH19*103-77",12.67,16.96,13.4,12.61,11.81,12.19,55.83,51.06,57.85,55.78,58.37,56.83,55.66,107.71,61.96,80.72,115.18,110.96,66.82,83.25,142.59,152.31,115.43,140.22,134.89,129.36,142.27,31.19,36.75,37.5,33.91
"267","OH19*138-14",13.66,17.93,13.48,13.38,NA,12.85,58.68,52.04,62.53,56.04,60.6,NA,58.94,114.86,85.5,86.67,110.16,103.27,NA,95.1,137.91,151.43,116.35,137.66,135.47,NA,139.17,38.16,44.53,39.92,40.9
"268","OH20-1-110",12.82,16.94,13.39,12.57,NA,12.63,56.38,51.68,60.38,54.09,59.1,NA,55.81,108.23,66.26,84.07,87.97,107.47,NA,98.55,132.21,149.04,112.68,133.64,130.78,NA,133.97,35,36.07,38.87,34.39
"269","OH20-1-12",13.01,17.13,13.29,13.17,NA,12,56.78,52.45,59.99,48.48,59.04,NA,55.31,108.95,70.25,82.16,86.64,104.41,NA,93.53,131.02,150.1,112.96,138.33,130.66,NA,136.01,33.95,35.9,33.17,35.07
"270","OH20-1-98",13.16,17.64,13.44,13.8,NA,13.23,60.04,54.29,62.45,57.9,62.09,NA,55.86,105.2,68.93,86.11,109.48,116.71,NA,76.55,132.23,149.97,110.12,134.19,133.53,NA,134.92,37.28,43.04,40.25,37.74
"271","OH20-110-17",11.98,17.11,13.3,11.5,NA,12.16,57.82,50.9,59.86,55.32,58.74,NA,54.98,98.91,56.67,87.57,93.04,112.08,NA,91.8,132.37,149.94,114.07,137.09,132.38,NA,134.71,35.22,33.38,36.97,32.32
"272","OH20-16-18",12.83,17.36,13.24,11.44,NA,12.42,55.97,51.92,59.08,54.24,56.44,NA,57.18,104.7,69.11,79.96,112.52,111.8,NA,95.22,135.01,150.58,113.24,138.18,134.87,NA,137.64,33.94,36.16,37.51,35.25
"273","OH20-16-3",12.98,16.93,13.41,NA,NA,12.81,56.79,50.8,60.69,NA,NA,NA,56.2,116.59,41.18,90.82,NA,NA,NA,91.4,NA,152.18,NA,142.63,NA,NA,143.1,34.13,NA,NA,37.23
"274","OH20-17-110",12.93,17.81,13.69,14.65,NA,12.77,56.49,52.68,60.86,56.79,61.93,NA,59.8,111.6,69.29,96,96.45,110.74,NA,103.36,139.24,151.11,116.61,137.32,135.12,NA,137.38,38.18,42.27,38.59,38.55
"275","OH20-17-3",13.39,17.72,13.66,13.4,NA,13.22,57.64,53.27,60.91,52.33,59.87,NA,59.95,110.35,88.71,88.86,101.32,106.32,NA,106.27,138.18,150.61,123.59,139.37,136.12,NA,139.21,34.67,41.84,38.4,38.38
"276","OH20-17-42",12.59,17.71,13.6,12.38,NA,12.45,55.95,51,61.05,53.1,59.3,NA,56.82,109.49,60.5,94.52,113.93,102.45,NA,100.46,134.27,150.02,114.01,137.77,133.01,NA,136.64,36.95,38.09,39.01,36.31
"277","OH20-17-66",13.08,17.77,13.33,12.34,NA,12.56,55.57,52.15,59.56,51.24,58.11,NA,56.18,125.75,70.5,86.07,110,107.09,NA,102.13,136.63,151.05,113.32,141.23,134.07,NA,136.79,31.57,35.49,35.1,33.52
"278","OH20-18-51",12.4,16.79,13.21,12.34,NA,12.24,55.35,50.79,60.2,51.26,58.1,NA,57.02,121.43,53.68,89.89,106.37,116.52,NA,101.27,141.97,150.86,120.19,144.78,134.52,NA,138.18,35.04,37.79,37.64,35.86
"279","OH20-21-15",13.24,18.2,13.7,12.53,NA,13.16,55.08,51.54,59.73,55.61,57.47,NA,55.29,107.01,83.67,87.62,107.89,123.71,NA,90,138,151.15,117.52,138.61,136.14,NA,136.84,31.65,38.77,34.15,32.88
"280","OH20-22-43",12.84,17.71,13.33,13.36,NA,12.75,57.87,51.58,61.57,49.74,60.31,NA,57.57,102.32,72.61,92.33,79.32,105.12,NA,97.63,135.58,149.48,113.29,137.47,133.58,NA,136.75,36.74,37.27,39.37,36.77
"281","OH20-22-66",12.86,17.02,13.6,11.77,NA,12.45,59.27,51.58,60.73,53.18,56.66,NA,58.27,119.83,84.73,86.43,94.07,97.79,NA,84.37,136.7,151.1,114.25,138.37,134.73,NA,140.41,37.8,38.81,35.64,35.89
"282","OH20-23-86",13.35,18.19,13.69,13.08,NA,13.03,58.55,53.05,59.74,54.17,59.2,NA,56.32,116.4,66.7,89.36,107.16,106.48,NA,87.45,136.37,150.98,113.57,137.24,131.78,NA,137.38,34.91,39.49,37.22,35.35
"283","OH20-3-5",13.42,17.87,13.4,NA,NA,13.21,56.03,52.41,59.7,NA,NA,NA,56.53,103.15,60.63,80.37,NA,NA,NA,100.49,140.98,151.1,NA,142.23,NA,NA,142.33,37,NA,NA,38.74
"284","OH20-36-108",13.61,17.63,13.38,NA,NA,13.28,56.91,52.28,60.08,NA,NA,NA,58.62,101.45,62.51,83.65,NA,NA,NA,90.6,139.01,151.94,NA,137.39,NA,NA,141.64,32.48,NA,NA,36.15
"285","OH20-36-80",12.74,16.62,13.8,13.48,NA,12.57,56.62,52.79,61.09,56.49,60.15,NA,55.64,125.64,65.15,92.38,91.78,120.82,NA,97.41,135.85,150.66,112.17,138.05,133.66,NA,135.84,35.67,38.55,40.21,35.72
"286","OH20-8-108",13.32,17.54,13.04,12.76,NA,12.85,55.61,51.03,60.1,52.87,58.25,NA,59.53,119.89,68.34,91.44,107.67,109.66,NA,101.59,136.59,150.16,112.78,135.6,134.19,NA,138.37,34.36,42.37,39.89,39.56
"287","OH20-8-28",13.01,17.8,13.43,13.79,NA,12.86,54.97,51.73,61.69,50.94,60.26,NA,55.67,96.76,70.96,95.16,83.78,93.75,NA,98.8,135.01,150.14,113.83,137.73,134.54,NA,136.51,35.23,39.86,37.63,36.74
"288","OH20-94-25",12.62,16.86,13.04,13.73,NA,12.28,58.36,53.04,60.4,54.22,60.85,NA,57.49,102.28,50.08,83.9,108.82,109.3,NA,88.77,134.99,150.85,112.16,137.29,131.97,NA,135.18,33.46,37.97,41.51,35.06
"289","OH20-96-116",13.62,17.86,13.43,NA,NA,13.16,57.67,52.94,61.28,NA,NA,NA,57.56,116.22,70.61,82.41,NA,NA,NA,103.87,137.06,150.93,NA,136.81,NA,NA,136.47,34.98,NA,NA,34.65
"290","OH20-96-99",13.01,18.9,13.48,11.63,NA,13.1,60.78,49.26,59.57,52.47,57.33,NA,56.71,119.75,83.99,84.57,93.77,106.71,NA,103.48,135.04,150.91,113.77,139.85,134.15,NA,137.42,32.62,35.65,36.87,35.32
"291","OH20-98-32",12.86,17.26,13.23,13.26,NA,12.84,57.33,49.09,59.21,54.24,59.67,NA,55.42,122.45,47.16,81.32,113.41,109.29,NA,87.42,139.81,151.11,113.32,136.65,132.24,NA,135.61,35.46,34.74,35.92,34.11
"292","OH20*13-104",12.77,18.43,13.73,13.03,NA,12.53,59.61,52.23,60.3,51.82,58.24,NA,56.32,103.72,98.55,83.97,114.1,107.09,NA,84.13,137.41,152.02,114.6,140.47,135.62,NA,136.67,34.35,37.69,36.88,43.55
"293","OH20*24-51",12.98,16.82,13.59,12.85,NA,12.69,59.11,54.91,61.56,52.1,59.2,NA,58.1,116.11,70.2,81.75,87.24,98.18,NA,92.43,141.75,150.16,113.5,138.94,134.08,NA,137.62,34.57,35.76,38.62,35.91
"294","OH20*28-21",13.62,18.37,13.76,NA,NA,12.86,56.06,53.57,63.44,NA,NA,NA,58.13,101.44,69.4,84.83,NA,NA,NA,79.01,133.92,150.04,NA,136.86,NA,NA,134.9,35.77,NA,NA,41.58
"295","OH20*4-84",13.05,18.17,13.4,13.74,NA,12.84,58.62,52.1,62,58.16,60.5,NA,56.87,109.08,57.1,88.11,123.26,115.09,NA,91.85,138.12,150.02,114.9,138.49,133.62,NA,137.5,34.13,35.42,39.38,34.43
"296","OH20*44-72",13.44,17.15,13.75,14.26,NA,12.41,55.74,53.46,62.28,52.12,61.29,NA,62.21,110.64,77.59,94.03,91.14,105.04,NA,91.43,134.96,149.96,113.9,137.6,134.02,NA,135.96,39.01,40.42,36.51,37.83
"297","OH20*46-96",12.91,17.1,13.14,13.23,NA,12.5,57.34,53.22,60.51,56.87,58.67,NA,57.64,116.4,40.43,77.09,124.61,108.1,NA,97.65,137.79,149.99,113.62,137.33,135.08,NA,137,35.5,40.17,43.37,38.05
"298","OH20*49-18",12.54,17.07,13.36,14.4,NA,12.16,57.37,52.66,62.52,50.06,61.46,NA,56.43,93.68,63.96,73.59,82.79,95.92,NA,93.9,134.57,150.97,115.22,136.11,134.44,NA,137.27,34.45,34.26,38.03,34.67
"299","OH20*92-110",13.45,16.98,13.75,14.1,NA,12.5,57.59,52.47,60.92,56.19,60.98,NA,58.13,105.91,71.78,83.2,93.69,109.79,NA,83.37,135.96,150.91,111.44,139.55,133.29,NA,135.45,42.04,45.25,42.78,38.97
"300","OH20*92-43",12.37,17.01,13.23,13.12,NA,12.29,56.82,53.46,60.96,57.64,59.16,NA,56.77,100.04,84.54,87.71,108.39,104.13,NA,84.34,134.86,150.21,111.11,135.08,133.16,NA,135.53,38.81,40.91,39.58,38.98
"301","Pio 25R40",13.17,18.55,13.78,14.38,11.57,12.77,57.68,52.54,60.12,51.18,60.48,58.85,57.77,128.93,93.4,94.98,107.32,122.99,56.72,97.69,136.99,151.94,115.6,140.78,134.39,125.49,139.92,32.17,34.46,35.69,31.96
"302","Pio 25R74",12.99,16.73,13.07,14.55,11.3,12.47,57.33,53.35,60.1,56.22,59.23,57.83,57.62,116.36,86.64,91.74,105.46,116.54,63.17,101.16,135.48,151.31,113.6,136.67,133.18,125.05,137.4,31.56,35.95,36.57,33.27
"303","SC13S26",13.93,NA,NA,NA,11.89,13,54.76,NA,NA,NA,NA,56.68,57.42,106.22,NA,NA,NA,NA,65.52,96.11,NA,NA,NA,NA,NA,126.84,140.44,NA,NA,NA,35.87
"304","SY 100",NA,NA,13.42,NA,NA,NA,NA,NA,58.24,NA,NA,NA,NA,NA,NA,92.27,NA,NA,NA,NA,NA,151.7,NA,NA,NA,NA,NA,32.61,NA,NA,NA
"305","SY100",13.14,17.97,NA,12.47,11.76,12.61,55.25,50.6,NA,52.99,58.28,55.18,56.49,132.01,93.12,NA,101.29,120.63,77.96,105.81,136.83,NA,117.07,141.48,134.23,125.64,139.77,NA,32.55,42.18,34.9
"306","X14-1008-92-13-3",13.89,17.39,13.38,14,NA,13.06,57.05,53.33,61.82,56.16,60.83,NA,58.77,106.21,85.31,95.78,112.27,105.78,NA,98.99,137.24,150.76,116.82,140.44,134.13,NA,139.45,35.04,39.99,38.69,36.28
"307","X14-1027-131-19-5",12.73,16.92,13.24,14.25,NA,12.38,57.44,53.41,60.61,53.83,60.36,NA,56.34,105.83,89.9,88.86,96.06,101.94,NA,102.66,135.92,151.49,115.55,138.82,135.19,NA,138.56,35.48,37.15,35.94,37.22
"308","X14-1031-103-4-1",12.78,16.82,12.76,14.44,NA,11.98,56.49,52.73,58.41,54.75,59.16,NA,56.45,124.84,73.12,84.49,111.26,103.51,NA,101.19,135.36,152.05,113.04,137.21,134.15,NA,137.63,34.54,37.31,37.07,35.32
"309","X14-1031-104-7-3",12.9,18.04,13.56,13.87,NA,12.58,55.2,52.05,60.45,55.72,58.97,NA,54.92,102.41,83.99,84.02,104.67,109.62,NA,97.37,139.46,152.09,125.81,140.68,135.7,NA,140.86,35.46,40.99,40.49,37.53
"310","X14-1107-95-18-5",13.15,17.36,13.13,13.9,NA,12.36,57.38,53.66,60.21,54.99,61.05,NA,57.18,125.25,84.8,86.02,104.79,107.52,NA,91.41,137.82,152.05,120.62,142.24,136.99,NA,141.67,34.48,36.6,37.56,37.84
"311","X14-1107-95-19-5",13.48,18.6,13.64,14.94,NA,13.2,58.06,54.01,62.39,50.56,61.6,NA,56.49,99.15,79.13,89.76,118.86,105.69,NA,98.24,137.7,151.48,113.29,141.04,134.89,NA,139.9,35.86,41.41,40.93,35.72
"312","X14-1110-80-12-1",13.4,17.91,13.2,14.64,NA,12.88,59.94,51.84,61.6,55.74,61.75,NA,57.93,106.19,69.28,86.1,108.07,101.1,NA,99.18,137.97,151.48,115.83,139.46,134.45,NA,140.73,33.89,38.87,37.33,36.3
"313","X14-1147-137-4-1",13.07,16.93,13.12,13.49,NA,12.25,57.94,53.41,61.7,51.86,61.11,NA,57.24,116.42,75.32,78.93,96.04,114.55,NA,97.4,138.63,152.06,115.42,140.52,135.02,NA,137.82,34.73,36.88,40.47,36.07
"314","X14-1147-158-14-5",12.48,17.31,13.42,12.93,NA,12.09,55.08,51,58.49,50.82,57.79,NA,53.78,110.09,85.17,83.48,94.68,96.18,NA,83.27,136.37,150.99,117.95,138.21,134.04,NA,139.23,33.65,31.48,37.62,34.37
"315","X14-1205-147-13-5",13.64,17.75,14.08,14.3,NA,13.77,56.37,51.5,61.85,53.8,62.25,NA,57.03,102.59,61.69,93.2,66.18,106.87,NA,106.69,137.58,149.96,116.27,137.49,133.17,NA,137.82,37.37,36.91,41.51,38.78
"316","X14-1205-147-16-1",12.98,17.83,14.31,15.13,NA,13.38,60.23,52.63,62.12,53.78,63.13,NA,58.01,104.48,52.66,92.27,96.95,103.5,NA,102.73,144.24,150.48,113.25,138.39,134.74,NA,136.91,37.11,40.7,40.48,37.82
"317","X14-1206-52-2-1",13.13,16.54,13.22,14.11,NA,12.41,59.19,53.52,60.05,49.67,59.91,NA,58.36,125.37,66.99,85.59,90.92,106.42,NA,95.66,138.61,152.07,113.22,136.54,134.43,NA,138.22,37.17,38.1,40.52,39.99
"318","X14-1209-140-12-1",13.72,18.06,13.57,13.39,NA,12.99,57.04,53.64,61.53,56.98,59.74,NA,56.67,112.2,72.3,86.59,98.79,100.59,NA,98.45,138.97,150.67,114.51,138.6,135.42,NA,138.36,36.26,40.61,36.74,37.34
"319","X14-1209-141-18-3",13.31,17.99,13.54,12.93,NA,13.04,58.07,54.04,61.32,52.99,58.76,NA,56.32,110.03,79.85,82.25,96.24,110.91,NA,99.07,135.09,150.64,117.29,137.15,134.43,NA,137.56,34.6,37.67,37.38,43.36
"320","X14-1217-49-11-1",13.69,17.87,13.95,15.55,NA,13.41,58.91,53.28,62.71,56.88,61.97,NA,60.27,112.26,73.48,88.76,91.24,95.56,NA,98.84,134.94,151.31,114.11,136.86,134.43,NA,138.27,38.23,37.35,39.16,39.61
"321","X14-1305-15-7-3",13.17,18.08,13.88,13.93,NA,13.29,57.34,54,62.47,41.11,61.67,NA,58.88,103.42,70.16,85.7,97.62,109.2,NA,90.83,137.15,150.96,113.2,140.31,134.08,NA,137.72,39.44,37.42,37.83,38.17
"322","X15-1004-16-4-5-1",13.58,17.55,13.87,12.17,NA,13.15,54.2,51.47,61.51,53.26,57.99,NA,57.2,84.49,85.92,91.18,99.04,119.53,NA,101.14,138.81,149.84,113.93,142.58,136.21,NA,139.63,32.92,39.08,39.11,34.49
"323","X15-1004-24-1-1-7",13.95,18.6,14.91,14.23,NA,14.23,57.88,52.99,61.37,57.41,61.27,NA,59.62,110.23,84.75,99.6,104.33,114.63,NA,108.98,138.8,151.6,116.68,141.61,138.2,NA,143.22,36.14,39.42,43,39.56
"324","X15-1073-34-20-5-7",12.84,17.53,12.92,14.53,NA,12.13,55.79,53.83,61.45,51.98,61.6,NA,52.55,92.72,76.34,86.03,97.06,98.56,NA,83.63,134.83,150.99,111.65,138.64,133.96,NA,136.17,41.68,37.78,40.58,41.21
"325","X15-1073-35-7-1-1",12.68,17.02,13.09,13.47,NA,12.11,57.87,53.68,61.3,55.25,59.13,NA,53.96,86.42,47.52,73.43,97.78,93.34,NA,86.35,140,150.13,113.96,139.07,132.57,NA,137.93,39.86,38.72,40.6,35.97
"326","X15-1073-36-20-3-4",12.65,16.4,12.91,14.42,NA,12.16,59.4,54.54,61.04,53.81,61.29,NA,55.99,101.07,50.93,88.66,111.16,94.84,NA,91.44,135.38,150.22,114.69,137.02,133.71,NA,136.34,39.14,37.5,39.5,35.91
"327","X15-1073-37-1-1-1",13.04,16.93,13.3,13.41,NA,12.86,58.66,51.92,60.57,56.4,60.56,NA,59.87,109.42,73.25,83.65,101.85,109.45,NA,100.74,136.87,150.76,115.13,139.34,135.77,NA,136.69,32.89,36.63,36.45,36.84
"328","X15-1079-130-7-5",13.23,17.21,13.15,12.92,NA,12.44,57.32,51.8,61.28,50.32,59.42,NA,59.32,101.66,67.18,85.01,95.33,94.63,NA,102.11,138.58,152.09,115.61,139.51,134.53,NA,139.31,35.11,37.85,40.85,37.66
"329","X15-1085-56-15-3-10",13.79,17.46,13.61,13.8,NA,12.89,55.89,52.83,60.76,54,60.68,NA,65.08,94.22,64.35,82.23,107.16,98.36,NA,100.8,139.18,150.97,114.98,138.75,133.95,NA,139.14,36.06,38.9,35.43,32.72
"330","X15-1085-56-15-3-11",12.96,17.01,13.3,13.3,NA,12.63,60.28,53,61.81,56.46,60.19,NA,58.19,98.21,76.17,88.83,92.3,98.89,NA,89.98,135.89,150.15,113.64,139.73,133.96,NA,135.68,35.02,37.91,36.59,34.53
"331","X15-1085-56-15-3-8",13.06,17.13,12.79,14.45,NA,12.22,60.06,54.39,62.4,57.24,62.63,NA,60.01,117.8,77.38,91.1,94.27,103.07,NA,97.49,135.28,151.22,114.47,140.17,134.29,NA,138.14,35.43,38.84,40.81,36.6
"332","X15-1085-57-3-5-13",12.93,18.59,13.39,13.33,NA,13.08,58.18,50.27,61.07,53.57,60.91,NA,53.84,90.96,65.07,86.14,112.51,108.61,NA,90.83,134.92,149.99,113.67,139.6,136.05,NA,138.32,36.51,39.11,41.24,37.31
"333","X15-1091-49-2-3",12.41,16.96,12.99,14.33,NA,12.89,54.65,53.64,60.46,53.12,61.65,NA,56.6,106.64,77.17,85.8,95.1,116.14,NA,89.71,137.86,149.87,116.91,138.53,134.35,NA,139.88,33.3,35.91,35.91,33.55
"334","X15-1091-98-18-3",13.29,16.88,13.04,12.35,NA,12.13,57.09,54.3,60.97,57.33,58.71,NA,59.57,114.58,74.2,88.12,125.75,107.76,NA,105.77,135.63,151.1,110.46,137.72,134.16,NA,138.26,35.53,38.4,39.79,37.08
"335","X15-1118-27-1-3",12.97,17.3,13.08,14.87,NA,12.61,58.74,53.32,61.22,56.07,61,NA,57.27,108.5,76.24,82.91,98.82,105,NA,90.12,138.04,150.98,125.12,141.47,134.82,NA,141.07,34.53,41.24,41.63,37.57
"336","X15-1141-5-20-1-4",13.44,17.25,13.51,12.54,NA,12.86,58.2,54.07,61.16,57.66,60,NA,59.69,83.03,76.02,80.05,100.83,100.64,NA,93.09,134.05,150.95,112.75,135.81,134.42,NA,138.57,32.6,36.27,36.9,34.47
"337","X15-1141-53-1-5-10",13.5,17.88,13.83,14.12,NA,13.03,56.59,52.88,61.14,53.7,60.29,NA,58.35,93.4,62.19,92.66,102.98,118.08,NA,100.65,135.84,150.06,116.51,141.06,132.88,NA,137.27,35.42,36.76,38.53,34.8
"338","X15-1141-53-2-5-2",13.1,17.53,13.42,13.08,NA,12.91,55.41,50.9,60.43,56.81,59.05,NA,56.51,115.92,72.14,93.95,104.76,107.11,NA,106.02,136.59,151.24,121.56,137.86,134.39,NA,140.91,39.99,44.24,42.93,38.41
"339","X16-1002-4-3-3-1",13.5,18.34,12.95,12,NA,13.06,57.45,52.82,60.71,54.69,58.99,NA,59.53,122.09,82.14,89.86,105.85,107.3,NA,107.02,135.5,149.91,111.09,138.83,133.9,NA,135.68,34.75,37.29,36.87,34.88
"340","X16-1007-30-19-5-1",14.11,17.37,13.43,12.44,NA,13.07,56.82,54.18,61.51,56.73,58.74,NA,60.3,108.75,68.18,84.17,128.13,85.41,NA,86.92,136.9,151.25,113.48,139.33,133.81,NA,139.89,34.57,36.6,36.13,34.55
"341","X16-1008-42-10-3-1",12.92,17.52,13.44,13.16,NA,13.3,57.61,52.51,61.9,53.24,59.99,NA,57.44,105.24,64.64,81.01,88.65,103.44,NA,104.35,137.93,152.09,117.76,142.09,134.96,NA,139.66,36.69,38.16,41.96,39.31
"342","X16-1016-35-3-1-1",12.83,17.39,14.01,16.33,NA,12.84,60.38,52.96,62.34,51.56,63.27,NA,58.47,122.89,74.48,83.95,101.36,104.45,NA,102.84,138.2,151.15,113.33,137.7,133.9,NA,137.13,34.73,39.92,39.62,35.87
"343","X16-1016-36-11-3-1",13.39,17.81,14.04,15.83,NA,12.78,60.72,54.85,62.69,48.33,62.58,NA,57.9,118.76,89.92,85.48,83.8,102.25,NA,87.86,136.92,151.05,115.34,138.32,133.91,NA,138.89,36.01,37.73,40.05,36.76
"344","X16-1021-13-17-5-10",13.64,18.4,14.23,14.03,NA,13.28,56.65,52.28,62.49,54.24,60.82,NA,58.24,106.64,66.45,86.86,96.7,92.02,NA,104.97,138.15,149.76,114.3,140.33,134.99,NA,138.88,36.97,38.15,36.35,38.99
"345","X16-1021-131-19-1-1",13.64,19.83,14.28,14.52,NA,13.41,58.17,51.34,61.68,55.02,62.32,NA,55.5,107.36,77.77,86.86,105.52,122.62,NA,97.64,135.15,151.99,112,137.86,135.11,NA,137.94,33.5,38.92,38.82,36.31
"346","X16-1021-84-8-5-1",13.76,18.18,14.19,14.83,NA,13.26,51.99,50.9,62.2,51.24,61.02,NA,54.92,97.51,75.45,85.66,102.02,111.91,NA,93.94,135.16,151.95,114.14,138.74,134.26,NA,139.36,37.59,37.42,42.71,37.57
"347","X16-1023-25-11-1-1",13.93,19.43,13.83,13.44,NA,14.83,59.84,52.91,63.13,44.79,61.88,NA,55.46,111.09,77.27,87.88,95,111.16,NA,66.14,138.49,152.1,116.61,139.22,134.01,NA,139.45,36.55,38.77,43.8,41.35
"348","X16-1023-26-15-1-6",13.24,18.51,13.9,15.5,NA,13.04,56.83,52.08,61.49,54.66,62.3,NA,58.01,128.68,82.21,93.44,93.91,103.4,NA,94.62,136.11,150.99,115.13,139.02,134.92,NA,140.02,39.19,40.95,43.09,41.91
"349","X16-1023-26-16-1-10",13.27,18.08,13.91,14.81,NA,12.78,55.7,52.68,62.41,57.1,63.88,NA,55.57,106.84,73.72,77.21,103.95,118.87,NA,82.98,133.74,150.13,111.56,136.65,131.84,NA,135.53,34.55,39.94,40.44,37.52
"350","X16-1023-26-16-1-4",13.11,18.59,14.05,14.47,NA,12.87,56.44,53.31,62.08,NA,63.42,NA,57.82,103.82,65.11,81.83,NA,112.97,NA,95.06,135.29,149.86,113.72,137.8,132.57,NA,136.74,38.86,38.94,39.94,37.22
"351","X16-1023-26-19-1-8",13.41,18.41,13.51,14.86,NA,13.18,57.04,52.74,62.15,54.63,62.18,NA,59.34,117.52,93.26,87.71,115.02,106.52,NA,91.42,137.98,150.81,114.38,139.71,136.66,NA,140.91,42.38,42.51,40.58,41.29
"352","X16-1023-86-4-5-1",13.49,17.87,13.6,14.92,NA,13.59,59.36,54.24,61.77,56.17,64.18,NA,58.72,104.32,74.02,86.01,98.23,113.85,NA,96.72,137.45,150.94,115.82,139.55,136.7,NA,140.84,35.53,36.68,38.35,39.5
"353","X16-1026-45-1-5-10",14.09,18.48,14.1,16.31,NA,13.58,59.75,52.65,63.04,52.19,65.35,NA,59.41,112.99,81.55,95.82,103.38,116.54,NA,94.41,136.24,151.23,112.7,136.16,134.46,NA,138.9,38.36,36.46,38.76,40.22
"354","X16-1030-123-17-1-1",12.94,18.87,13.73,14.69,NA,13.08,55.82,52.11,61.39,57.34,61.19,NA,56.02,101.42,77.47,90.37,85.71,101.04,NA,102.7,137.59,151.05,114.61,138.27,133.96,NA,136.81,33.61,33.51,34.2,35.46
"355","X16-1042-128-13-5-1",13.66,17.37,13.7,13.16,NA,12.94,58.52,53.83,61.77,54.79,59.42,NA,56.83,114.08,66.43,83.42,77.68,100.54,NA,92.98,141.08,152.24,119.94,141.59,136.38,NA,141.24,34.44,35.37,41.07,36.79
"356","X16-1047-72-18-5-1",13.99,18.59,13.98,14.15,NA,13.52,58.85,52.48,63.34,56.95,61.58,NA,59.67,98.31,72.84,81.67,95.69,101.05,NA,100.16,137.72,151.07,116.56,141.49,134.84,NA,138.63,34.35,41.46,37.37,35.45
"357","X16-1067-132-1-1-1",12.89,17.3,12.74,13.55,NA,12.72,58.66,53.77,61.05,53.59,61.16,NA,54.38,114.99,61.83,78.91,81.4,89.34,NA,73.9,135.16,150.74,114.9,135.45,135.43,NA,135.37,34.22,33.35,37.34,32.51
"358","X16-1067-134-8-5-1",13.29,17.68,13.66,13.92,NA,13.06,58.85,53.11,62.22,55.43,60.58,NA,55.95,95.1,70.19,78.02,88.17,104.91,NA,98.14,136.7,152.27,114.3,138.24,134.91,NA,139.49,36.86,38.11,43.08,37.53
"359","X16-1068-33-3-5-4",13.46,18.07,13.54,13.57,NA,11.98,58.06,52.24,59.73,52.14,59.51,NA,54.41,119.6,82.57,87.03,106.53,106.64,NA,82.36,136.86,152.17,114.78,141.33,132.43,NA,138.32,35.03,37.6,40.3,33.63
"360","X16-1077-48-9-3-1",NA,17.06,13.18,15.8,NA,13.63,NA,54.64,63.41,55.24,62.32,NA,58.45,NA,68.29,81.57,97.92,88.09,NA,90.41,137.91,151.87,114.87,141.19,135.51,NA,139.62,41.35,43.54,42.17,42.21
"361","X16-1079-65-13-5-1",13.19,17.28,13.55,15.03,NA,12.67,58.64,53.85,61.2,53.61,63.1,NA,59,98.57,82.78,93.2,120.88,92.26,NA,118.83,141.22,151.86,114.77,139.58,134.96,NA,137.98,36.71,41.75,39.17,36.35
"362","X16-1079-73-15-3-2",12.67,17.38,12.84,13.68,NA,12.01,57.18,53.87,60.43,54.81,60.48,NA,56.6,105.51,82.22,86.26,85.46,91.02,NA,87.73,135.66,149.89,114.95,137.65,135.73,NA,139.18,33.36,36,36.48,33.64
"363","X16-1081-22-11-3-13",12.53,16.35,13.1,13.59,NA,12.09,57.1,54.34,62.12,53.15,60.96,NA,59.68,102.56,63.75,69.82,76.89,76.86,NA,91.52,135.5,150.2,112.69,138.62,132.2,NA,139.8,35.34,36.13,39.5,38.9
"364","X16-1088-99-14-1-4",12.66,17.89,13.39,10.74,NA,12.11,57.63,50.29,60.09,49.85,57.67,NA,55.83,116.51,65.53,86.82,102.88,97.56,NA,97.38,138.17,151.07,113.61,137.87,134.25,NA,137.16,34.04,38.34,38.99,37.17
"365","X16-1092-7-6-5-1",12.89,16.88,13.09,14.77,NA,12.24,56.93,54.95,62.19,50.93,61.28,NA,58.54,100.59,74.16,90.23,103.21,86.15,NA,88.8,134.96,150,113.72,137.52,133.91,NA,134.4,36.01,35.73,39.15,37.5
"366","X16-3013-1-12-5",15.78,18.01,13.82,13.88,NA,13.28,55.67,53.52,62.1,56.35,61.21,NA,58.11,103.36,73.2,84.82,105.81,112.02,NA,88.74,141.41,152.02,117.57,139.27,134.92,NA,140.72,32.29,36.2,36.4,31.99
