"","germplasmName","predicted.value","std.error","status","rel"
"1","02-18228",1.10655943339737,0.550172041907666,"Estimable",0.62872496956266
"2","07-19334",1.26040883920584,0.528830126285438,"Estimable",0.65697080497296
"3","07-20728",1.42690042485065,0.63285883873849,"Estimable",0.508738863946276
"4","07-4415",1.40002529752698,0.520241416609124,"Estimable",0.668022572405916
"5","12-26004",0.830656741037422,0.728287845429211,"Estimable",0.349413822149573
"6","16-10427",1.27058090486219,0.728248791167114,"Estimable",0.349483595336129
"7","16-11226",2.19424436858795,0.728248791167114,"Estimable",0.349483595336129
"8","16-12770",1.94385367059,0.728248791167114,"Estimable",0.349483595336129
"9","16-12830",1.27892726146212,0.728248791167114,"Estimable",0.349483595336129
"10","16-18448",2.19424436858795,0.728248791167114,"Estimable",0.349483595336129
"11","16-18648",2.44463506658589,0.728248791167114,"Estimable",0.349483595336129
"12","16-19018",1.24832395392904,0.728248791167114,"Estimable",0.349483595336129
"13","16-1922",1.30674845012856,0.728248791167114,"Estimable",0.349483595336129
"14","16-19346",2.24988674592082,0.728248791167114,"Estimable",0.349483595336129
"15","16-20838",2.33335031192014,0.728248791167114,"Estimable",0.349483595336129
"16","16-21764",1.16764250679637,0.728248791167114,"Estimable",0.349483595336129
"17","16-22039",1.2205027652626,0.728248791167114,"Estimable",0.349483595336129
"18","16-23348",1.5821782179263,0.728248791167114,"Estimable",0.349483595336129
"19","16-23766",1.60999940659274,0.728248791167114,"Estimable",0.349483595336129
"20","16-23941",1.80474772725781,0.728248791167114,"Estimable",0.349483595336129
"21","16-23972",1.12591072379671,0.728248791167114,"Estimable",0.349483595336129
"22","16-2870",2.27770793458726,0.728248791167114,"Estimable",0.349483595336129
"23","16-28753",1.43472591799418,0.728248791167114,"Estimable",0.349483595336129
"24","16-28802",3.19580716057973,0.728248791167114,"Estimable",0.349483595336129
"25","16-30848",1.18433521999623,0.728248791167114,"Estimable",0.349483595336129
"26","16-32727",1.44307227459411,0.728248791167114,"Estimable",0.349483595336129
"27","16-32772",1.16207826906308,0.728248791167114,"Estimable",0.349483595336129
"28","16-33235",1.66564178392562,0.728248791167114,"Estimable",0.349483595336129
"29","16-33368",1.44307227459411,0.728248791167114,"Estimable",0.349483595336129
"30","16-33550",1.41803320479431,0.728248791167114,"Estimable",0.349483595336129
"31","16-34849",1.41525108592767,0.728248791167114,"Estimable",0.349483595336129
"32","16-36048",1.08139682193041,0.728248791167114,"Estimable",0.349483595336129
"33","16-36176",1.12591072379671,0.728248791167114,"Estimable",0.349483595336129
"34","16-36206",1.14260343699657,0.728248791167114,"Estimable",0.349483595336129
"35","16-36752",1.94385367059,0.728248791167114,"Estimable",0.349483595336129
"36","16-37107",1.63782059525918,0.728248791167114,"Estimable",0.349483595336129
"37","16-6214",1.22606700299589,0.728248791167114,"Estimable",0.349483595336129
"38","16-7828",1.44307227459411,0.728248791167114,"Estimable",0.349483595336129
"39","16-8048",0.998929590319141,0.550932856583261,"Estimable",0.627697411706071
"40","16-8605",1.38742989726123,0.728248791167114,"Estimable",0.349483595336129
"41","16-8737",1.86039010459068,0.728248791167114,"Estimable",0.349483595336129
"42","16-8739",2.36117150058658,0.728248791167114,"Estimable",0.349483595336129
"43","16-8834",1.64894907072575,0.728248791167114,"Estimable",0.349483595336129
"44","17-10948",1.86039010459068,0.728248791167114,"Estimable",0.349483595336129
"45","17-10964",1.88821129325712,0.728248791167114,"Estimable",0.349483595336129
"46","17-12172",1.88821129325712,0.728248791167114,"Estimable",0.349483595336129
"47","17-12564",1.33178751992835,0.728248791167114,"Estimable",0.349483595336129
"48","17-12623",1.1954636954628,0.728248791167114,"Estimable",0.349483595336129
"49","17-12954",1.44307227459411,0.728248791167114,"Estimable",0.349483595336129
"50","17-13024",1.55435702925986,0.728248791167114,"Estimable",0.349483595336129
"51","17-13938",1.13147496153,0.728248791167114,"Estimable",0.349483595336129
"52","17-15352",1.55435702925986,0.728248791167114,"Estimable",0.349483595336129
"53","17-15667",1.5126252462602,0.728248791167114,"Estimable",0.349483595336129
"54","17-17526",1.28170938032876,0.728248791167114,"Estimable",0.349483595336129
"55","17-17739",1.08617948070826,0.632558900862354,"Estimable",0.509204411381682
"56","17-18159",1.55435702925986,0.728248791167114,"Estimable",0.349483595336129
"57","17-18176",1.31787692559513,0.728248791167114,"Estimable",0.349483595336129
"58","17-18320",1.49871465192698,0.728248791167114,"Estimable",0.349483595336129
"59","17-18529",2.72284695325028,0.728248791167114,"Estimable",0.349483595336129
"60","17-18534",1.39363073740508,0.632558900862354,"Estimable",0.509204411381682
"61","17-19355",1.43474340545175,0.632558900862354,"Estimable",0.509204411381682
"62","17-19939",1.91603248192356,0.728248791167114,"Estimable",0.349483595336129
"63","17-20035",1.91603248192356,0.728248791167114,"Estimable",0.349483595336129
"64","17-20346",2.08295961392219,0.728248791167114,"Estimable",0.349483595336129
"65","17-20426",2.50027744391877,0.728248791167114,"Estimable",0.349483595336129
"66","17-20472",2.13860199125507,0.728248791167114,"Estimable",0.349483595336129
"67","17-21447",1.86039010459068,0.728248791167114,"Estimable",0.349483595336129
"68","17-21812",1.30118421239527,0.728248791167114,"Estimable",0.349483595336129
"69","17-22168",2.36117150058658,0.728248791167114,"Estimable",0.349483595336129
"70","17-23868",2.47245625525233,0.728248791167114,"Estimable",0.349483595336129
"71","17-23874",2.22839664948309,0.632558900862354,"Estimable",0.509204411381682
"72","17-23902",1.63851923837872,0.632558900862354,"Estimable",0.509204411381682
"73","17-23904",2.03177084578163,0.632558900862354,"Estimable",0.509204411381682
"74","17-23912",1.83256891592425,0.728248791167114,"Estimable",0.349483595336129
"75","17-24508",1.33464299629465,0.632558900862354,"Estimable",0.509204411381682
"76","17-24663",1.94239548046279,0.632558900862354,"Estimable",0.509204411381682
"77","17-24977",1.80474772725781,0.728248791167114,"Estimable",0.349483595336129
"78","17-25205",1.60276909225118,0.632558900862354,"Estimable",0.509204411381682
"79","17-25738",1.77692653859137,0.728248791167114,"Estimable",0.349483595336129
"80","17-25927",1.19700493370363,0.632558900862354,"Estimable",0.509204411381682
"81","17-25930",1.78805501405794,0.728248791167114,"Estimable",0.349483595336129
"82","17-26647",2.02731723658932,0.728248791167114,"Estimable",0.349483595336129
"83","17-26648",1.55435702925986,0.728248791167114,"Estimable",0.349483595336129
"84","17-27510",1.77692653859137,0.728248791167114,"Estimable",0.349483595336129
"85","17-27559",1.71001953063379,0.632558900862354,"Estimable",0.509204411381682
"86","17-27649",1.21130499215464,0.632558900862354,"Estimable",0.509204411381682
"87","17-27660",1.74910534992493,0.728248791167114,"Estimable",0.349483595336129
"88","17-27914",1.47089346326055,0.728248791167114,"Estimable",0.349483595336129
"89","17-28445",1.36239082746144,0.728248791167114,"Estimable",0.349483595336129
"90","17-2920",1.55435702925986,0.728248791167114,"Estimable",0.349483595336129
"91","17-29513",1.50624369770683,0.632558900862354,"Estimable",0.509204411381682
"92","17-29544",1.35966809858392,0.632558900862354,"Estimable",0.509204411381682
"93","17-30178",1.52653584059342,0.728248791167114,"Estimable",0.349483595336129
"94","17-30209",1.43750803686082,0.728248791167114,"Estimable",0.349483595336129
"95","17-30219",1.07583258419712,0.728248791167114,"Estimable",0.349483595336129
"96","17-30322",1.77692653859137,0.728248791167114,"Estimable",0.349483595336129
"97","17-30333",1.74910534992493,0.728248791167114,"Estimable",0.349483595336129
"98","17-30335",1.77692653859137,0.728248791167114,"Estimable",0.349483595336129
"99","17-31124",1.30068035747349,0.632558900862354,"Estimable",0.509204411381682
"100","17-31229",1.1916424117845,0.632558900862354,"Estimable",0.509204411381682
"101","17-31374",1.18155310112959,0.728248791167114,"Estimable",0.349483595336129
"102","17-31541",0.982504056938401,0.632558900862354,"Estimable",0.509204411381682
"103","17-31555",1.83514504208017,0.632558900862354,"Estimable",0.509204411381682
"104","17-31616",1.28449149919541,0.728248791167114,"Estimable",0.349483595336129
"105","17-4326",1.77692653859137,0.728248791167114,"Estimable",0.349483595336129
"106","17-5643",2.08295961392219,0.728248791167114,"Estimable",0.349483595336129
"107","17-6412",1.52653584059342,0.728248791167114,"Estimable",0.349483595336129
"108","17-6863",1.11756436719678,0.728248791167114,"Estimable",0.349483595336129
"109","17-7136",1.77692653859137,0.728248791167114,"Estimable",0.349483595336129
"110","17-7976",1.38742989726123,0.728248791167114,"Estimable",0.349483595336129
"111","17-7978",1.94385367059,0.728248791167114,"Estimable",0.349483595336129
"112","17-8004",1.38742989726123,0.728248791167114,"Estimable",0.349483595336129
"113","17-8036",1.52653584059342,0.728248791167114,"Estimable",0.349483595336129
"114","17-8057",1.40078076663059,0.632558900862354,"Estimable",0.509204411381682
"115","17-8143",1.50984312739356,0.728248791167114,"Estimable",0.349483595336129
"116","17-8152",1.83256891592425,0.728248791167114,"Estimable",0.349483595336129
"117","17-8620",1.03255426151695,0.632558900862354,"Estimable",0.509204411381682
"118","17-8626",1.43295589814537,0.632558900862354,"Estimable",0.509204411381682
"119","17-8628",1.52054375615784,0.632558900862354,"Estimable",0.509204411381682
"120","17-8636",1.45976850774103,0.632558900862354,"Estimable",0.509204411381682
"121","17-8643",1.91603248192356,0.728248791167114,"Estimable",0.349483595336129
"122","17-8738",1.60999940659274,0.728248791167114,"Estimable",0.349483595336129
"123","17-8749",1.11835461222304,0.632558900862354,"Estimable",0.509204411381682
"124","17-8824",1.08081695878913,0.632558900862354,"Estimable",0.509204411381682
"125","17-8831",1.6009815849448,0.632558900862354,"Estimable",0.509204411381682
"126","17-8832",1.44307227459411,0.728248791167114,"Estimable",0.349483595336129
"127","17-8930",1.6535767732229,0.63274219131921,"Estimable",0.508919944020026
"128","17-8948",1.99949604792288,0.728248791167114,"Estimable",0.349483595336129
"129","17-9161",1.35960870859479,0.728248791167114,"Estimable",0.349483595336129
"130","17-9211",2.36117150058658,0.728248791167114,"Estimable",0.349483595336129
"131","17-9320",1.03434176882333,0.632558900862354,"Estimable",0.509204411381682
"132","17-9339",1.63136920915321,0.632558900862354,"Estimable",0.509204411381682
"133","17-9663",1.15373191246315,0.728248791167114,"Estimable",0.349483595336129
"134","17-9832",1.88821129325712,0.728248791167114,"Estimable",0.349483595336129
"135","17-9839",1.86039010459068,0.728248791167114,"Estimable",0.349483595336129
"136","17-9968",1.19268157659616,0.728248791167114,"Estimable",0.349483595336129
"137","18-1010",1.22026155293667,0.728070212311446,"Estimable",0.349802591353191
"138","18-10148",1.92220188922877,0.818136068616002,"Estimable",0.178987466089752
"139","18-10212",1.34000091259867,0.671477755493257,"Estimable",0.44695309229882
"140","18-10216",1.35088376737287,0.671477755493257,"Estimable",0.44695309229882
"141","18-1050",1.20912282790902,0.818136068616002,"Estimable",0.178987466089752
"142","18-10732",1.88365707510338,0.818136068616002,"Estimable",0.178987466089752
"143","18-10753",1.70991447346599,0.728070212311446,"Estimable",0.349802591353191
"144","18-10767",1.49049997102438,0.818136068616002,"Estimable",0.178987466089752
"145","18-10768",2.23896671475441,0.632602006468352,"Estimable",0.509137518758476
"146","18-10915",1.18965824540359,0.728070212311446,"Estimable",0.349802591353191
"147","18-11016",1.84902041679818,0.728070212311446,"Estimable",0.349802591353191
"148","18-1108",1.36715656582313,0.818136068616002,"Estimable",0.178987466089752
"149","18-11122",1.07172444369031,0.632602006468352,"Estimable",0.509137518758476
"150","18-11141",1.22026155293667,0.728070212311446,"Estimable",0.349802591353191
"151","18-11146",1.25537660485949,0.818136068616002,"Estimable",0.178987466089752
"152","18-11533",1.69093300447642,0.818136068616002,"Estimable",0.178987466089752
"153","18-11535",1.92220188922877,0.818136068616002,"Estimable",0.178987466089752
"154","18-11815",1.42892046793496,0.728070212311446,"Estimable",0.349802591353191
"155","18-12001",1.78757143758974,0.603982719795752,"Estimable",0.552546679668817
"156","18-12022",1.34653062546319,0.671477755493257,"Estimable",0.44695309229882
"157","18-12068",1.48178072640119,0.728070212311446,"Estimable",0.349802591353191
"158","18-12360",1.49435445243692,0.818136068616002,"Estimable",0.178987466089752
"159","18-1250",1.53468883604192,0.632602006468352,"Estimable",0.509137518758476
"160","18-12563",1.62645090746667,0.728070212311446,"Estimable",0.349802591353191
"161","18-12568",1.36771385286879,0.728070212311446,"Estimable",0.349802591353191
"162","18-12610",1.36715656582313,0.818136068616002,"Estimable",0.178987466089752
"163","18-12627",1.69478197823745,0.671477755493257,"Estimable",0.44695309229882
"164","18-12636",1.60697607540016,0.728070212311446,"Estimable",0.349802591353191
"165","18-12729",1.22454075355918,0.818136068616002,"Estimable",0.178987466089752
"166","18-12743",1.57529856210024,0.818136068616002,"Estimable",0.178987466089752
"167","18-12756",0.708218573445009,0.603972143613908,"Estimable",0.552562350005381
"168","18-12772",1.43141689270191,0.671477755493257,"Estimable",0.44695309229882
"169","18-12804",1.04848684870741,0.632602006468352,"Estimable",0.509137518758476
"170","18-12809",1.05086396631348,0.603979213538977,"Estimable",0.552551874789904
"171","18-13012",2.3640922262008,0.632602006468352,"Estimable",0.509137518758476
"172","18-13061",1.82102309361812,0.671477755493257,"Estimable",0.44695309229882
"173","18-13117",1.39028345429836,0.818136068616002,"Estimable",0.178987466089752
"174","18-13237",2.42328447285886,0.818136068616002,"Estimable",0.178987466089752
"175","18-13333",2.07638114573034,0.818136068616002,"Estimable",0.178987466089752
"176","18-13372",1.45966411972407,0.818136068616002,"Estimable",0.178987466089752
"177","18-13420",1.4134103427736,0.818136068616002,"Estimable",0.178987466089752
"178","18-13635",1.62295513672776,0.671477755493257,"Estimable",0.44695309229882
"179","18-13736",1.43653723124883,0.818136068616002,"Estimable",0.178987466089752
"180","18-13742",1.32090278887266,0.818136068616002,"Estimable",0.178987466089752
"181","18-13748",0.9861181778531,0.58196060911748,"Estimable",0.584581447856814
"182","18-13756",1.36509973923364,0.58196119445305,"Estimable",0.58458061220102
"183","18-13764",1.545769460334,0.728070212311446,"Estimable",0.349802591353191
"184","18-13765",1.05728461217974,0.581954917920102,"Estimable",0.5845895728652
"185","18-13846",1.42882826842376,0.818136068616002,"Estimable",0.178987466089752
"186","18-13852",3.27967272321421,0.58196119445305,"Estimable",0.58458061220102
"187","18-13954",1.42386338304656,0.632602006468352,"Estimable",0.509137518758476
"188","18-13962",1.65238819035103,0.818136068616002,"Estimable",0.178987466089752
"189","18-13965",0.78333672012751,0.58196060911748,"Estimable",0.584581447856814
"190","18-14035",1.38135576074061,0.671477755493257,"Estimable",0.44695309229882
"191","18-14054",1.45971231511482,0.671477755493257,"Estimable",0.44695309229882
"192","18-14132",1.25537660485949,0.818136068616002,"Estimable",0.178987466089752
"193","18-14141",1.5141265889858,0.671477755493257,"Estimable",0.44695309229882
"194","18-14209",1.76555685079886,0.728070212311446,"Estimable",0.349802591353191
"195","18-14238",1.51681376297815,0.632602006468352,"Estimable",0.509137518758476
"196","18-14308",1.42111930559868,0.818136068616002,"Estimable",0.178987466089752
"197","18-14311",1.69042883632777,0.671477755493257,"Estimable",0.44695309229882
"198","18-14331",1.98812636013037,0.728070212311446,"Estimable",0.349802591353191
"199","18-1435",1.32598206986913,0.728070212311446,"Estimable",0.349802591353191
"200","18-14362",1.73773566213242,0.728070212311446,"Estimable",0.349802591353191
"201","18-14363",2.32198062412763,0.728070212311446,"Estimable",0.349802591353191
"202","18-14524",1.12452038806959,0.671477755493257,"Estimable",0.44695309229882
"203","18-14532",1.29211635159221,0.671477755493257,"Estimable",0.44695309229882
"204","18-14535",1.02818786961798,0.603972143613908,"Estimable",0.552562350005381
"205","18-14538",1.27252721299866,0.671477755493257,"Estimable",0.44695309229882
"206","18-14620",1.26308556768457,0.818136068616002,"Estimable",0.178987466089752
"207","18-14647",1.32090278887266,0.818136068616002,"Estimable",0.178987466089752
"208","18-14905",1.49435445243692,0.818136068616002,"Estimable",0.178987466089752
"209","18-14932",1.5750705757213,0.671477755493257,"Estimable",0.44695309229882
"210","18-15021",1.34435405450835,0.671477755493257,"Estimable",0.44695309229882
"211","18-15042",1.40965118315352,0.671477755493257,"Estimable",0.44695309229882
"212","18-15135",1.29537876233605,0.728070212311446,"Estimable",0.349802591353191
"213","18-15157",1.545769460334,0.728070212311446,"Estimable",0.349802591353191
"214","18-15172",1.32090278887266,0.818136068616002,"Estimable",0.178987466089752
"215","18-15271",2.09941111479612,0.728070212311446,"Estimable",0.349802591353191
"216","18-15275",1.51362685949962,0.818136068616002,"Estimable",0.178987466089752
"217","18-15357",1.3621496151355,0.728070212311446,"Estimable",0.349802591353191
"218","18-15372",0.993239164159108,0.603979213538977,"Estimable",0.552551874789904
"219","18-15567",1.84902041679818,0.728070212311446,"Estimable",0.349802591353191
"220","18-15708",1.57529856210024,0.818136068616002,"Estimable",0.178987466089752
"221","18-15716",1.66696437671381,0.632602006468352,"Estimable",0.509137518758476
"222","18-1577",1.67053939132657,0.632602006468352,"Estimable",0.509137518758476
"223","18-15957",1.18131188880365,0.728070212311446,"Estimable",0.349802591353191
"224","18-16216",1.40184689853598,0.818136068616002,"Estimable",0.178987466089752
"225","18-16254",1.29006693757235,0.818136068616002,"Estimable",0.178987466089752
"226","18-16272",1.25923108627203,0.818136068616002,"Estimable",0.178987466089752
"227","18-16312",1.46351860113661,0.818136068616002,"Estimable",0.178987466089752
"228","18-16345",1.32090278887266,0.818136068616002,"Estimable",0.178987466089752
"229","18-16368",1.24251850386982,0.728070212311446,"Estimable",0.349802591353191
"230","18-16479",1.57359064900044,0.728070212311446,"Estimable",0.349802591353191
"231","18-16552",1.43653723124883,0.818136068616002,"Estimable",0.178987466089752
"232","18-16662",2.15347077398112,0.818136068616002,"Estimable",0.178987466089752
"233","18-16663",2.07638114573034,0.818136068616002,"Estimable",0.178987466089752
"234","18-16756",1.49290920186777,0.728070212311446,"Estimable",0.349802591353191
"235","18-16827",1.24530062273646,0.728070212311446,"Estimable",0.349802591353191
"236","18-16828",1.06733194639392,0.603974862943954,"Estimable",0.552558320901068
"237","18-16837",1.77749167452134,0.671477755493257,"Estimable",0.44695309229882
"238","18-16860",1.49049997102438,0.818136068616002,"Estimable",0.178987466089752
"239","18-17108",1.8645545127149,0.671477755493257,"Estimable",0.44695309229882
"240","18-17119",2.36871902598212,0.58196060911748,"Estimable",0.584581447856814
"241","18-17141",1.71522707398599,0.632602006468352,"Estimable",0.509137518758476
"242","18-17244",1.7933780394653,0.728070212311446,"Estimable",0.349802591353191
"243","18-17853",1.65427209613311,0.728070212311446,"Estimable",0.349802591353191
"244","18-17905",1.55252290248637,0.603982719795752,"Estimable",0.552546679668817
"245","18-17971",1.30163038180996,0.818136068616002,"Estimable",0.178987466089752
"246","18-18116",2.11492595985573,0.818136068616002,"Estimable",0.178987466089752
"247","18-18235",1.99929151747955,0.818136068616002,"Estimable",0.178987466089752
"248","18-18455",1.44810067548645,0.818136068616002,"Estimable",0.178987466089752
"249","18-19625",1.37738819308076,0.632602006468352,"Estimable",0.509137518758476
"250","18-19667",2.15347077398112,0.818136068616002,"Estimable",0.178987466089752
"251","18-19907",1.77063980048367,0.632602006468352,"Estimable",0.509137518758476
"252","18-20729",1.55217167362501,0.818136068616002,"Estimable",0.178987466089752
"253","18-20951",1.77749167452134,0.671477755493257,"Estimable",0.44695309229882
"254","18-21154",1.5714440806877,0.818136068616002,"Estimable",0.178987466089752
"255","18-21275",1.53289926656231,0.818136068616002,"Estimable",0.178987466089752
"256","18-21736",1.82119922813174,0.728070212311446,"Estimable",0.349802591353191
"257","18-21916",1.7680226327272,0.818136068616002,"Estimable",0.178987466089752
"258","18-22132",0.93713080416669,0.603979213538977,"Estimable",0.552551874789904
"259","18-22144",1.12177464826886,0.632602006468352,"Estimable",0.509137518758476
"260","18-22424",1.2286079095366,0.728070212311446,"Estimable",0.349802591353191
"261","18-22750",1.32090278887266,0.818136068616002,"Estimable",0.178987466089752
"262","18-22767",0.801832645954,0.581954917920102,"Estimable",0.5845895728652
"263","18-22976",1.18237706986761,0.581954917920102,"Estimable",0.5845895728652
"264","18-23224",2.4779065764491,0.603972143613908,"Estimable",0.552562350005381
"265","18-23760",2.34142678187295,0.603972143613908,"Estimable",0.552562350005381
"266","18-23779",1.55435141641207,0.632602006468352,"Estimable",0.509137518758476
"267","18-23814",2.77018779998739,0.818136068616002,"Estimable",0.178987466089752
"268","18-23819",1.2286079095366,0.728070212311446,"Estimable",0.349802591353191
"269","18-24004",1.72947781860181,0.818136068616002,"Estimable",0.178987466089752
"270","18-2408",1.65238819035103,0.818136068616002,"Estimable",0.178987466089752
"271","18-24173",1.36715656582313,0.818136068616002,"Estimable",0.178987466089752
"272","18-24331",1.97338306045686,0.671477755493257,"Estimable",0.44695309229882
"273","18-24375",2.34619484460808,0.818136068616002,"Estimable",0.178987466089752
"274","18-24412",2.07638114573034,0.818136068616002,"Estimable",0.178987466089752
"275","18-25236",1.51748134091216,0.818136068616002,"Estimable",0.178987466089752
"276","18-25521",1.51630315994064,0.671477755493257,"Estimable",0.44695309229882
"277","18-25636",1.65238819035103,0.818136068616002,"Estimable",0.178987466089752
"278","18-25959",1.23995867920934,0.818136068616002,"Estimable",0.178987466089752
"279","18-26037",0.928180618502932,0.58196060911748,"Estimable",0.584581447856814
"280","18-2610",1.49820893384946,0.818136068616002,"Estimable",0.178987466089752
"281","18-26107",1.37327809060208,0.728070212311446,"Estimable",0.349802591353191
"282","18-2616",1.7680226327272,0.818136068616002,"Estimable",0.178987466089752
"283","18-26766",1.58652654792685,0.632602006468352,"Estimable",0.509137518758476
"284","18-2677",2.07158992612969,0.728070212311446,"Estimable",0.349802591353191
"285","18-27251",1.58750124333366,0.728070212311446,"Estimable",0.349802591353191
"286","18-27460",1.45603851456134,0.632602006468352,"Estimable",0.509137518758476
"287","18-27536",1.92220188922877,0.818136068616002,"Estimable",0.178987466089752
"288","18-28159",1.47893652678676,0.818136068616002,"Estimable",0.178987466089752
"289","18-2872",2.2691052163573,0.818136068616002,"Estimable",0.178987466089752
"290","18-28930",1.96074670335416,0.818136068616002,"Estimable",0.178987466089752
"291","18-28931",1.36829633501158,0.671477755493257,"Estimable",0.44695309229882
"292","18-28972",1.96074670335416,0.818136068616002,"Estimable",0.178987466089752
"293","18-3238",1.84511226097799,0.818136068616002,"Estimable",0.178987466089752
"294","18-3312",1.96030517146393,0.728070212311446,"Estimable",0.349802591353191
"295","18-3314",2.04376873746325,0.728070212311446,"Estimable",0.349802591353191
"296","18-370",1.88365707510338,0.818136068616002,"Estimable",0.178987466089752
"297","18-3977",1.69093300447642,0.818136068616002,"Estimable",0.178987466089752
"298","18-4022",1.80656744685259,0.818136068616002,"Estimable",0.178987466089752
"299","18-4360",1.3247649159148,0.671477755493257,"Estimable",0.44695309229882
"300","18-4405",1.22454075355918,0.818136068616002,"Estimable",0.178987466089752
"301","18-4425",1.93248398279749,0.728070212311446,"Estimable",0.349802591353191
"302","18-4614",1.80656744685259,0.818136068616002,"Estimable",0.178987466089752
"303","18-4679",1.61384337622564,0.818136068616002,"Estimable",0.178987466089752
"304","18-4772",1.42613834906831,0.728070212311446,"Estimable",0.349802591353191
"305","18-4910",0.630653493328502,0.581954917920102,"Estimable",0.5845895728652
"306","18-5066",1.69093300447642,0.818136068616002,"Estimable",0.178987466089752
"307","18-5160",1.39028345429836,0.818136068616002,"Estimable",0.178987466089752
"308","18-5176",1.64314362066653,0.728070212311446,"Estimable",0.349802591353191
"309","18-5270",1.10493124947604,0.671477755493257,"Estimable",0.44695309229882
"310","18-5304",1.20070037148896,0.671477755493257,"Estimable",0.44695309229882
"311","18-5625",1.69093300447642,0.818136068616002,"Estimable",0.178987466089752
"312","18-5737",0.708281245514792,0.58196060911748,"Estimable",0.584581447856814
"313","18-5837",0.853513601557948,0.603974862943954,"Estimable",0.552558320901068
"314","18-6079",1.44283106226818,0.728070212311446,"Estimable",0.349802591353191
"315","18-6242",1.53675374797485,0.818136068616002,"Estimable",0.178987466089752
"316","18-6274",1.75516884980677,0.581954917920102,"Estimable",0.5845895728652
"317","18-6551",1.55112829521807,0.671477755493257,"Estimable",0.44695309229882
"318","18-6555",1.38642897288582,0.818136068616002,"Estimable",0.178987466089752
"319","18-6651",1.27905692586317,0.671477755493257,"Estimable",0.44695309229882
"320","18-6852",1.29783115501142,0.603974862943954,"Estimable",0.552558320901068
"321","18-6860",1.85802479985039,0.671477755493257,"Estimable",0.44695309229882
"322","18-7071",1.26308556768457,0.818136068616002,"Estimable",0.178987466089752
"323","18-7235",1.4134103427736,0.818136068616002,"Estimable",0.178987466089752
"324","18-7320",1.55765800808259,0.671477755493257,"Estimable",0.44695309229882
"325","18-7364",1.69322176026612,0.728070212311446,"Estimable",0.349802591353191
"326","18-7417",1.61254031313345,0.728070212311446,"Estimable",0.349802591353191
"327","18-7518",1.29211635159221,0.671477755493257,"Estimable",0.44695309229882
"328","18-7562",1.32861175169774,0.818136068616002,"Estimable",0.178987466089752
"329","18-7632",1.46351860113661,0.818136068616002,"Estimable",0.178987466089752
"330","18-7675",1.69093300447642,0.818136068616002,"Estimable",0.178987466089752
"331","18-7750",1.57942371763098,0.671477755493257,"Estimable",0.44695309229882
"332","18-7752",1.36715656582313,0.818136068616002,"Estimable",0.178987466089752
"333","18-7811",1.26308556768457,0.818136068616002,"Estimable",0.178987466089752
"334","18-7836",1.80656744685259,0.818136068616002,"Estimable",0.178987466089752
"335","18-7848",1.51362685949962,0.818136068616002,"Estimable",0.178987466089752
"336","18-7928",1.24527433239579,0.58196119445305,"Estimable",0.58458061220102
"337","18-7943",1.66143259739844,0.581954887446935,"Estimable",0.584589616369844
"338","18-8008",1.55217167362501,0.818136068616002,"Estimable",0.178987466089752
"339","18-8035",1.80656744685259,0.818136068616002,"Estimable",0.178987466089752
"340","18-8039",1.7680226327272,0.818136068616002,"Estimable",0.178987466089752
"341","18-8051",1.80656744685259,0.818136068616002,"Estimable",0.178987466089752
"342","18-8066",2.2305604022319,0.818136068616002,"Estimable",0.178987466089752
"343","18-8138",1.7680226327272,0.818136068616002,"Estimable",0.178987466089752
"344","18-8149",1.3871886849353,0.728070212311446,"Estimable",0.349802591353191
"345","18-8174",1.84278880316651,0.671477755493257,"Estimable",0.44695309229882
"346","18-827",1.44012317652127,0.671477755493257,"Estimable",0.44695309229882
"347","18-8328",1.44810067548645,0.818136068616002,"Estimable",0.178987466089752
"348","18-8359",1.12845163033742,0.728070212311446,"Estimable",0.349802591353191
"349","18-842",1.35083609494606,0.603982719795752,"Estimable",0.552546679668817
"350","18-8632",1.47391358762511,0.632602006468352,"Estimable",0.509137518758476
"351","18-870",1.38257449147329,0.818136068616002,"Estimable",0.178987466089752
"352","18-8850",1.39799241712344,0.818136068616002,"Estimable",0.178987466089752
"353","18-8907",1.49435445243692,0.818136068616002,"Estimable",0.178987466089752
"354","18-8917",1.69093300447642,0.818136068616002,"Estimable",0.178987466089752
"355","18-9009",1.55112829521807,0.671477755493257,"Estimable",0.44695309229882
"356","18-9035",1.49569132073441,0.728070212311446,"Estimable",0.349802591353191
"357","18-904",1.13322667188895,0.671477755493257,"Estimable",0.44695309229882
"358","18-9355",1.72743054256004,0.671477755493257,"Estimable",0.44695309229882
"359","18-956",1.35088376737287,0.671477755493257,"Estimable",0.44695309229882
"360","18-957",1.25152212344695,0.818136068616002,"Estimable",0.178987466089752
"361","18-9722",1.35559312158551,0.818136068616002,"Estimable",0.178987466089752
"362","18-9724",1.5707608222048,0.58196060911748,"Estimable",0.584581447856814
"363","18-9949",1.60336599813421,0.671477755493257,"Estimable",0.44695309229882
"364","18-9973",1.50977237808708,0.818136068616002,"Estimable",0.178987466089752
"365","18MSFRS-18",1.34505374573319,0.603979213538977,"Estimable",0.552551874789904
"366","18MSFRS-29",1.57529856210024,0.818136068616002,"Estimable",0.178987466089752
"367","18MSFRS-32",1.23117236485671,0.671477755493257,"Estimable",0.44695309229882
"368","18MSFRS-36",2.32198062412763,0.728070212311446,"Estimable",0.349802591353191
"369","18MSFRS-50",1.21472502820046,0.632602006468352,"Estimable",0.509137518758476
"370","18MSFRS-53",1.35593810540424,0.632602006468352,"Estimable",0.509137518758476
"371","18MSFRS-60",1.15934552334702,0.671477755493257,"Estimable",0.44695309229882
"372","18MSFRS-66",1.28980033506829,0.632602006468352,"Estimable",0.509137518758476
"373","19-10123",1.06937425138796,0.604547912636703,"Estimable",0.551708855231967
"374","19-10136",1.11906288756374,0.604553273605904,"Estimable",0.551700904544764
"375","19-10141",1.24893291494384,0.672012777189005,"Estimable",0.446071425042445
"376","19-10142",1.36934638002054,0.604554779038252,"Estimable",0.551698671872046
"377","19-10151",1.30565580921834,0.604554779038252,"Estimable",0.551698671872046
"378","19-10168",1.37389570650641,0.604554779038252,"Estimable",0.551698671872046
"379","19-10169",1.2859346211761,0.672012777189005,"Estimable",0.446071425042445
"380","19-10173",1.02229400863343,0.604545620962467,"Estimable",0.55171225392146
"381","19-10236",0.960119879993183,0.604545620962467,"Estimable",0.55171225392146
"382","19-10259",1.56453570339551,0.672012777189005,"Estimable",0.446071425042445
"383","19-10905",1.2859346211761,0.672012777189005,"Estimable",0.446071425042445
"384","19-11645",1.9193167690343,0.672012777189005,"Estimable",0.446071425042445
"385","19-11647",1.3359957531374,0.672012777189005,"Estimable",0.446071425042445
"386","19-11770",0.885601330356182,0.604554779038252,"Estimable",0.551698671872046
"387","19-11773",1.11486751624668,0.604547912636703,"Estimable",0.551708855231967
"388","19-11804",1.27505176640191,0.672012777189005,"Estimable",0.446071425042445
"389","19-12420",0.82522706331285,0.604547912636703,"Estimable",0.551708855231967
"390","19-12604",1.62983283204069,0.672012777189005,"Estimable",0.446071425042445
"391","19-12615",1.59550914585326,0.604545620962467,"Estimable",0.55171225392146
"392","19-12622",2.02814531677625,0.672012777189005,"Estimable",0.446071425042445
"393","19-12659",1.01016247133777,0.604545620962467,"Estimable",0.55171225392146
"394","19-12749",1.40346945273742,0.672012777189005,"Estimable",0.446071425042445
"395","19-12830",1.38169080101729,0.604545620962467,"Estimable",0.55171225392146
"396","19-12849",1.44696834971531,0.604547912636703,"Estimable",0.551708855231967
"397","19-12926",1.19798841571937,0.604554779038252,"Estimable",0.551698671872046
"398","19-12935",1.14445750911156,0.672012777189005,"Estimable",0.446071425042445
"399","19-13048",1.04634419952365,0.604554779038252,"Estimable",0.551698671872046
"400","19-13414",1.2240513519076,0.604547912636703,"Estimable",0.551708855231967
"401","19-13430",1.44917744278904,0.672012777189005,"Estimable",0.446071425042445
"402","19-13434",1.04966050328252,0.604547912636703,"Estimable",0.551708855231967
"403","19-13447",1.45881646757602,0.604554779038252,"Estimable",0.551698671872046
"404","19-13451",1.09060444165537,0.604547912636703,"Estimable",0.551708855231967
"405","19-13706",1.40292099128469,0.604545620962467,"Estimable",0.55171225392146
"406","19-13707",0.838804507036604,0.604545620962467,"Estimable",0.55171225392146
"407","19-13713",0.60195611033632,0.604553273605904,"Estimable",0.551700904544764
"408","19-13748",0.82646008603985,0.604554779038252,"Estimable",0.551698671872046
"409","19-13752",1.2677447551694,0.604554779038252,"Estimable",0.551698671872046
"410","19-13778",1.25438019514675,0.604547912636703,"Estimable",0.551708855231967
"411","19-13936",0.670479427059352,0.604545620962467,"Estimable",0.55171225392146
"412","19-13942",0.894983402762882,0.604547912636703,"Estimable",0.551708855231967
"413","19-13961",1.2785727340042,0.604545620962467,"Estimable",0.55171225392146
"414","19-13965",1.73213166691813,0.672012777189005,"Estimable",0.446071425042445
"415","19-13978",0.77179763247553,0.604553273605904,"Estimable",0.551700904544764
"416","19-14359",1.58194827103423,0.672012777189005,"Estimable",0.446071425042445
"417","19-14605",2.8906212878986,0.604547912636703,"Estimable",0.551708855231967
"418","19-14617",0.832525854687679,0.604554779038252,"Estimable",0.551698671872046
"419","19-14845",0.964385787044098,0.604553273605904,"Estimable",0.551700904544764
"420","19-14856",1.24947691349206,0.604553273605904,"Estimable",0.551700904544764
"421","19-14933",0.753670862265904,0.604554779038252,"Estimable",0.551698671872046
"422","19-15017",1.28587152537903,0.604553273605904,"Estimable",0.551700904544764
"423","19-15201",1.16622321865995,0.672012777189005,"Estimable",0.446071425042445
"424","19-15209",1.38388031414387,0.672012777189005,"Estimable",0.446071425042445
"425","19-15327",1.03752896598686,0.604547912636703,"Estimable",0.551708855231967
"426","19-15330",0.846173834145294,0.604554779038252,"Estimable",0.551698671872046
"427","19-15338",1.51882771334389,0.672012777189005,"Estimable",0.446071425042445
"428","19-15344",1.28811119213094,0.672012777189005,"Estimable",0.446071425042445
"429","19-15472",1.7974287955633,0.672012777189005,"Estimable",0.446071425042445
"430","19-15728",2.00637960722786,0.672012777189005,"Estimable",0.446071425042445
"431","19-15751",1.558005990531,0.672012777189005,"Estimable",0.446071425042445
"432","19-16059",1.81048822129234,0.672012777189005,"Estimable",0.446071425042445
"433","19-16064",1.38388031414387,0.672012777189005,"Estimable",0.446071425042445
"434","19-16068",1.9193167690343,0.672012777189005,"Estimable",0.446071425042445
"435","19-16107",1.56453570339551,0.672012777189005,"Estimable",0.446071425042445
"436","19-16129",0.690193175164796,0.604545620962467,"Estimable",0.55171225392146
"437","19-16136",1.16491010759127,0.604547912636703,"Estimable",0.551708855231967
"438","19-16139",1.27505176640191,0.672012777189005,"Estimable",0.446071425042445
"439","19-16142",1.87915436587313,0.604547912636703,"Estimable",0.551708855231967
"440","19-16152",0.876502677384439,0.604554779038252,"Estimable",0.551698671872046
"441","19-16176",1.93194642210667,0.604554779038252,"Estimable",0.551698671872046
"442","19-16279",0.63863414165825,0.604545620962467,"Estimable",0.55171225392146
"443","19-16325",1.43180392809574,0.604547912636703,"Estimable",0.551708855231967
"444","19-16335",1.21410777966641,0.672012777189005,"Estimable",0.446071425042445
"445","19-16368",2.3990106079895,0.604554779038252,"Estimable",0.551698671872046
"446","19-16848",1.4578837266084,0.672012777189005,"Estimable",0.446071425042445
"447","19-16856",1.33930095621635,0.604547912636703,"Estimable",0.551708855231967
"448","19-16860",1.59936083867294,0.672012777189005,"Estimable",0.446071425042445
"449","19-16953",1.48400257806647,0.672012777189005,"Estimable",0.446071425042445
"450","19-17009",1.37517403032451,0.672012777189005,"Estimable",0.446071425042445
"451","19-17038",1.48835571997614,0.672012777189005,"Estimable",0.446071425042445
"452","19-17041",2.27845097658276,0.672012777189005,"Estimable",0.446071425042445
"453","19-17043",1.94108247858269,0.672012777189005,"Estimable",0.446071425042445
"454","19-17048",2.74641373187317,0.672012777189005,"Estimable",0.446071425042445
"455","19-17051",1.91396199986428,0.604545620962467,"Estimable",0.55171225392146
"456","19-17201",1.47964943615679,0.672012777189005,"Estimable",0.446071425042445
"457","19-17546",1.1828239940998,0.604554779038252,"Estimable",0.551698671872046
"458","19-17649",2.1587395740666,0.672012777189005,"Estimable",0.446071425042445
"459","19-17662",1.46943156270972,0.604554779038252,"Estimable",0.551698671872046
"460","19-17813",1.44047115896968,0.672012777189005,"Estimable",0.446071425042445
"461","19-17815",1.25110948589868,0.672012777189005,"Estimable",0.446071425042445
"462","19-17817",1.246756343989,0.672012777189005,"Estimable",0.446071425042445
"463","19-17823",1.51270474333342,0.633043532740813,"Estimable",0.508452082061785
"464","19-17828",1.32728946931805,0.672012777189005,"Estimable",0.446071425042445
"465","19-17829",1.747367663602,0.672012777189005,"Estimable",0.446071425042445
"466","19-17929",1.5381951302078,0.728213105685661,"Estimable",0.349547346687624
"467","19-18024",1.44917744278904,0.672012777189005,"Estimable",0.446071425042445
"468","19-18141",1.74519109264716,0.672012777189005,"Estimable",0.446071425042445
"469","19-18151",1.61242026440198,0.672012777189005,"Estimable",0.446071425042445
"470","19-18152",0.926828688163984,0.604547912636703,"Estimable",0.551708855231967
"471","19-18153",1.35294893567397,0.604547912636703,"Estimable",0.551708855231967
"472","19-18156",1.39844220053268,0.604547912636703,"Estimable",0.551708855231967
"473","19-18157",0.706590619511369,0.604553273605904,"Estimable",0.551700904544764
"474","19-18326",1.5079448585697,0.672012777189005,"Estimable",0.446071425042445
"475","19-18328",1.46441343947291,0.672012777189005,"Estimable",0.446071425042445
"476","19-18725",4.26423446719689,0.604554779038252,"Estimable",0.551698671872046
"477","19-18813",1.2358734892148,0.672012777189005,"Estimable",0.446071425042445
"478","19-18826",2.04134314146869,0.604545620962467,"Estimable",0.55171225392146
"479","19-18830",1.31423004358901,0.672012777189005,"Estimable",0.446071425042445
"480","19-18832",0.93441089897377,0.604547912636703,"Estimable",0.551708855231967
"481","19-18837",0.7644988411007,0.604545620962467,"Estimable",0.55171225392146
"482","19-18905",1.21410777966641,0.672012777189005,"Estimable",0.446071425042445
"483","19-18938",1.57977170007939,0.672012777189005,"Estimable",0.446071425042445
"484","19-18954",1.67554082209231,0.672012777189005,"Estimable",0.446071425042445
"485","19-18957",0.809992105959417,0.604545620962467,"Estimable",0.55171225392146
"486","19-18958",1.78872251174395,0.672012777189005,"Estimable",0.446071425042445
"487","19-18972",1.35123174982128,0.672012777189005,"Estimable",0.446071425042445
"488","19-19146",0.865887582250738,0.604554779038252,"Estimable",0.551698671872046
"489","19-19159",1.02532689295734,0.604545620962467,"Estimable",0.55171225392146
"490","19-19160",1.44264772992452,0.672012777189005,"Estimable",0.446071425042445
"491","19-19205",2.01563416044928,0.604547912636703,"Estimable",0.551708855231967
"492","19-19276",1.27722833735675,0.672012777189005,"Estimable",0.446071425042445
"493","19-19324",1.3468786079116,0.672012777189005,"Estimable",0.446071425042445
"494","19-19327",1.59065455485358,0.672012777189005,"Estimable",0.446071425042445
"495","19-19341",1.47094315233743,0.672012777189005,"Estimable",0.446071425042445
"496","19-19413",1.89430634513821,0.728213105685661,"Estimable",0.349547346687624
"497","19-20069",0.820394317392022,0.604554779038252,"Estimable",0.551698671872046
"498","19-20203",1.246756343989,0.672012777189005,"Estimable",0.446071425042445
"499","19-20231",1.42088202037613,0.672012777189005,"Estimable",0.446071425042445
"500","19-20306",1.46006029756324,0.672012777189005,"Estimable",0.446071425042445
"501","19-20311",1.22716720539545,0.672012777189005,"Estimable",0.446071425042445
"502","19-20315",1.4078225946471,0.672012777189005,"Estimable",0.446071425042445
"503","19-20326",1.85401964038912,0.672012777189005,"Estimable",0.446071425042445
"504","19-20337",2.32969883875635,0.728308398900162,"Estimable",0.34937710042511
"505","19-20342",2.07167673587304,0.672012777189005,"Estimable",0.446071425042445
"506","19-20348",1.03572910438995,0.604554779038252,"Estimable",0.551698671872046
"507","19-20350",1.37735060127935,0.672012777189005,"Estimable",0.446071425042445
"508","19-20402",2.47938204257323,0.604554779038252,"Estimable",0.551698671872046
"509","19-20562",1.62983283204069,0.672012777189005,"Estimable",0.446071425042445
"510","19-20648",0.926474732995167,0.604553273605904,"Estimable",0.551700904544764
"511","19-21341",3.33408788967974,0.672012777189005,"Estimable",0.446071425042445
"512","19-21360",1.56018256148584,0.672012777189005,"Estimable",0.446071425042445
"513","19-21364",1.32946604027289,0.672012777189005,"Estimable",0.446071425042445
"514","19-21372",1.48617914902131,0.672012777189005,"Estimable",0.446071425042445
"515","19-21425",1.43394144610517,0.672012777189005,"Estimable",0.446071425042445
"516","19-21445",1.37299745936967,0.672012777189005,"Estimable",0.446071425042445
"517","19-21462",1.58412484198907,0.672012777189005,"Estimable",0.446071425042445
"518","19-21467",2.34745157448295,0.604554779038252,"Estimable",0.551698671872046
"519","19-21556",2.18050528361499,0.672012777189005,"Estimable",0.446071425042445
"520","19-21559",2.22403670271178,0.672012777189005,"Estimable",0.446071425042445
"521","19-21570",1.94543562049237,0.672012777189005,"Estimable",0.446071425042445
"522","19-21574",1.20246720647138,0.604553273605904,"Estimable",0.551700904544764
"523","19-21575",1.59283112580842,0.672012777189005,"Estimable",0.446071425042445
"524","19-21629",1.81048822129234,0.672012777189005,"Estimable",0.446071425042445
"525","19-21632",2.85524227961513,0.672012777189005,"Estimable",0.446071425042445
"526","19-21633",1.9193167690343,0.672012777189005,"Estimable",0.446071425042445
"527","19-21652",1.15907617467404,0.728269124121225,"Estimable",0.349447269550175
"528","19-21717",1.80613507938266,0.672012777189005,"Estimable",0.446071425042445
"529","19-21722",1.48182600711163,0.672012777189005,"Estimable",0.446071425042445
"530","19-21724",1.35558489173096,0.672012777189005,"Estimable",0.446071425042445
"531","19-21731",1.44917744278904,0.672012777189005,"Estimable",0.446071425042445
"532","19-21744",1.29028776308578,0.672012777189005,"Estimable",0.446071425042445
"533","19-21756",1.51229800047938,0.672012777189005,"Estimable",0.446071425042445
"534","19-21760",0.749121535780032,0.604554779038252,"Estimable",0.551698671872046
"535","19-21765",1.27722833735675,0.672012777189005,"Estimable",0.446071425042445
"536","19-21815",1.15098722197608,0.672012777189005,"Estimable",0.446071425042445
"537","19-21821",0.957086995669268,0.604545620962467,"Estimable",0.55171225392146
"538","19-21829",0.753883745966999,0.604545620962467,"Estimable",0.55171225392146
"539","19-21846",1.2771268275761,0.604547912636703,"Estimable",0.551708855231967
"540","19-21848",1.02691387085316,0.604547912636703,"Estimable",0.551708855231967
"541","19-21865",1.52878569072714,0.604545620962467,"Estimable",0.55171225392146
"542","19-21924",1.42993353076497,0.604553273605904,"Estimable",0.551700904544764
"543","19-22105",0.87036637300275,0.604553273605904,"Estimable",0.551700904544764
"544","19-22112",1.50576828761486,0.672012777189005,"Estimable",0.446071425042445
"545","19-22124",1.55365284862132,0.672012777189005,"Estimable",0.446071425042445
"546","19-22649",1.43176487515033,0.672012777189005,"Estimable",0.446071425042445
"547","19-22665",1.21410777966641,0.672012777189005,"Estimable",0.446071425042445
"548","19-22741",1.51229800047938,0.672012777189005,"Estimable",0.446071425042445
"549","19-22742",1.49976040594886,0.604554779038252,"Estimable",0.551698671872046
"550","19-22744",1.4970620037955,0.672012777189005,"Estimable",0.446071425042445
"551","19-22757",0.837004645439691,0.604553273605904,"Estimable",0.551700904544764
"552","19-22767",2.11520815496982,0.672012777189005,"Estimable",0.446071425042445
"553","19-22846",1.63200940299553,0.672012777189005,"Estimable",0.446071425042445
"554","19-22975",1.31423004358901,0.672012777189005,"Estimable",0.446071425042445
"555","19-23012",1.48400257806647,0.672012777189005,"Estimable",0.446071425042445
"556","19-23019",1.38823345605354,0.672012777189005,"Estimable",0.446071425042445
"557","19-23055",1.78654594078911,0.672012777189005,"Estimable",0.446071425042445
"558","19-23059",2.48522521729247,0.672012777189005,"Estimable",0.446071425042445
"559","19-23064",1.3359957531374,0.672012777189005,"Estimable",0.446071425042445
"560","19-23069",1.24022663112448,0.672012777189005,"Estimable",0.446071425042445
"561","19-23077",2.00637960722786,0.672012777189005,"Estimable",0.446071425042445
"562","19-23112",1.94108247858269,0.672012777189005,"Estimable",0.446071425042445
"563","19-23246",2.13697386451821,0.672012777189005,"Estimable",0.446071425042445
"564","19-23251",1.90486334689254,0.604545620962467,"Estimable",0.55171225392146
"565","19-23336",1.22218095457683,0.604553273605904,"Estimable",0.551700904544764
"566","19-23337",1.77348651506007,0.672012777189005,"Estimable",0.446071425042445
"567","19-23350",3.23485365866289,0.604547912636703,"Estimable",0.551708855231967
"568","19-23716",1.25328605685352,0.672012777189005,"Estimable",0.446071425042445
"569","19-23829",1.40346945273742,0.672012777189005,"Estimable",0.446071425042445
"570","19-23833",1.98075599072426,0.604547912636703,"Estimable",0.551708855231967
"571","19-23851",1.31423004358901,0.672012777189005,"Estimable",0.446071425042445
"572","19-23853",1.1858123572535,0.672012777189005,"Estimable",0.446071425042445
"573","19-23855",0.733886578426599,0.604553273605904,"Estimable",0.551700904544764
"574","19-23871",1.3577614626858,0.672012777189005,"Estimable",0.446071425042445
"575","19-23904",1.59283112580842,0.672012777189005,"Estimable",0.446071425042445
"576","19-23908",1.47311972329227,0.672012777189005,"Estimable",0.446071425042445
"577","19-23912",1.47311972329227,0.672012777189005,"Estimable",0.446071425042445
"578","19-24047",1.5079448585697,0.672012777189005,"Estimable",0.446071425042445
"579","19-24048",1.39476316891806,0.672012777189005,"Estimable",0.446071425042445
"580","19-24051",1.43938613890553,0.604547912636703,"Estimable",0.551708855231967
"581","19-24061",0.917730035192241,0.604547912636703,"Estimable",0.551708855231967
"582","19-24076",0.724787925454856,0.604553273605904,"Estimable",0.551700904544764
"583","19-24106",1.77348651506007,0.672012777189005,"Estimable",0.446071425042445
"584","19-24170",1.2358734892148,0.672012777189005,"Estimable",0.446071425042445
"585","19-24261",1.33164261122773,0.672012777189005,"Estimable",0.446071425042445
"586","19-24267",1.54494656480196,0.672012777189005,"Estimable",0.446071425042445
"587","19-24268",1.72995509596329,0.672012777189005,"Estimable",0.446071425042445
"588","19-24275",1.32728946931805,0.672012777189005,"Estimable",0.446071425042445
"589","19-24306",1.55365284862132,0.672012777189005,"Estimable",0.446071425042445
"590","19-25126",1.36349349507381,0.604545620962467,"Estimable",0.55171225392146
"591","19-25145",1.1709758762391,0.604547912636703,"Estimable",0.551708855231967
"592","19-25162",1.3577614626858,0.672012777189005,"Estimable",0.446071425042445
"593","19-25201",1.37735060127935,0.672012777189005,"Estimable",0.446071425042445
"594","19-25205",1.6472453996794,0.672012777189005,"Estimable",0.446071425042445
"595","19-25237",2.07167673587304,0.672012777189005,"Estimable",0.446071425042445
"596","19-25245",1.61977222044458,0.604545620962467,"Estimable",0.55171225392146
"597","19-25322",1.47964943615679,0.672012777189005,"Estimable",0.446071425042445
"598","19-25448",1.46223686851807,0.672012777189005,"Estimable",0.446071425042445
"599","19-25464",3.34823286564086,0.604553273605904,"Estimable",0.551700904544764
"600","19-25469",1.31620036861818,0.604553273605904,"Estimable",0.551700904544764
"601","19-25743",1.07364015843888,0.604554779038252,"Estimable",0.551698671872046
"602","19-25764",1.06302506330518,0.604554779038252,"Estimable",0.551698671872046
"603","19-26345",1.58630141294391,0.672012777189005,"Estimable",0.446071425042445
"604","19-26452",1.38388031414387,0.672012777189005,"Estimable",0.446071425042445
"605","19-26456",1.09487034870628,0.604554779038252,"Estimable",0.551698671872046
"606","19-26709",1.24831442649892,0.604547912636703,"Estimable",0.551708855231967
"607","19-27409",1.43829458801484,0.672012777189005,"Estimable",0.446071425042445
"608","19-27466",2.04892535227847,0.604545620962467,"Estimable",0.55171225392146
"609","19-27478",1.74239115186202,0.604554779038252,"Estimable",0.551698671872046
"610","19-27565",0.94495545837361,0.604545620962467,"Estimable",0.55171225392146
"611","19-27722",1.24893291494384,0.672012777189005,"Estimable",0.446071425042445
"612","19-27910",1.67771739304715,0.672012777189005,"Estimable",0.446071425042445
"613","19-27944",0.749404955214989,0.604547912636703,"Estimable",0.551708855231967
"614","19-28147",1.8975510594859,0.672012777189005,"Estimable",0.446071425042445
"615","19-3269",0.880734880637012,0.728287845429211,"Estimable",0.349413822149573
"616","19-3453",1.67336425113747,0.672012777189005,"Estimable",0.446071425042445
"617","19-3462",1.46876658138259,0.672012777189005,"Estimable",0.446071425042445
"618","19-3502",0.523171653648404,0.604554779038252,"Estimable",0.551698671872046
"619","19-3505",0.903728100565809,0.604553273605904,"Estimable",0.551700904544764
"620","19-3510",0.787245473530058,0.604545620962467,"Estimable",0.55171225392146
"621","19-3528",0.879535561708353,0.604554779038252,"Estimable",0.551698671872046
"622","19-3538",1.10996423459199,0.604553273605904,"Estimable",0.551700904544764
"623","19-3904",1.56018256148584,0.672012777189005,"Estimable",0.446071425042445
"624","19-3920",1.16404664770511,0.672012777189005,"Estimable",0.446071425042445
"625","19-3926",1.81048822129234,0.672012777189005,"Estimable",0.446071425042445
"626","19-3937",1.31858318549869,0.672012777189005,"Estimable",0.446071425042445
"627","19-3943",0.832455318953819,0.604553273605904,"Estimable",0.551700904544764
"628","19-3948",1.45353058469872,0.672012777189005,"Estimable",0.446071425042445
"629","19-4014",0.793381777911748,0.604547912636703,"Estimable",0.551708855231967
"630","19-4134",2.50699092684087,0.672012777189005,"Estimable",0.446071425042445
"631","19-4141",1.6472453996794,0.672012777189005,"Estimable",0.446071425042445
"632","19-4151",1.15394105728875,0.604553273605904,"Estimable",0.551700904544764
"633","19-4176",1.6107441032067,0.604547912636703,"Estimable",0.551708855231967
"634","19-4224",1.50576828761486,0.672012777189005,"Estimable",0.446071425042445
"635","19-4236",1.38388031414387,0.672012777189005,"Estimable",0.446071425042445
"636","19-4238",1.44090258106749,0.604547912636703,"Estimable",0.551708855231967
"637","19-4462",1.76042708933104,0.672012777189005,"Estimable",0.446071425042445
"638","19-5009",0.908560846486637,0.604545620962467,"Estimable",0.55171225392146
"639","19-5041",1.4663986783858,0.604554779038252,"Estimable",0.551698671872046
"640","19-5117",1.89102134662139,0.672012777189005,"Estimable",0.446071425042445
"641","19-5122",1.69104500205657,0.604545620962467,"Estimable",0.55171225392146
"642","19-5152",1.52582334213709,0.604547912636703,"Estimable",0.551708855231967
"643","19-5417",2.09344244542143,0.672012777189005,"Estimable",0.446071425042445
"644","19-5441",1.64506882872456,0.672012777189005,"Estimable",0.446071425042445
"645","19-5466",2.5796801089635,0.604545620962467,"Estimable",0.55171225392146
"646","19-5549",2.87700798916352,0.672012777189005,"Estimable",0.446071425042445
"647","19-5558",1.55147627766648,0.672012777189005,"Estimable",0.446071425042445
"648","19-5632",2.30650763611011,0.604554779038252,"Estimable",0.551698671872046
"649","19-5637",1.22937993601033,0.728213105685661,"Estimable",0.349547346687624
"650","19-6113",2.4199280886473,0.672012777189005,"Estimable",0.446071425042445
"651","19-6308",1.03139266160517,0.604545620962467,"Estimable",0.55171225392146
"652","19-6532",2.04991102632464,0.672012777189005,"Estimable",0.446071425042445
"653","19-6559",1.54929970671164,0.672012777189005,"Estimable",0.446071425042445
"654","19-6607",1.32075975645353,0.672012777189005,"Estimable",0.446071425042445
"655","19-6637",1.57551197831286,0.604553273605904,"Estimable",0.551700904544764
"656","19-6658",1.24022663112448,0.672012777189005,"Estimable",0.446071425042445
"657","19-6704",1.27250696535637,0.604545620962467,"Estimable",0.55171225392146
"658","19-6946",2.10323385067398,0.604553273605904,"Estimable",0.551700904544764
"659","19-7252",2.0695001649182,0.672012777189005,"Estimable",0.446071425042445
"660","19-7258",1.23369691825996,0.672012777189005,"Estimable",0.446071425042445
"661","19-7303",1.41870544942129,0.672012777189005,"Estimable",0.446071425042445
"662","19-7854",1.60371398058262,0.672012777189005,"Estimable",0.446071425042445
"663","19-8449",1.88796959940991,0.604554779038252,"Estimable",0.551698671872046
"664","19-8477",2.38510295336987,0.672012777189005,"Estimable",0.446071425042445
"665","19-8817",1.42305859133097,0.672012777189005,"Estimable",0.446071425042445
"666","19-8827",1.27505176640191,0.672012777189005,"Estimable",0.446071425042445
"667","19-8870",1.07970592708671,0.604554779038252,"Estimable",0.551698671872046
"668","19-8871",1.50272275453891,0.604553273605904,"Estimable",0.551700904544764
"669","19-8909",1.58648102861538,0.604547912636703,"Estimable",0.551708855231967
"670","19-8928",1.56235913244068,0.672012777189005,"Estimable",0.446071425042445
"671","19-9234",1.40129288178258,0.672012777189005,"Estimable",0.446071425042445
"672","19-9608",2.74324297875379,0.604554779038252,"Estimable",0.551698671872046
"673","2020-10001",1.38724374389202,0.818416460333105,"Estimable",0.178424614576553
"674","2020-10023",0.743891084769356,0.728308398900162,"Estimable",0.34937710042511
"675","2020-10026",0.994411190139948,0.728287481412904,"Estimable",0.349414472507588
"676","2020-10038",0.936377257969888,0.728287845429211,"Estimable",0.349413822149573
"677","2020-10050",0.543578526370999,0.728308398900162,"Estimable",0.34937710042511
"678","2020-10057",3.77640064941115,0.728308398900162,"Estimable",0.34937710042511
"679","2020-10222",3.13651331008307,0.728308398900162,"Estimable",0.34937710042511
"680","2020-10267",0.602522993972627,0.728287845429211,"Estimable",0.349413822149573
"681","2020-10275",0.577093360143371,0.728287481412904,"Estimable",0.349414472507588
"682","2020-10278",1.13112557863496,0.728287845429211,"Estimable",0.349413822149573
"683","2020-10303",0.688248707436479,0.728308398900162,"Estimable",0.34937710042511
"684","2020-10322",0.521321575437848,0.728308398900162,"Estimable",0.34937710042511
"685","2020-10325",0.61921570717249,0.728287845429211,"Estimable",0.349413822149573
"686","2020-10415",1.94020219742621,0.728308398900162,"Estimable",0.34937710042511
"687","2020-10435",1.41172902013653,0.728287481412904,"Estimable",0.349414472507588
"688","2020-10474",0.32392054327878,0.728287481412904,"Estimable",0.349414472507588
"689","2020-10630",2.38307906862469,0.728287845429211,"Estimable",0.349413822149573
"690","2020-11134",0.42446738650742,0.728287845429211,"Estimable",0.349413822149573
"691","2020-11157",2.46667204199665,0.728269124121225,"Estimable",0.349447269550175
"692","2020-11167",1.07774534876662,0.728308398900162,"Estimable",0.34937710042511
"693","2020-1128",0.519188835345956,0.728269124121225,"Estimable",0.349447269550175
"694","2020-11422",1.80122566146666,0.728287481412904,"Estimable",0.349414472507588
"695","2020-11426",1.52288436742963,0.728308398900162,"Estimable",0.34937710042511
"696","2020-1149",0.574831212678833,0.728269124121225,"Estimable",0.349447269550175
"697","2020-11551",1.80109625409402,0.728308398900162,"Estimable",0.34937710042511
"698","2020-11632",1.43728806133843,0.728269124121225,"Estimable",0.349447269550175
"699","2020-11836",1.13351713347214,0.728287481412904,"Estimable",0.349414472507588
"700","2020-11841",1.21685129209881,0.728308398900162,"Estimable",0.34937710042511
"701","2020-12056",2.16063896666583,0.728269124121225,"Estimable",0.349447269550175
"702","2020-12073",1.1589467673014,0.728287845429211,"Estimable",0.349413822149573
"703","2020-12226",2.30187765008991,0.728308398900162,"Estimable",0.34937710042511
"704","2020-12650",2.29974490999802,0.728269124121225,"Estimable",0.349447269550175
"705","2020-12665",1.21458914463427,0.728287845429211,"Estimable",0.349413822149573
"706","2020-12673",1.5206222199651,0.728287845429211,"Estimable",0.349413822149573
"707","2020-13001",0.741758344677464,0.728269124121225,"Estimable",0.349447269550175
"708","2020-13011",1.60408578596441,0.728287845429211,"Estimable",0.349413822149573
"709","2020-1314",1.24480188813789,0.728287481412904,"Estimable",0.349414472507588
"710","2020-13145",2.49662597075498,0.728308398900162,"Estimable",0.34937710042511
"711","2020-13223",3.30117829461716,0.728287845429211,"Estimable",0.349413822149573
"712","2020-13354",2.30187765008991,0.728308398900162,"Estimable",0.34937710042511
"713","2020-13527",1.60408578596441,0.728287845429211,"Estimable",0.349413822149573
"714","2020-1362",0.365522918905793,0.728308398900162,"Estimable",0.34937710042511
"715","2020-13707",0.52966793203778,0.728308398900162,"Estimable",0.34937710042511
"716","2020-13710",1.18624798456573,0.728308398900162,"Estimable",0.34937710042511
"717","2020-13735",1.32587389930003,0.728287845429211,"Estimable",0.349413822149573
"718","2020-13739",2.02140361596099,0.728287845429211,"Estimable",0.349413822149573
"719","2020-13814",1.6320363820035,0.728269124121225,"Estimable",0.349447269550175
"720","2020-13902",0.963807882606865,0.728287481412904,"Estimable",0.349414472507588
"721","2020-13967",5.64042029006253,0.728308398900162,"Estimable",0.34937710042511
"722","2020-14072",0.741758344677464,0.728269124121225,"Estimable",0.349447269550175
"723","2020-14116",0.352261703347325,0.728269124121225,"Estimable",0.349447269550175
"724","2020-14253",1.13112557863496,0.728287845429211,"Estimable",0.349413822149573
"725","2020-14337",3.08087093275019,0.728308398900162,"Estimable",0.34937710042511
"726","2020-14846",0.966460594100864,0.728308398900162,"Estimable",0.34937710042511
"727","2020-14872",0.485674001573585,0.728287845429211,"Estimable",0.349413822149573
"728","2020-15010",0.512975218837917,0.728308398900162,"Estimable",0.34937710042511
"729","2020-1511",3.49818876274677,0.728308398900162,"Estimable",0.34937710042511
"730","2020-15209",0.855305246807755,0.728287481412904,"Estimable",0.349414472507588
"731","2020-15215",3.47049698145297,0.728287481412904,"Estimable",0.349414472507588
"732","2020-15256",2.66129095528907,0.728287845429211,"Estimable",0.349413822149573
"733","2020-1534",2.18833074795962,0.728287845429211,"Estimable",0.349413822149573
"734","2020-15348",0.938768812807071,0.728287481412904,"Estimable",0.349414472507588
"735","2020-15403",1.41159961276388,0.728308398900162,"Estimable",0.34937710042511
"736","2020-15405",0.713807748638381,0.728287845429211,"Estimable",0.349413822149573
"737","2020-15415",0.482371911304835,0.728308398900162,"Estimable",0.34937710042511
"738","2020-15423",0.827484058141317,0.728287481412904,"Estimable",0.349414472507588
"739","2020-15429",0.602652401345272,0.728269124121225,"Estimable",0.349447269550175
"740","2020-15438",1.07787475613926,0.728287481412904,"Estimable",0.349414472507588
"741","2020-15478",0.404992554440913,0.728287845429211,"Estimable",0.349413822149573
"742","2020-15546",0.964327854008972,0.728269124121225,"Estimable",0.349447269550175
"743","2020-15726",0.964198446636327,0.728287845429211,"Estimable",0.349413822149573
"744","2020-1578",1.13112557863496,0.728287845429211,"Estimable",0.349413822149573
"745","2020-15810",0.5219709542126,0.728269124121225,"Estimable",0.349447269550175
"746","2020-15836",1.35382449533911,0.728269124121225,"Estimable",0.349447269550175
"747","2020-15961",1.79896351400213,0.728269124121225,"Estimable",0.349447269550175
"748","2020-16022",1.13112557863496,0.728287845429211,"Estimable",0.349413822149573
"749","2020-16035",1.91024826866788,0.728269124121225,"Estimable",0.349447269550175
"750","2020-16102",2.05161635946461,0.728287481412904,"Estimable",0.349414472507588
"751","2020-16118",0.549142764104287,0.728308398900162,"Estimable",0.34937710042511
"752","2020-16145",0.602652401345272,0.728269124121225,"Estimable",0.349447269550175
"753","2020-16228",0.332786871280819,0.728269124121225,"Estimable",0.349447269550175
"754","2020-16301",0.302054156375091,0.728287845429211,"Estimable",0.349413822149573
"755","2020-1643",0.938639405434426,0.728308398900162,"Estimable",0.34937710042511
"756","2020-16521",1.66211971813447,0.728287481412904,"Estimable",0.349414472507588
"757","2020-16523",1.65985757066993,0.728269124121225,"Estimable",0.349447269550175
"758","2020-16637",0.330004752414175,0.728269124121225,"Estimable",0.349447269550175
"759","2020-16641",1.13112557863496,0.728287845429211,"Estimable",0.349413822149573
"760","2020-16727",1.79883410662948,0.728287845429211,"Estimable",0.349413822149573
"761","2020-16738",1.66199031076183,0.728308398900162,"Estimable",0.34937710042511
"762","2020-16758",1.54124371318969,0.818437468725033,"Estimable",0.178382435074894
"763","2020-16902",0.853043099343218,0.728269124121225,"Estimable",0.349447269550175
"764","2020-16972",2.0793081407584,0.728308398900162,"Estimable",0.34937710042511
"765","2020-17006",2.71919548008649,0.728308398900162,"Estimable",0.34937710042511
"766","2020-17017",2.24636468012968,0.728287481412904,"Estimable",0.349414472507588
"767","2020-17110",2.69137429142005,0.728308398900162,"Estimable",0.34937710042511
"768","2020-17118",2.27418586879612,0.728287481412904,"Estimable",0.349414472507588
"769","2020-17132",2.96971558545708,0.728287481412904,"Estimable",0.349414472507588
"770","2020-17154",1.07787475613926,0.728287481412904,"Estimable",0.349414472507588
"771","2020-17163",1.27262307680433,0.728287481412904,"Estimable",0.349414472507588
"772","2020-17307",1.24480188813789,0.728287481412904,"Estimable",0.349414472507588
"773","2020-17343",1.21698069947146,0.728287481412904,"Estimable",0.349414472507588
"774","2020-1739",0.741628937304819,0.728287845429211,"Estimable",0.349413822149573
"775","2020-17445",1.5206222199651,0.728287845429211,"Estimable",0.349413822149573
"776","2020-17447",0.31266266043956,0.728308398900162,"Estimable",0.34937710042511
"777","2020-17458",2.66142036266172,0.728269124121225,"Estimable",0.349447269550175
"778","2020-1747",0.910947624140632,0.728287481412904,"Estimable",0.349414472507588
"779","2020-17555",2.6056485779562,0.728287845429211,"Estimable",0.349413822149573
"780","2020-17565",0.521321575437848,0.728308398900162,"Estimable",0.34937710042511
"781","2020-1759",0.883126435474194,0.728287481412904,"Estimable",0.349414472507588
"782","2020-1761",0.97758906956744,0.728308398900162,"Estimable",0.34937710042511
"783","2020-1842",3.22010628345503,0.728287481412904,"Estimable",0.349414472507588
"784","2020-1847",0.491367646679518,0.728269124121225,"Estimable",0.349447269550175
"785","2020-1862",1.41172902013653,0.728287481412904,"Estimable",0.349414472507588
"786","2020-1865",1.3815162766329,0.728287845429211,"Estimable",0.349413822149573
"787","2020-1908",3.6651158947454,0.728308398900162,"Estimable",0.34937710042511
"788","2020-1919",1.80109625409402,0.728308398900162,"Estimable",0.34937710042511
"789","2020-1956",0.688248707436479,0.728308398900162,"Estimable",0.34937710042511
"790","2020-2010",0.46063493177379,0.728287845429211,"Estimable",0.349413822149573
"791","2020-2032",0.85517583943511,0.728308398900162,"Estimable",0.34937710042511
"792","2020-2034",1.99358242729455,0.728287845429211,"Estimable",0.349413822149573
"793","2020-2037",1.15907617467404,0.728269124121225,"Estimable",0.349447269550175
"794","2020-2068",0.769579533343903,0.728269124121225,"Estimable",0.349447269550175
"795","2020-2101",0.232110620679533,0.728287481412904,"Estimable",0.349414472507588
"796","2020-2310",0.77184168080844,0.728287481412904,"Estimable",0.349414472507588
"797","2020-2318",1.13112557863496,0.728287845429211,"Estimable",0.349413822149573
"798","2020-2330",2.24410253266514,0.728269124121225,"Estimable",0.349447269550175
"799","2020-2334",1.66211971813447,0.728287481412904,"Estimable",0.349414472507588
"800","2020-2335",1.60408578596441,0.728287845429211,"Estimable",0.349413822149573
"801","2020-2403",1.43942080143032,0.728308398900162,"Estimable",0.34937710042511
"802","2020-2615",1.55083496346872,0.728287481412904,"Estimable",0.349414472507588
"803","2020-2749",1.32813604676456,0.728308398900162,"Estimable",0.34937710042511
"804","2020-2770",1.66199031076183,0.728308398900162,"Estimable",0.34937710042511
"805","2020-2775",2.49449323066309,0.728269124121225,"Estimable",0.349447269550175
"806","2020-2864",2.13281777799939,0.728269124121225,"Estimable",0.349447269550175
"807","2020-3205",1.99597398213173,0.728287481412904,"Estimable",0.349414472507588
"808","2020-3211",0.577093360143371,0.728287481412904,"Estimable",0.349414472507588
"809","2020-3234",0.332137492506067,0.728308398900162,"Estimable",0.34937710042511
"810","2020-3530",0.994411190139948,0.728287481412904,"Estimable",0.349414472507588
"811","2020-3607",1.35608664280365,0.728287481412904,"Estimable",0.349414472507588
"812","2020-3614",1.24480188813789,0.728287481412904,"Estimable",0.349414472507588
"813","2020-3744",1.38390783147009,0.728287481412904,"Estimable",0.349414472507588
"814","2020-40034",1.43715865396578,0.728287845429211,"Estimable",0.349413822149573
"815","2020-4337",1.16120891476593,0.728308398900162,"Estimable",0.34937710042511
"816","2020-4869",1.27249366943169,0.728308398900162,"Estimable",0.34937710042511
"817","2020-4878",2.52218501195688,0.728287845429211,"Estimable",0.349413822149573
"818","2020-4907",1.57865615213516,0.728287481412904,"Estimable",0.349414472507588
"819","2020-4951",2.2184140840906,0.728308398900162,"Estimable",0.34937710042511
"820","2020-5056",1.82678470266857,0.728269124121225,"Estimable",0.349447269550175
"821","2020-5238",0.992149042675411,0.728269124121225,"Estimable",0.349447269550175
"822","2020-5250",0.744020492142002,0.728287481412904,"Estimable",0.349414472507588
"823","2020-5258",0.396646197840982,0.728287845429211,"Estimable",0.349413822149573
"824","2020-528",1.49519258613584,0.728287481412904,"Estimable",0.349414472507588
"825","2020-5308",0.521321575437848,0.728308398900162,"Estimable",0.34937710042511
"826","2020-5315",1.1333877260995,0.728308398900162,"Estimable",0.34937710042511
"827","2020-5361",0.855305246807755,0.728287481412904,"Estimable",0.349414472507588
"828","2020-5369",0.713807748638381,0.728287845429211,"Estimable",0.349413822149573
"829","2020-5376",1.63416912209539,0.728308398900162,"Estimable",0.34937710042511
"830","2020-5416",1.43942080143032,0.728308398900162,"Estimable",0.34937710042511
"831","2020-5533",0.797400722010341,0.728269124121225,"Estimable",0.349447269550175
"832","2020-5541",1.52075162733774,0.728269124121225,"Estimable",0.349447269550175
"833","2020-5545",1.01997023134185,0.728269124121225,"Estimable",0.349447269550175
"834","2020-571",1.77327506542758,0.728308398900162,"Estimable",0.34937710042511
"835","2020-5827",1.85686803879954,0.728287481412904,"Estimable",0.349414472507588
"836","2020-5871",0.771712273435795,0.728308398900162,"Estimable",0.34937710042511
"837","2020-6010",3.96888682261168,0.728287845429211,"Estimable",0.349413822149573
"838","2020-602",4.77809284877558,0.728287481412904,"Estimable",0.349414472507588
"839","2020-6103",1.80109625409402,0.728308398900162,"Estimable",0.34937710042511
"840","2020-6116",1.88242708000144,0.728269124121225,"Estimable",0.349447269550175
"841","2020-6117",2.1048671819603,0.728287845429211,"Estimable",0.349413822149573
"842","2020-6148",1.88455982009333,0.728308398900162,"Estimable",0.34937710042511
"843","2020-6154",1.35608664280365,0.728287481412904,"Estimable",0.349414472507588
"844","2020-6171",2.04922480462743,0.728287845429211,"Estimable",0.349413822149573
"845","2020-6201",1.55070555609607,0.728308398900162,"Estimable",0.34937710042511
"846","2020-6205",1.63190697463085,0.728287845429211,"Estimable",0.349413822149573
"847","2020-6223",4.44423858477832,0.728287481412904,"Estimable",0.349414472507588
"848","2020-6254",1.60421519333706,0.728269124121225,"Estimable",0.349447269550175
"849","2020-6335",3.10882152878927,0.728287481412904,"Estimable",0.349414472507588
"850","2020-6415",0.632735737476248,0.728287481412904,"Estimable",0.349414472507588
"851","2020-6435",1.88468922746598,0.728287481412904,"Estimable",0.349414472507588
"852","2020-6453",0.330004752414175,0.728269124121225,"Estimable",0.349447269550175
"853","2020-6633",3.27348651332337,0.728269124121225,"Estimable",0.349447269550175
"854","2020-6909",1.88455982009333,0.728308398900162,"Estimable",0.34937710042511
"855","2020-7021",1.04779142000829,0.728269124121225,"Estimable",0.349447269550175
"856","2020-7024",0.396126226438875,0.728308398900162,"Estimable",0.34937710042511
"857","2020-7035",1.3815162766329,0.728287845429211,"Estimable",0.349413822149573
"858","2020-7369",1.52301377480228,0.728287481412904,"Estimable",0.349414472507588
"859","2020-7415",0.093004677347341,0.728287481412904,"Estimable",0.349414472507588
"860","2020-7535",3.18989353995141,0.728287845429211,"Estimable",0.349413822149573
"861","2020-7719",1.4950631787632,0.728308398900162,"Estimable",0.34937710042511
"862","2020-7737",2.07943754813105,0.728287481412904,"Estimable",0.349414472507588
"863","2020-7746",1.3815162766329,0.728287845429211,"Estimable",0.349413822149573
"864","2020-7877",0.797400722010341,0.728269124121225,"Estimable",0.349447269550175
"865","2020-7917",0.769450125971258,0.728287845429211,"Estimable",0.349413822149573
"866","2020-7954",1.2703609293398,0.728269124121225,"Estimable",0.349447269550175
"867","2020-8457",0.293187828373053,0.728308398900162,"Estimable",0.34937710042511
"868","2020-850",1.68981149942826,0.728308398900162,"Estimable",0.34937710042511
"869","2020-8608",1.60408578596441,0.728287845429211,"Estimable",0.349413822149573
"870","2020-8628",1.32813604676456,0.728308398900162,"Estimable",0.34937710042511
"871","2020-8648",1.96802338609265,0.728308398900162,"Estimable",0.34937710042511
"872","2020-8734",3.63729470607896,0.728308398900162,"Estimable",0.34937710042511
"873","2020-8754",2.46667204199665,0.728269124121225,"Estimable",0.349447269550175
"874","2020-8922",1.91024826866788,0.728269124121225,"Estimable",0.349447269550175
"875","2020-9168",0.799662869474879,0.728287481412904,"Estimable",0.349414472507588
"876","2020-9242",1.52288436742963,0.728308398900162,"Estimable",0.34937710042511
"877","2020-927",2.38320847599734,0.728269124121225,"Estimable",0.349447269550175
"878","2020-9376",1.88455982009333,0.728308398900162,"Estimable",0.34937710042511
"879","2020-9638",0.994281782767303,0.728308398900162,"Estimable",0.34937710042511
"880","2020-9801",3.57951958865419,0.728269124121225,"Estimable",0.349447269550175
"881","2020-9818",1.68767875933637,0.728269124121225,"Estimable",0.349447269550175
"882","2020-9828",1.46497984263222,0.728287845429211,"Estimable",0.349413822149573
"883","2020-9856",2.43872144595757,0.728287845429211,"Estimable",0.349413822149573
"884","2020-9945",0.700026561677806,0.728269124121225,"Estimable",0.349447269550175
"885","IL16LCSDH-01-T-863-10",1.41172902013653,0.728287481412904,"Estimable",0.349414472507588
"886","IL16LCSDH-01-T-863-121",1.32600330667267,0.728269124121225,"Estimable",0.349447269550175
"887","IL16LCSDH-01-T-863-32",0.908685476676095,0.728269124121225,"Estimable",0.349447269550175
"888","IL16LCSDH-01-T-863-5",2.9140732081242,0.728287481412904,"Estimable",0.349414472507588
"889","IL16LCSDH-01-T-863-52",6.50300654609477,0.728287481412904,"Estimable",0.349414472507588
"890","IL16LCSDH-01-T-863-53",1.71537054063017,0.728287845429211,"Estimable",0.349413822149573
"891","IL16LCSDH-01-T-863-58",1.21685129209881,0.728308398900162,"Estimable",0.34937710042511
"892","IL16LCSDH-01-T-863-6",0.964198446636327,0.728287845429211,"Estimable",0.349413822149573
"893","IL16LCSDH-01-T-863-63",2.57782738928976,0.728287845429211,"Estimable",0.349413822149573
"894","IL16LCSDH-01-T-863-69",1.29818211800623,0.728269124121225,"Estimable",0.349447269550175
"895","IL16LCSDH-01-T-863-72",0.855305246807755,0.728287481412904,"Estimable",0.349414472507588
"896","IL16LCSDH-01-T-863-87",1.74558328413379,0.728287481412904,"Estimable",0.349414472507588
"897","IL16LCSDH-01-T-863-92",1.16120891476593,0.728308398900162,"Estimable",0.34937710042511
"898","IL16LCSDH-02-T-864-20",0.407254701905451,0.728308398900162,"Estimable",0.34937710042511
"899","IL16LCSDH-02-T-864-24",0.936506665342533,0.728269124121225,"Estimable",0.349447269550175
"900","IL16LCSDH-02-T-864-27",0.686115967344587,0.728269124121225,"Estimable",0.349447269550175
"901","IL16LCSDH-02-T-864-29",1.79883410662948,0.728287845429211,"Estimable",0.349413822149573
"902","IL16LCSDH-02-T-864-37",0.964198446636327,0.728287845429211,"Estimable",0.349413822149573
"903","IL16LCSDH-02-T-864-38",0.882997028101549,0.728308398900162,"Estimable",0.34937710042511
"904","IL16LCSDH-02-T-864-5",2.02366576342553,0.728308398900162,"Estimable",0.34937710042511
"905","IL16LCSDH-02-T-864-54",1.35382449533911,0.728269124121225,"Estimable",0.349447269550175
"906","IL16LCSDH-02-T-864-59",1.21698069947146,0.728287481412904,"Estimable",0.349414472507588
"907","IL16LCSDH-02-T-864-6",0.427249505374064,0.728287845429211,"Estimable",0.349413822149573
"908","IL16LCSDH-02-T-864-60",1.46510925000486,0.728269124121225,"Estimable",0.349447269550175
"909","IL16LCSDH-02-T-864-63",0.938639405434426,0.728308398900162,"Estimable",0.34937710042511
"910","IL16LCSDH-02-T-864-8",0.538663667412463,0.728269124121225,"Estimable",0.349447269550175
"911","IL16LCSDH-03-T-865-28",1.91024826866788,0.728269124121225,"Estimable",0.349447269550175
"912","IL16LCSDH-03-T-865-32",1.18903010343237,0.728308398900162,"Estimable",0.34937710042511
"913","IL16LCSDH-03-T-865-35",1.57639400467062,0.728269124121225,"Estimable",0.349447269550175
"914","IL16LCSDH-03-T-865-36",0.632606330103602,0.728308398900162,"Estimable",0.34937710042511
"915","IL16LCSDH-03-T-865-39",1.27262307680433,0.728287481412904,"Estimable",0.349414472507588
"916","IL16LCSDH-03-T-865-40",0.994411190139948,0.728287481412904,"Estimable",0.349414472507588
"917","IL16LCSDH-03-T-865-46",1.80109625409402,0.728308398900162,"Estimable",0.34937710042511
"918","IL16LCSDH-03-T-865-65",1.5206222199651,0.728287845429211,"Estimable",0.349413822149573
"919","IL16LCSDH-04-T-2659-20",0.90855606930345,0.728287845429211,"Estimable",0.349413822149573
"920","IL16LCSDH-04-T-2659-207",3.6374241134516,0.728287481412904,"Estimable",0.349414472507588
"921","IL16LCSDH-04-T-2659-212",1.63416912209539,0.728308398900162,"Estimable",0.34937710042511
"922","IL16LCSDH-04-T-2659-216",2.10486718196031,0.728287845429211,"Estimable",0.349413822149573
"923","IL16LCSDH-04-T-2659-225",1.79896351400213,0.728269124121225,"Estimable",0.349447269550175
"924","IL16LCSDH-04-T-2659-23",1.43942080143032,0.728308398900162,"Estimable",0.34937710042511
"925","IL16LCSDH-04-T-2659-231",0.908685476676095,0.728269124121225,"Estimable",0.349447269550175
"926","IL16LCSDH-04-T-2659-232",1.96576123862811,0.728287845429211,"Estimable",0.349413822149573
"927","IL16LCSDH-04-T-2659-3",2.91181106065967,0.728269124121225,"Estimable",0.349447269550175
"928","IL16LCSDH-04-T-2659-8",2.10499658933295,0.728269124121225,"Estimable",0.349447269550175
"929","IL16LCSDH-05-T-2660-3",1.43955020880296,0.728287481412904,"Estimable",0.349414472507588
"930","IL16LCSDH-06-T-2661-12",2.69137429142005,0.728308398900162,"Estimable",0.34937710042511
"931","IL16LCSDH-06-T-2661-17",1.94020219742621,0.728308398900162,"Estimable",0.34937710042511
"932","IL16LCSDH-06-T-2661-19",1.71776209546735,0.728287481412904,"Estimable",0.349414472507588
"933","IL16LCSDH-06-T-2661-202",1.46497984263222,0.728287845429211,"Estimable",0.349413822149573
"934","IL16LCSDH-06-T-2661-206",2.5779567966624,0.728269124121225,"Estimable",0.349447269550175
"935","IL16LCSDH-06-T-2661-21",0.0488813395105006,0.728287845429211,"Estimable",0.349413822149573
"936","IL16LCSDH-06-T-2661-212",0.547010024012395,0.728269124121225,"Estimable",0.349447269550175
"937","IL16LCSDH-06-T-2661-228",1.88455982009333,0.728308398900162,"Estimable",0.34937710042511
"938","IL16LCSDH-06-T-2661-231",0.112999480815955,0.728269124121225,"Estimable",0.349447269550175
"939","IL16LCSDH-06-T-2661-234",0.34113322788075,0.728269124121225,"Estimable",0.349447269550175
"940","IL16LCSDH-06-T-2661-39",0.883126435474194,0.728287481412904,"Estimable",0.349414472507588
"941","IL16LCSDH-06-T-2661-52",1.66211971813447,0.728287481412904,"Estimable",0.349414472507588
"942","IL16LCSDH-06-T-2661-9",2.66129095528907,0.728287845429211,"Estimable",0.349413822149573
"943","IL16LCSDH-07-T-2662-201",3.24566532465693,0.728269124121225,"Estimable",0.349447269550175
"944","IL16LCSDH-07-T-2662-202",5.05391318060278,0.728287845429211,"Estimable",0.349413822149573
"945","IL16LCSDH-07-T-2662-203",1.35608664280365,0.728287481412904,"Estimable",0.349414472507588
"946","IL16LCSDH-07-T-2662-21",3.27335710595072,0.728287845429211,"Estimable",0.349413822149573
"947","IL16LCSDH-07-T-2662-22",1.91251041613242,0.728287481412904,"Estimable",0.349414472507588
"948","IL16LCSDH-07-T-2662-222",2.88625201945776,0.728287481412904,"Estimable",0.349414472507588
"949","IL16LCSDH-07-T-2662-225",2.24410253266514,0.728269124121225,"Estimable",0.349447269550175
"950","IL16LCSDH-07-T-2662-23",1.15907617467404,0.728269124121225,"Estimable",0.349447269550175
"951","IL16LCSDH-07-T-2662-237",2.10486718196031,0.728287845429211,"Estimable",0.349413822149573
"952","IL16LCSDH-07-T-2662-241",1.8290468501331,0.728287481412904,"Estimable",0.349414472507588
"953","IL16LCSDH-07-T-2662-31",7.30982101742148,0.728287481412904,"Estimable",0.349414472507588
"954","IL16LCSDH-07-T-2662-43",1.27249366943169,0.728308398900162,"Estimable",0.34937710042511
"955","IL16LCSDH-07-T-2662-47",4.3884668000728,0.728308398900162,"Estimable",0.34937710042511
"956","IL16LCSDH-08-T-2663-21",2.32743669129181,0.728287845429211,"Estimable",0.349413822149573
"957","IL16LCSDH-08-T-2663-55",2.69137429142005,0.728308398900162,"Estimable",0.34937710042511
"958","IL16LCSDH-09-T-2664-16",3.13438056999117,0.728269124121225,"Estimable",0.349447269550175
"959","IL16LCSDH-09-T-2664-18",2.07717540066651,0.728269124121225,"Estimable",0.349447269550175
"960","IL16LCSDH-09-T-2664-20",1.88468922746598,0.728287481412904,"Estimable",0.349414472507588
"961","IL16LCSDH-09-T-2664-23",1.94020219742621,0.728308398900162,"Estimable",0.34937710042511
"962","IL16LCSDH-09-T-2664-24",1.68754935196373,0.728287845429211,"Estimable",0.349413822149573
"963","IL16LCSDH-09-T-2664-27",4.44423858477832,0.728287481412904,"Estimable",0.349414472507588
"964","IL16LCSDH-09-T-2664-28",1.63416912209539,0.728308398900162,"Estimable",0.34937710042511
"965","IL16LCSDH-09-T-2664-30",2.55000620062332,0.728287845429211,"Estimable",0.349413822149573
"966","IL16LCSDH-09-T-2664-36",2.02379517079817,0.728287481412904,"Estimable",0.349414472507588
"967","IL16LCSDH-09-T-2664-40",1.4950631787632,0.728308398900162,"Estimable",0.34937710042511
"968","IL16LCSDH-09-T-2664-43",1.93794004996167,0.728287845429211,"Estimable",0.349413822149573
"969","IL16LCSDH-10-T-2665-19",1.35608664280365,0.728287481412904,"Estimable",0.349414472507588
"970","IL16LCSDH-10-T-2665-20",0.535752141173174,0.728287845429211,"Estimable",0.349413822149573
"971","IL16LCSDH-10-T-2665-21",2.74475452128839,0.728287845429211,"Estimable",0.349413822149573
"972","IL16LCSDH-10-T-2665-22",2.10486718196031,0.728287845429211,"Estimable",0.349413822149573
"973","IL16LCSDH-10-T-2665-41",2.02140361596099,0.728287845429211,"Estimable",0.349413822149573
"974","IL16LCSDH-10-T-2665-42",1.43715865396578,0.728287845429211,"Estimable",0.349413822149573
"975","IL16LCSDH-10-T-2665-52",5.41571804063913,0.728269124121225,"Estimable",0.349447269550175
"976","IL16LCSDH-10-T-2665-54",2.80052630599391,0.728269124121225,"Estimable",0.349447269550175
"977","IL16LCSDH-10-T-2665-69",1.10330438996852,0.728287845429211,"Estimable",0.349413822149573
"978","IL16LCSDH-10-T-2665-70",2.0793081407584,0.728308398900162,"Estimable",0.34937710042511
"979","IL16LCSDH-10-T-2665-75",1.71537054063017,0.728287845429211,"Estimable",0.349413822149573
"980","IL16LCSDH-10-T-2665-8",2.63346976662264,0.728287845429211,"Estimable",0.349413822149573
"981","IL16LCSDH-11-T-2666-206",2.10486718196031,0.728287845429211,"Estimable",0.349413822149573
"982","IL16LCSDH-11-T-2666-208",2.4409835934221,0.728308398900162,"Estimable",0.34937710042511
"983","IL16LCSDH-11-T-2666-212",2.07704599329387,0.728287845429211,"Estimable",0.349413822149573
"984","IL16LCSDH-11-T-2666-220",0.490718267904766,0.728308398900162,"Estimable",0.34937710042511
"985","Kaskaskia",8.244335126773,0.50066842564767,"Estimable",0.692532571460328
"986","Pio 25R74",4.20860516753715,0.520566100856724,"Estimable",0.667608066858239
"987","Pio25R74",2.27919743692826,0.671529026333569,"Estimable",0.446868633023764
"988","US16-IL-061-029",1.20057994831638,0.632558900862354,"Estimable",0.509204411381682
"989","US16-IL-061-032",1.40087868629065,0.603982719795752,"Estimable",0.552546679668817
"990","US16-IL-061-046",1.20070037148896,0.671477755493257,"Estimable",0.44695309229882
"991","US16-IL-061-068",1.30220247670546,0.581954917920102,"Estimable",0.5845895728652
"992","US16-IL-061-074",1.19521742639725,0.632558900862354,"Estimable",0.509204411381682
"993","US16-IL-061-075",1.58160028858582,0.671477755493257,"Estimable",0.44695309229882
"994","US16-IL-061-077",3.47521701929587,0.671477755493257,"Estimable",0.44695309229882
"995","US16-IL-061-083",1.56758959927517,0.818136068616002,"Estimable",0.178987466089752
"996","US16-IL-061-100",1.38811323691902,0.632602006468352,"Estimable",0.509137518758476
"997","US16-IL-061-102",2.09596613024426,0.632602006468352,"Estimable",0.509137518758476
"998","US16-IL-061-132",1.64566926760422,0.632558900862354,"Estimable",0.509204411381682
"999","US16-IL-061-158",1.92220188922877,0.818136068616002,"Estimable",0.178987466089752
"1000","US16-IL-061-162",1.13786221402626,0.632602006468352,"Estimable",0.509137518758476
"1001","US16-IL-061-179",2.83413170791603,0.728248791167114,"Estimable",0.349483595336129
"1002","US16-IL-062-031",1.63851923837872,0.632558900862354,"Estimable",0.509204411381682
"1003","US16-IL-062-068",1.55435702925986,0.728248791167114,"Estimable",0.349483595336129
"1004","US16-IL-062-071",2.08295961392219,0.728248791167114,"Estimable",0.349483595336129
"1005","US16-IL-062-097",1.77692653859137,0.728248791167114,"Estimable",0.349483595336129
"1006","US16-IL-062-109",1.6474567749106,0.632558900862354,"Estimable",0.509204411381682
"1007","US16-IL-063-003",1.77692653859137,0.728248791167114,"Estimable",0.349483595336129
"1008","US16-IL-063-008",1.57529856210024,0.818136068616002,"Estimable",0.178987466089752
"1009","US16-IL-063-026",1.0072476291046,0.581954917920102,"Estimable",0.5845895728652
"1010","US16-IL-063-030",1.86359018041527,0.632602006468352,"Estimable",0.509137518758476
"1011","US16-IL-063-049",1.51748134091216,0.818136068616002,"Estimable",0.178987466089752
"1012","US16-IL-063-063",1.20319917344711,0.581954887446935,"Estimable",0.584589616369844
"1013","US16-IL-063-154",1.62779419454045,0.632558900862354,"Estimable",0.509204411381682
"1014","US16-IL-063-177",1.25946778726962,0.671477755493257,"Estimable",0.44695309229882
"1015","US16-IL-063-234",1.38096320769351,0.632602006468352,"Estimable",0.509137518758476
"1016","US16-IL-063-242",1.56802641126715,0.728070212311446,"Estimable",0.349802591353191
"1017","US16-IL-064-005",2.72284695325028,0.728248791167114,"Estimable",0.349483595336129
"1018","US16-IL-064-029",1.86020137080523,0.671477755493257,"Estimable",0.44695309229882
"1019","US16-IL-064-065",1.69093300447642,0.818136068616002,"Estimable",0.178987466089752
"1020","US16-IL-064-083",2.05513842525575,0.728248791167114,"Estimable",0.349483595336129
"1021","US16-IL-064-095",1.17912986063986,0.632558900862354,"Estimable",0.509204411381682
"1022","US16-IL-064-121",1.62645090746667,0.728070212311446,"Estimable",0.349802591353191
"1023","US16-IL-064-137",1.39021201612787,0.728248791167114,"Estimable",0.349483595336129
"1024","US16-IL-064-160",1.08260446609551,0.632558900862354,"Estimable",0.509204411381682
"1025","US16-IL-064-168",1.99929151747955,0.818136068616002,"Estimable",0.178987466089752
"1026","US16-IL-064-199",1.47089346326055,0.728248791167114,"Estimable",0.349483595336129
"1027","US16-IL-064-204",1.10087165399691,0.728248791167114,"Estimable",0.349483595336129
"1028","US16-IL-064-229",2.05513842525575,0.728248791167114,"Estimable",0.349483595336129
"1029","US16-IL-064-230",1.82102309361812,0.671477755493257,"Estimable",0.44695309229882
"1030","US16-IL-064-234",1.91603248192356,0.728248791167114,"Estimable",0.349483595336129
"1031","US16-IL-064-235",1.19879244101,0.632558900862354,"Estimable",0.509204411381682
"1032","US16-IL-064-240",1.94385367059,0.728248791167114,"Estimable",0.349483595336129
"1033","US16-IL-064-248",1.36829633501158,0.671477755493257,"Estimable",0.44695309229882
"1034","US16-IL-065-010",1.32694148686964,0.671477755493257,"Estimable",0.44695309229882
"1035","US16-IL-065-019",1.80474772725781,0.728248791167114,"Estimable",0.349483595336129
"1036","US16-IL-065-030",1.28101777710334,0.632558900862354,"Estimable",0.509204411381682
"1037","US16-IL-065-031",1.91603248192356,0.728248791167114,"Estimable",0.349483595336129
"1038","US16-IL-065-032",1.08974317853034,0.728248791167114,"Estimable",0.349483595336129
"1039","US16-IL-065-034",1.26779878599554,0.728248791167114,"Estimable",0.349483595336129
"1040","US16-IL-065-037",1.20057994831638,0.632558900862354,"Estimable",0.509204411381682
"1041","US16-IL-065-076",1.27058090486219,0.728248791167114,"Estimable",0.349483595336129
"1042","US16-IL-065-094",1.5821782179263,0.728248791167114,"Estimable",0.349483595336129
"1043","US16-IL-065-104",1.30396633126191,0.728248791167114,"Estimable",0.349483595336129
"1044","US16-IL-065-107",1.24554183506239,0.728248791167114,"Estimable",0.349483595336129
"1045","US16-IL-065-109",1.23163124072917,0.728248791167114,"Estimable",0.349483595336129
"1046","US16-IL-065-111",1.24348012366943,0.632558900862354,"Estimable",0.509204411381682
"1047","US16-IL-065-113",1.18989945772952,0.728248791167114,"Estimable",0.349483595336129
"1048","US16-IL-065-125",1.02575444459753,0.728248791167114,"Estimable",0.349483595336129
"1049","US16-IL-066-044",1.49871465192698,0.728248791167114,"Estimable",0.349483595336129
"1050","US16-IL-066-090",1.47089346326055,0.728248791167114,"Estimable",0.349483595336129
"1051","US17-IL-108-002",2.07638114573034,0.818136068616002,"Estimable",0.178987466089752
"1052","US17-IL-108-003",1.29777590039742,0.818136068616002,"Estimable",0.178987466089752
"1053","US17-IL-108-005",2.14750873684399,0.671477755493257,"Estimable",0.44695309229882
"1054","US17-IL-108-011",2.37762300146051,0.728070212311446,"Estimable",0.349802591353191
"1055","US17-IL-108-020",1.47508204537423,0.818136068616002,"Estimable",0.178987466089752
"1056","US17-IL-108-035",1.44229974747611,0.671477755493257,"Estimable",0.44695309229882
"1057","US17-IL-108-039",2.09851261652483,0.603974862943954,"Estimable",0.552558320901068
"1058","US17-IL-108-047",2.81096905279502,0.632602006468352,"Estimable",0.509137518758476
"1059","US17-IL-108-050",1.72947781860181,0.818136068616002,"Estimable",0.178987466089752
"1060","US17-IL-108-059",1.72595211782425,0.632602006468352,"Estimable",0.509137518758476
"1061","US17-IL-108-065",1.47930145370838,0.671477755493257,"Estimable",0.44695309229882
"1062","US17-IL-108-068",1.69260540728261,0.671477755493257,"Estimable",0.44695309229882
"1063","US17-IL-108-070",2.29611222482529,0.581954887446935,"Estimable",0.584589616369844
"1064","US17-IL-109-038",1.70991447346599,0.728070212311446,"Estimable",0.349802591353191
"1065","US17-IL-109-046",1.26656274008539,0.632602006468352,"Estimable",0.509137518758476
"1066","US17-IL-109-056",1.3639431931019,0.671477755493257,"Estimable",0.44695309229882
"1067","US17-IL-110-003",1.44810067548645,0.818136068616002,"Estimable",0.178987466089752
"1068","US17-IL-110-005",1.2981608812027,0.728070212311446,"Estimable",0.349802591353191
"1069","US17-IL-110-040",1.7680226327272,0.818136068616002,"Estimable",0.178987466089752
"1070","US17-IL-110-041",1.3247572702852,0.818136068616002,"Estimable",0.178987466089752
"1071","US17-IL-110-059",1.61384337622564,0.818136068616002,"Estimable",0.178987466089752
"1072","US17-IL-110-060",2.42328447285886,0.818136068616002,"Estimable",0.178987466089752
"1073","US17-IL-111-002",1.65238819035103,0.818136068616002,"Estimable",0.178987466089752
"1074","US17-IL-111-005",0.724143645916274,0.581954917920102,"Estimable",0.5845895728652
"1075","US17-IL-111-006",0.844414948586204,0.603974862943954,"Estimable",0.552558320901068
"1076","US17-IL-111-007",1.40570137994852,0.818136068616002,"Estimable",0.178987466089752
"1077","US17-IL-111-008",1.42271060888256,0.671477755493257,"Estimable",0.44695309229882
"1078","US17-IL-111-012",1.99765322839354,0.632602006468352,"Estimable",0.509137518758476
"1079","US17-IL-111-013",2.65464976932152,0.671477755493257,"Estimable",0.44695309229882
"1080","US17-IL-111-015",1.63657675250541,0.632602006468352,"Estimable",0.509137518758476
"1081","US17-IL-111-018",1.20912282790902,0.818136068616002,"Estimable",0.178987466089752
"1082","US17-IL-111-019",1.714371116831,0.671477755493257,"Estimable",0.44695309229882
"1083","US17-IL-111-024",1.29777590039742,0.818136068616002,"Estimable",0.178987466089752
"1084","US17-IL-111-025",2.46108656745983,0.728070212311446,"Estimable",0.349802591353191
"1085","US17-IL-111-028",1.17182485284742,0.632602006468352,"Estimable",0.509137518758476
"1086","US17-IL-111-029",1.18965824540359,0.728070212311446,"Estimable",0.349802591353191
"1087","US17-IL-111-031",2.01594754879681,0.728070212311446,"Estimable",0.349802591353191
"1088","US17-IL-111-034",1.54446271079993,0.818136068616002,"Estimable",0.178987466089752
"1089","US17-IL-111-035",1.32598206986913,0.728070212311446,"Estimable",0.349802591353191
"1090","US17-IL-111-036",1.3054848632225,0.818136068616002,"Estimable",0.178987466089752
"1091","US17-IL-111-042",1.45100603129547,0.671477755493257,"Estimable",0.44695309229882
"1092","US17-IL-111-049",1.20042496974945,0.632602006468352,"Estimable",0.509137518758476
"1093","US17-IL-112-002",1.84278880316651,0.671477755493257,"Estimable",0.44695309229882
"1094","US17-IL-112-013",1.99586572108716,0.632602006468352,"Estimable",0.509137518758476
"1095","US17-IL-112-018",1.37884232833537,0.728070212311446,"Estimable",0.349802591353191
"1096","US17-IL-112-027",1.71269659233263,0.728070212311446,"Estimable",0.349802591353191
"1097","US17-IL-112-029",1.25537660485949,0.818136068616002,"Estimable",0.178987466089752
"1098","US17-IL-112-030",1.61384337622564,0.818136068616002,"Estimable",0.178987466089752
"1099","US17-IL-112-035",1.70807704476048,0.632602006468352,"Estimable",0.509137518758476
"1100","US17-IL-112-059",1.27079453050965,0.818136068616002,"Estimable",0.178987466089752
