"","germplasmName","Yield_Average","TestWeight_Average","Heading_NA","Maturity.time_NA","Height_NA","DON_NA","Lodging.incidence...0.9_YT_Urb_23","Yield_YT_Addie_23","Yield_YT_Neo_22","Yield_YT_Neo_23","Yield_YT_Stp_23","Yield_YT_Urb_22","Yield_YT_Urb_23","TestWeight_YT_Addie_23","TestWeight_YT_Neo_22","TestWeight_YT_Neo_23","TestWeight_YT_Stp_23","TestWeight_YT_Urb_22","TestWeight_YT_Urb_23","notes"
"1","07-19334",107.74,61.98,133.59,171.75,39.95,1.54,2.13,97.37,106.67,131.57,95.39,109.34,111.27,63.19,61.04,62.67,63.85,61.46,60.45,NA
"2","12-26004",102.59,60.31,128.77,163.5,37.77,NA,2.82,99.71,102.86,130.38,92.56,97.14,91.12,56.9,60.52,60.39,61.31,61.3,59.92,NA
"3","16-8048",105.19,61.78,132.97,167.08,38.71,1.13,1.01,93.82,105.29,127.4,91.35,107.5,106.93,60.99,60.48,62.63,63.89,62.08,60.49,NA
"4","25R76",109.89,61.67,132.4,172.53,38.13,NA,1.62,103.37,108.13,138.39,98.1,109.41,110.62,60.46,61.45,62.14,63.47,61.83,60.63,NA
"5","AgriMAXX503",111.62,61.1,133.97,168.27,38.84,NA,2.26,103.05,109.64,138.44,102.27,112.14,115.48,59.37,61.05,61.5,63.33,61.37,59.69,NA
"6","IL2021-11634",103.14,63.09,130.58,164.15,37.97,NA,3.17,99.34,101.72,123.05,89.28,103.5,100.21,60.7,62.64,64.18,65.27,63.29,62.75,NA
"7","IL2021-13321",104.05,61.47,133.18,167.56,38.53,NA,1.64,92.44,102.82,126.77,88.27,106.96,106.37,59.11,61.32,61.84,63.89,61.77,60.57,"YTAddie23[see down row]"
"8","IL2021-13577",105.22,61.66,130.79,162.38,39.33,NA,2.95,100.38,103.74,127.54,90.35,105.95,104.79,58.89,61.48,62.08,64.52,61.96,60.83,NA
"9","IL2021-13707",107.73,60.75,130.35,164.9,38.33,NA,2.19,105.81,105.97,130.9,95.9,107.08,106.19,57.74,60.82,60.82,62.15,61.6,60.27,NA
"10","IL2021-13712",104.19,61.14,131.12,168.58,39.07,NA,2.08,94.56,102.72,120.61,89.35,108.28,109.07,59.1,61.07,61.47,63.42,61.45,59.95,NA
"11","IL2021-13713",108.65,60.39,129.05,164.81,36.09,NA,1.01,107.97,106.84,134.14,96.14,107.05,106.73,56.7,60.62,60.65,61.44,61.32,60.07,NA
"12","IL2021-13718",105.25,61.19,129.59,164.49,36.97,NA,0.47,102.21,103.73,130.8,90.74,103.86,101.89,57.9,61.13,61.3,63.24,61.89,60.87,"YTAddie23[septoria]; YTUrb23[npt, ve]"
"13","IL2021-13723",105.49,61.14,130.46,165.94,37.69,NA,2.23,97.05,103.98,128.86,93.13,106.38,105.35,58.27,61.15,61.6,62.92,61.75,60.37,"YTUrb23[seg]"
"14","IL2021-13734",102.3,61.56,129.52,164.22,38.03,NA,1.56,94.97,101.05,127.28,88.81,101.59,97.2,59.31,61.45,62.04,63.12,62.17,60.75,"YTUrb22[Ve, npt]"
"15","IL2021-14267",101.38,62.69,129.97,166.54,39.54,NA,2.52,98.74,100.04,118.46,86.04,102.26,98.23,61.14,62.28,63.58,65.05,62.75,61.82,"YTUrb22[Lodging]"
"16","IL2021-14320",105.77,63.08,133.06,167.95,38.66,NA,1.89,97.13,104.37,127.83,89.95,108.45,108.87,61.97,62.58,64.2,65.29,62.98,62.21,"YTUrb22[Leaning]"
"17","IL2021-14513",104.46,61.51,131.77,166.39,40.03,NA,2.31,98.32,103.1,127.06,88.81,105.6,104.02,59.84,61.32,61.73,63.89,61.96,60.16,"YTUrb22[Leaning]"
"18","IL2021-14556",104.69,63.18,132.06,166.99,39.31,NA,2.59,95.7,103.26,127.95,92.04,105.68,104.07,62.12,62.61,64.12,65.63,63.03,62.42,NA
"19","IL2021-14567",99.32,62.29,131.19,163.4,40.88,NA,2.9,89.72,98.33,117.4,82.38,102.18,97.96,60.55,62.01,63.17,64.31,62.52,61.26,"YTUrb22[Leaning]"
"20","IL2021-14669",105.96,62.64,130.5,167.7,38.71,NA,3.91,99.52,104.47,128.81,90.96,107.29,107.13,61.11,62.21,63.38,64.75,62.71,62.08,NA
"21","IL2021-14676",103.47,62.29,131,166.56,39.17,NA,2.5,94.74,102.07,126.41,91.99,103.76,100.62,61.78,61.89,62.97,64.93,62.11,60.76,"YTStp23[, tall]"
"22","IL2021-14779",102.9,63.22,132.03,168.61,39.61,NA,5.97,99.79,101.52,122.45,87.61,103.5,100.37,62.69,62.59,64.04,66.2,62.96,62.02,"YTUrb22[Lodg]"
"23","IL2021-14925",106.86,63.28,134.8,169.86,38.92,NA,2.43,97.1,105.37,129.6,91.63,109.73,111.4,64.04,62.53,63.88,65.86,62.73,62.15,NA
"24","IL2021-15117",103.41,62.63,133.64,167.75,38.93,NA,2.22,93.91,102.09,123.86,89.12,105.76,104.14,61.75,62.16,63.48,66.04,62.29,60.99,"YTAddie23[uneven]"
"25","IL2021-15134",109.35,62.89,131.6,167.67,37.17,NA,2.12,96.4,107.63,135.07,99.24,111.47,113.83,60.96,62.4,63.75,65.66,62.7,62.44,"YTAddie23[plot dmg]"
"26","IL2021-15138",100.95,62.97,132.36,166.37,40.52,NA,5.76,96.76,99.43,117.09,90,100.97,96.48,62.13,62.4,63.77,65.77,62.66,62.02,"YTAddie23[plot dmg]; YTUrb22[Lodg]"
"27","IL2021-15149",105.87,62.88,130.45,165.2,39.59,NA,2.7,96.05,104.22,129.19,96.97,106.25,105.06,60.54,62.44,63.72,65.3,63.09,62.49,NA
"28","IL2021-15152",102.04,62.9,129.62,164.45,41.54,NA,1.89,99.47,100.6,121.09,89,101.61,97.18,61.55,62.42,63.76,64.72,62.94,62.46,NA
"29","IL2021-15179",100.34,63.63,132.36,166.09,39.89,NA,2.89,91.09,99.13,119.5,87.32,101.71,97.11,62.84,62.94,64.67,65.99,63.39,63.04,NA
"30","IL2021-15207",102.48,63.04,131.05,164.92,39.4,NA,1.71,93.91,101.05,122.64,89.93,103.74,100.75,61.02,62.49,64.03,65.67,63.08,62.47,"YTNeo22[ve]"
"31","IL2021-15219",106.58,63.77,130.56,167.8,39.12,NA,2.04,104.49,107.25,132.14,92.73,104.58,102.1,61.64,63.57,64.8,65.94,63.75,63.77,"YTNeo22[leaning]"
"32","IL2021-15228",104.22,62.18,131.81,164.29,39.43,NA,2.91,100.71,102.71,125.94,90.44,103.97,101.53,59.28,61.95,62.93,64.37,62.62,61.73,"YTAddie23[mixed]; YTUrb22[Lodging]"
"33","IL2021-15245",106.2,64.38,131.09,167.75,38.72,NA,2.22,96.13,104.56,127.26,95.7,108.14,108.24,63.39,63.53,65.7,66.85,63.96,64.26,NA
"34","IL2021-15254",108.39,63.74,131.75,166.88,40.08,NA,3.4,101.25,106.83,134.82,94.6,109.24,109.84,62.37,63.07,64.92,66.47,63.52,63.17,"YTUrb22[Leaning]"
"35","IL2021-15258",103.51,63.08,130.56,165.89,38.91,NA,2.43,93.32,102.13,123.31,89.82,106.09,104.95,60.22,62.64,64.02,64.93,63.41,63.39,"YTAddie23[bad plot]; YTUrb23[mixed]"
"36","IL2021-15263",104.77,62.53,130.7,164.81,39.27,NA,6.28,96.63,103.23,126.16,93.01,105.83,104.48,60.35,62.17,63.29,64.68,62.83,61.97,"YTUrb23[lodging]"
"37","IL2021-15809",103.41,62.54,131.56,168.64,38.14,NA,3,95.48,102.25,123.39,84.39,106.94,106.26,60.73,62.14,63.31,64.88,62.56,61.94,"YTUrb22[Mix]"
"38","IL2021-16120",98.61,63.29,130.87,163.61,40.01,NA,2.97,92.83,97.36,111.88,85,100.5,95.33,62.95,62.68,64.37,65.88,62.96,62.03,"YTAddie23[mixed]; YTStp23[, tall]; YTUrb23[has triticale]; YTUrb23[has triticale]"
"39","IL2021-16212",100.21,63.29,132.68,166.26,37.82,NA,2.42,93.75,99.08,120.16,84.62,101.12,96.18,62.04,62.71,64.37,66.03,63.04,62.48,NA
"40","IL2021-16322",101.42,63.52,131.18,165.01,40.55,NA,2.6,90.91,100.31,122.51,85.66,103.74,100.7,61.29,62.95,64.66,65.83,63.6,63.4,NA
"41","IL2021-16330",102.66,62.33,131.02,166.86,40.19,NA,1.95,95.74,101.45,124.78,87.06,103.79,100.56,58.93,62.09,63.14,64.49,62.9,62.06,NA
"42","IL2021-16415",107.26,63.48,131.79,165.22,39.82,NA,2.39,97.69,105.85,133.07,91.14,109.41,110.71,62.59,62.84,64.51,65.86,63.27,62.81,NA
"43","IL2021-16419",102.8,62.84,130.55,162.49,39.75,NA,2.19,96.18,101.4,122.28,89.36,103.97,101.26,61.03,62.37,63.67,65.28,62.88,62.25,NA
"44","IL2021-16421",100.24,63.13,130.68,163.44,40.05,NA,3.76,90.31,99.2,120.83,84.27,102.27,98.1,61.71,62.6,64.09,65.63,63.05,62.44,NA
"45","IL2021-16452",108.25,60.9,132.46,166.05,38.25,NA,2.25,100.36,106.26,135,98.49,107.82,107.76,58.79,60.33,61.08,63.28,61.31,60.02,NA
"46","IL2021-16459",105.64,63.13,130.23,164.5,39.52,NA,2.37,97.08,106.76,130.36,90.9,106.11,104.67,60.63,62.85,64.19,65.5,63.26,62.74,"YTNeo22[clean]"
"47","IL2021-16544",102.05,61.22,131.61,167.36,39.67,NA,1.98,94.15,100.69,122.54,89.33,102.75,99.41,59.42,61.15,61.78,63.53,61.34,59.82,"YTUrb22[Leaning]"
"48","IL2021-16576",102.45,62.52,133.03,168.49,38.92,NA,2.47,92.46,101.19,121.97,87.18,105.23,103.55,61.49,62.06,63.16,65.75,62.36,61.04,"YTAddie23[plot dmg]"
"49","IL2021-16612",107.97,61.31,132.94,168.03,38.03,NA,3.36,101.77,106.3,131.68,93.84,109.15,110.66,61.5,61.07,61.81,64.49,60.62,59.09,"YTUrb22[Lodging]"
"50","IL2021-16645",103.67,61.18,132.14,166.91,37.16,NA,1.72,100.59,102.25,126.59,90.32,102.75,98.71,58.91,61.12,61.58,63.64,61.47,59.97,"YTUrb22[Npt, mix]"
"51","IL2021-16676",110.2,60.71,131.04,164.68,40.35,NA,5.2,104.13,108.29,136.34,99.67,109.99,111.96,58.09,60.74,60.79,62.63,61.21,60,"YTUrb22[Mix]"
"52","IL2021-16722",106.42,62.92,131.6,164.42,41.27,NA,3.69,101.53,104.78,128.35,93.08,107.13,106.9,61.06,62.48,63.92,64.9,63.04,62.47,NA
"53","IL2021-16726",108.01,60.89,131.95,164.81,39.2,NA,3.23,100.38,106.27,132.52,96.72,108.53,109.4,58.83,60.86,61.18,63.36,60.96,59.78,NA
"54","IL2021-16728",104.63,62.31,131.95,165.93,38.44,NA,2.67,97.5,103.09,126.22,93.03,105.2,103.32,60.1,62.02,63.23,65.03,62.45,61.18,NA
"55","IL2021-16772",103.8,62.52,131.24,166.44,40.22,NA,1.95,98.11,102.29,123.42,91.01,104.69,102.55,61.35,62.06,63.1,65.17,62.45,61.57,"YTUrb22[Leaning]"
"56","IL2021-16807",104.38,61.52,133.4,167.65,38.18,NA,3.07,89.96,102.96,123.09,90.94,108.91,110.06,61.72,61.21,61.72,63.87,61.29,59.8,NA
"57","IL2021-16820",103.58,61.52,131.75,166.93,38.25,NA,1.94,98.95,102.07,120.02,89.27,105.7,104.24,59.86,61.3,61.79,64.12,61.59,60.48,NA
"58","IL2021-17103",102.91,61.05,133.21,168.59,39.67,NA,3.22,94.94,101.39,119.99,90.98,104.85,103.12,60.78,60.89,61.2,63.41,60.94,59.27,"YTAddie23[plot dmg- exclude]; YTStp23[, thick]; YTUrb22[Tall]"
"59","IL2021-17156",103.81,63.12,133.35,167.37,40.15,NA,2.4,95.73,102.47,125.34,88.85,105.56,104.01,62.31,62.54,63.97,65.72,62.91,62.25,NA
"60","IL2021-17373",101.88,61.8,131.19,167.08,38.7,NA,2.44,93.88,100.7,122.05,85.75,103.94,101.03,59.45,61.61,62.3,63.77,62.21,61.17,NA
"61","IL2021-17409",102.05,62.89,132.28,166.35,39.04,NA,1.6,93.73,100.69,119.63,89.06,104.2,101.38,61.36,62.44,63.81,65.07,63.08,62.02,NA
"62","IL2021-17428",106.26,62.24,132.12,166.5,40.42,NA,2.17,96.9,104.71,127.63,93.1,108.68,109.31,60.77,61.89,62.86,64.61,62.34,61.22,"YTUrb22[Tall]"
"63","IL2021-17431",103.97,61.51,132.57,167.63,38.93,NA,1.61,94.81,102.48,123.75,91.76,105.84,104.54,60,61.33,61.86,63.39,61.76,60.56,NA
"64","IL2021-17463",104.69,62.79,132.98,166.14,37.6,NA,2.09,90.46,103.4,125.98,90.91,108.75,108.81,60.64,62.33,63.55,65.54,62.85,62.24,"YTUrb23[thick]"
"65","IL2021-17475",108.46,61.54,131.92,166.75,39.3,NA,1.85,101.75,106.49,132.86,101.38,107.4,107.55,58.88,61.41,61.95,63.81,61.95,60.87,"YTAddie23[scab]; YTUrb22[ve]"
"66","IL2021-17506",107.06,62.26,133.01,169.26,37.34,NA,1.96,102.83,105.38,132.35,95.43,106.04,104.78,61.42,61.9,62.96,64.5,62.22,61.05,NA
"67","IL2021-17534",102.87,62.2,131.71,168.38,37.49,NA,2.31,91.15,101.67,126.75,89.07,104.45,101.77,59.96,61.94,63.07,64.99,62.35,61.03,"YTAddie23[mixed]; YTUrb23[mixed]"
"68","IL2021-17749",107.41,61.91,130.46,165.11,37.9,NA,2.46,100.67,105.83,132.36,94.61,108,107.78,59.16,61.74,62.52,63.74,62.56,61.3,"YTUrb22[Leaning]"
"69","IL2021-17752",103.89,62.5,132.46,169.08,37.8,NA,1.8,98.66,102.32,123.04,91.81,104.54,102.42,60.62,62.12,63.26,64.88,62.57,61.84,NA
"70","IL2021-17813",107.09,62.44,129.84,162.1,38.48,NA,1.63,102.09,107.51,133.91,93.55,105.81,104.17,59.98,63.14,62.96,64.4,62.58,61.84,"YTNeo22[npt, early]; YTStp23[, thick]; YTUrb23[ve]"
"71","IL2021-17838",104.99,62.49,130.55,162.91,38.57,NA,1.11,100.32,103.62,128.92,88.59,105.51,104.04,59.17,62.25,63.35,63.71,63.27,62.7,"YTUrb22[ve, npt]; YTUrb23[ve, thivk]"
"72","IL2021-17841",105.95,62.47,130.26,165.11,37.98,NA,1.47,98.11,104.54,131.58,91.28,106.72,105.92,60.05,62.16,63.35,64.31,62.78,62.1,"YTUrb23[npt]"
"73","IL2021-17845",106.08,61.93,130.58,164.24,36.9,NA,0.89,100.37,106.5,130.08,93.42,105.44,103.58,58.87,61.87,62.45,63.79,62.4,61.77,"YTNeo22[sept]; YTUrb23[npt]"
"74","IL2021-17848",103.3,62.89,131.58,166.26,37.81,NA,2.1,92.9,101.93,125.07,90.05,104.91,103.32,61.23,62.44,63.73,64.79,63.16,62.32,"YTUrb22[Npt]"
"75","IL2021-17857",105.88,62.19,130.42,164.14,37.74,NA,1.58,98.92,104.42,133.24,92.68,105.19,103.38,58.79,62,62.91,63.62,62.98,62.19,"YTUrb22[Npt]; YTUrb23[beautiful, thick]; YTUrb23[npt]"
"76","IL2021-17859",107.22,62.5,130.38,164.78,36.77,NA,2.22,99.25,105.8,136.73,92.9,106.95,106.2,59.92,62.18,63.29,64.59,62.87,62.13,"YTUrb23[thick]; YTUrb23[thick, bright]"
"77","IL2021-17863",104.13,62.59,131.39,166.21,37.76,NA,2.07,97.05,102.63,126.36,92.14,104.36,102.07,59.27,62.27,63.32,64.36,63.22,62.81,"YTUrb22[Npt]"
"78","IL2021-17866",103.97,62.6,130.27,163.87,39.29,NA,1.6,98.8,102.74,125.83,90.38,104.13,101.48,60.96,62.31,63.5,64.15,62.78,62.12,"YTNeo22[ve npt]"
"79","IL2021-17919",103.61,62.21,130.94,165.22,37.85,NA,2.11,99.71,103.59,123.91,89.27,103.61,100.6,59.47,62.17,62.95,64.28,62.54,61.69,"YTAddie23[plot damage]; YTNeo22[early, npt]; YTUrb23[thick, uniform]"
"80","IL2021-17949",105.57,61.82,132.35,164.77,38.07,NA,1.46,98.75,103.79,125.37,97.04,105.91,104.64,59.85,61.59,62.32,64.12,62.03,60.96,"YTUrb22[npt]"
"81","IL2021-17958",107.29,61.75,130.88,165.46,37.44,NA,0.94,103.21,103.17,134.89,95.87,106.22,105.17,59.51,60.93,62.46,63.81,62.16,61.2,"YTUrb23[thick, ve]"
"82","IL2021-17961",101.28,62.45,131.02,164.25,37.66,NA,1.31,92.98,101.32,123.55,84.07,102.53,98.49,61.05,62.44,63.29,64.62,62.45,61.25,"YTNeo22[ve, npt]"
"83","IL2021-17968",103.77,61.62,131.24,164.28,38.52,NA,0.92,94.57,102.44,126.05,89.81,105.35,103.43,59.28,61.46,62.1,63.56,61.93,61.05,"YTUrb22[Looks good]"
"84","IL2021-17972",104.16,62.66,130.86,165.13,37.24,NA,1.89,95.07,103.29,128.63,89.51,105.12,103.02,60.51,62.28,63.51,64.52,62.9,62.41,"YTNeo22[npt]"
"85","IL2021-18124",107.88,62.18,132.52,167.3,41.03,NA,2.23,99.53,106.21,130.51,95.18,109.83,111.39,60.25,61.89,62.95,64.26,62.24,61.54,NA
"86","IL2021-1815",100.85,60.56,131.59,165.71,42.94,NA,0.78,95.93,99.47,118.19,88.34,101.32,96.64,58.33,60.65,60.83,62.82,60.98,59.06,"YTAddie23[tall]; YTStp23[, tall]; YTUrb23[too tall]"
"87","IL2021-18152",107.2,62.71,132.15,167.19,36.14,NA,1.51,100.34,105.81,132.66,89.71,109.03,109.87,61.72,62.25,63.53,64.83,62.61,61.92,"YTAddie23[tip awn]"
"88","IL2021-18220",105.1,62.07,131.16,168.5,39.18,NA,3.17,99.96,103.42,127.87,95.92,103.9,101.05,61.28,61.73,62.57,64.25,62.15,60.8,"YTUrb22[Mix]"
"89","IL2021-18304",99.45,63.09,131.4,163.95,41.13,NA,3.25,88.45,98.25,118.84,89.1,100.26,94.39,61.45,62.55,64.04,66.38,62.92,62.03,"YTStp23[, tall]"
"90","IL2021-18313",102.86,63.3,131.62,166.61,40.77,NA,1.92,93.99,100.87,126.86,89.04,103.65,100.46,62.51,62.75,64.33,65.43,63.14,62.55,"YTAddie23[tall]"
"91","IL2021-18435",106.36,62.61,131.1,167.33,39.25,NA,5.29,98.51,104.9,131.81,92.45,107.1,106.54,60.83,62.22,63.42,64.9,62.76,61.83,NA
"92","IL2021-18451",108.95,61.03,132.43,167.29,38.7,NA,0.77,100.16,107.39,134.43,93.84,111.22,113.54,58.79,60.94,61.16,63.49,61.22,60.17,NA
"93","IL2021-18457",107.87,61.4,132.29,167.04,38.69,NA,3.26,103.39,106.01,128.87,97,108.42,109.07,60.1,61.23,61.69,63.54,61.6,60.16,NA
"94","IL2021-18468",106.09,62.02,130.25,165.74,40.26,NA,2.28,102.88,104.25,129.68,98.18,103.7,101.07,59.08,61.83,62.73,64.08,62.47,61.6,"YTStp23[, tall]; YTUrb22[Leaning]"
"95","IL2021-19221",102.76,61.43,133.07,167.11,38.09,NA,1.27,94.62,101.47,122.28,87.4,105.06,103.2,59.1,61.3,61.75,63.39,61.82,60.84,NA
"96","IL2021-19401",109.57,61.05,131.22,165.84,37.9,NA,0.94,101.48,107.84,135.64,97.92,110.49,112.13,59.44,60.99,61.44,63.08,61.12,59.9,"YTAddie23[septoria]"
"97","IL2021-19404",103.56,60.98,131.15,166.98,37.14,NA,1.82,97.03,102.27,127.2,89.24,103.89,100.56,58.8,60.94,61.28,63.9,61.24,59.41,"YTAddie23[big heads]; YTStp23[big spikes, npt,]; YTUrb23[big spike]"
"98","IL2021-19438",104.94,61.32,132.88,168.49,40.3,NA,1.16,93.15,103.49,128.57,93.97,106.34,105.05,60.29,61.14,61.75,64.48,61.12,59.43,NA
"99","IL2021-19549",104.61,60.99,131.29,167.66,39.45,NA,1.76,96.15,103.26,128.99,89.82,105.61,104.25,57.7,61.05,61.45,63.05,61.56,60.27,NA
"100","IL2021-19718",101.2,60.99,132.18,166.92,35.81,NA,2.53,92.79,100.38,126.01,81.82,102.9,98.32,57.85,61.07,61.39,61.97,61.83,60.7,"YTStp23[, thin]; YTUrb22[Leaning]"
"101","IL2021-19736",100.36,61.57,130.84,166.26,36.25,NA,2,94.73,99.12,115.79,84.63,102.64,99.07,58.53,61.48,62.14,63.52,62.04,61.12,"YTUrb22[Ve, npt]"
"102","IL2021-19766",106.45,62.58,131.29,164.11,39.1,NA,2.07,101.04,104.69,125.73,95.42,107.6,107.58,59.69,62.29,63.48,64.12,63.17,62.48,"YTUrb22[Tall]; YTUrb23[thick, uniform]"
"103","IL2021-20345",104.16,61.41,132.67,167.35,36.47,NA,2.61,91.3,102.72,123.8,91.79,107.45,107.36,60.45,61.24,61.87,63.68,61.41,59.89,"YTAddie23[glume blotch]; YTAddie23[mixed]; YTUrb22[Mix]; YTUrb23[mixed]"
"104","IL2021-2038",104.61,60.57,132.23,168.22,36.44,NA,2,94.15,103.2,124.77,91.21,107.54,106.97,58.62,60.58,60.51,62.67,60.96,59.44,NA
"105","IL2021-21123",105.41,62.99,131.58,165.15,39.11,NA,3.04,94.34,103.94,124.79,91.45,109.15,110.16,61.14,62.46,63.65,65.62,63.12,62.5,NA
"106","IL2021-21356",104.24,62.36,132.1,167.32,35.77,NA,1.2,99.54,102.67,124.52,91.41,104.57,102.71,59.77,62.08,63.11,64.45,62.82,61.85,"YTStp23[erect,]; YTUrb22[Npt]"
"107","IL2021-21635",104.48,62.86,131.72,166.95,37.95,NA,2.26,95.5,105.79,125.42,87.61,106.72,105.95,62.76,62.1,63.7,65.41,62.57,61.57,"YTAddie23[thick]; YTNeo22[leaning]"
"108","IL2021-21665",104.24,60.36,131.01,168.37,35.77,NA,3.11,100.08,100.11,127.12,94.63,103.37,100.22,58.34,59.87,60.5,62.32,60.89,59.29,"YTNeo22[npt, clean]"
"109","IL2021-21969",104.01,62.06,131.8,168.5,37.7,NA,2.34,93.57,102.56,121.25,90.44,107.74,107.74,60.24,61.74,62.67,64.85,61.92,61.23,"YTStp23[bad plot,]; YTUrb22[Leaning]"
"110","IL2021-22113",108.2,61.72,132.05,167.14,38.26,NA,1.85,101.52,106.49,132.26,96.04,109,109.83,60.5,61.42,62,64.48,61.61,60.59,"YTUrb22[Lodg]"
"111","IL2021-22316",111.75,60.94,132.15,167.7,38.28,NA,2.01,98.46,110.01,138.93,99.58,114.92,119.68,58.38,60.93,61,62.38,61.68,60.4,"YTAddie23[bad plot]; YTStp23[, thick]"
"112","IL2021-22514",104.43,63.23,132.97,166.84,37.72,NA,2.09,92.34,103.14,123.56,89.69,108.86,108.76,61.78,62.69,64.27,65.9,63.19,62.37,"YTUrb23[mixed]"
"113","IL2021-22564",104.4,63.48,132.94,167.02,39.45,NA,2.32,96.84,102.97,122.69,89.84,107.31,106.62,62.57,62.83,64.47,66.36,63.28,62.49,"YTUrb22[Lodging]"
"114","IL2021-22578",108.68,63,132.06,165.56,40.66,NA,4.98,104.22,106.69,131,100.21,108.19,108.71,61.3,62.45,63.74,65.9,62.87,62.44,"YTAddie23[tall]; YTUrb22[Lodging]"
"115","IL2021-22621",107.08,63.38,131.91,163.99,41.39,NA,1.92,103.25,105.27,128.04,95.23,107.38,107.71,62.44,62.77,64.47,65.59,63.09,62.87,"YTUrb22[Tall]"
"116","IL2021-23332",106.38,61.5,131.06,167.37,41.25,NA,2.12,95.89,104.89,129.13,93.06,108.86,109.44,59.46,61.38,62.03,63.37,61.83,60.61,"YTUrb22[Leaning]"
"117","IL2021-23464",102.88,62.62,132.44,167.18,39.42,NA,2.21,92.21,101.64,125.69,88.41,104.57,102.41,62.72,62.19,63.68,65.58,62.39,60.18,"YTUrb22[Leaning]"
"118","IL2021-2364",99.45,61.98,132.71,168.3,37.25,NA,2.03,89.6,98.42,119.18,84.17,101.31,96.4,61.36,61.68,62.64,64.21,61.92,60.46,"YTAddie23[mixed]; YTAddie23[mixed]; YTUrb23[mixed]"
"119","IL2021-24110",101.88,61.07,131.82,167.48,38.7,NA,1.8,92.55,100.6,120.79,87.23,104.21,101.99,58.26,61.1,61.6,62.69,61.53,60.44,NA
"120","IL2021-24143",107.41,60.6,131.85,165.49,39.84,NA,1.14,102.01,105.72,133.62,96.43,106.36,105.27,57.78,60.67,60.68,62.47,61.19,59.83,NA
"121","IL2021-24241",107.26,62.3,132.63,166.38,39.4,NA,3.02,101.34,105.69,135.49,94.56,106.14,105.09,61.53,61.92,62.97,64.75,62.3,60.88,"YTUrb22[A bit tall]"
"122","IL2021-24255",101.69,62.46,131.47,161.68,41.27,NA,1.48,96.77,100.39,122.22,86.52,102,98.27,60.97,62.08,63.19,64.64,62.51,61.74,"YTAddie23[tall]; YTAddie23[big heads]; YTStp23[, tall]"
"123","IL2021-24320",105.52,62.09,130.68,163.8,40.29,NA,3.55,100.37,103.86,127.71,94.01,105.29,103.93,58.65,61.9,62.72,63.49,62.7,62.48,"YTUrb22[Leaning]"
"124","IL2021-24365",104.87,61.39,129.69,166.53,39.02,NA,3.16,101.29,103.43,127.04,88.85,105.46,103.99,58.93,61.28,61.9,63.63,61.49,60.76,"YTUrb23[has triticale]"
"125","IL2021-24847",99.6,61.41,130.3,163.26,40.18,NA,2.14,94.05,98.44,120.7,86.19,98.89,92.3,60,61.28,61.95,64.23,61.56,59.49,"YTUrb22[Ve]"
"126","IL2021-24872",100.32,61.31,130.44,164.8,40.44,NA,2.59,93.51,99.04,121.85,88.08,99.53,94,59.25,61.26,61.9,63.21,61.75,60.04,NA
"127","IL2021-24918",100.57,61.42,130.02,166.22,39.11,NA,3.38,93.26,99.39,118.41,85.05,102.63,98.81,59.01,61.33,61.84,63.59,62,60.31,NA
"128","IL2021-24937",104.51,61.96,131.29,166.91,38.58,NA,0.67,96.81,102.98,124.15,91.62,106.28,105.47,60.34,61.71,62.61,64.05,62.15,60.94,"YTUrb22[Tall]"
"129","IL2021-24956",102.05,62.35,131.7,166.98,39.79,NA,5.3,97.94,100.7,121.27,87.55,102.58,98.88,61.55,61.95,63.01,64.7,62.26,61.17,"YTAddie23[thick]"
"130","IL2021-25152",104.12,62.35,132.8,169.29,38.36,NA,2.39,91.32,102.79,127.26,91.43,106.32,105.13,61.2,61.99,63.08,64.17,62.37,61.6,"YTUrb22[Leaning]"
"131","IL2021-25226",105.06,61.95,130.53,165.85,37.64,NA,1.83,97.11,103.63,129.52,91.94,105.52,103.81,59.23,61.75,62.56,63.9,62.41,61.52,NA
"132","IL2021-25334",105.59,62.75,132.74,167.72,38.76,NA,2.89,96.33,104.07,127.76,92.38,107.39,107.5,62.01,62.23,63.48,65.6,62.45,61.65,"YTUrb22[Lodg]"
"133","IL2021-25339",105.92,62.15,132.51,165.32,39.85,NA,2.07,95.85,104.26,125.94,95.02,108.16,108.65,60.86,61.83,62.81,64.51,62.17,61.01,"YTUrb23[seg]"
"134","IL2021-25344",104.78,63.04,131.57,166.75,36.36,NA,2.29,96.73,103.32,124.74,90.54,107.18,106.73,61.41,62.57,64,64.75,63.27,62.6,NA
"135","IL2021-25359",105.23,62.6,133,168.07,38.41,NA,3.05,100.11,103.63,125.47,92.85,106.05,104.75,62.33,62.11,63.42,65.87,62.15,60.77,"YTAddie23[thick]; YTStp23[bad plot,]"
"136","IL2021-25362",103.52,62.18,132.77,167.17,38.74,NA,3.38,99.12,102.06,121.73,88.36,105.1,103.51,61.77,61.7,62.52,65.41,61.66,60.92,NA
"137","IL2021-25411",106.14,61.96,132.22,167.94,38.95,NA,1.94,98.15,104.6,128.13,92.69,107.94,108.01,59.36,61.73,62.6,64.5,62.13,61.34,"YTUrb22[A bit tall]"
"138","IL2021-25478",100.44,62.04,131.57,164.28,37.89,NA,3.28,96.11,99.33,121.13,83.67,100.8,95.66,59.99,61.8,62.79,64.26,62.26,61.1,"YTUrb23[ve, bright]"
"139","IL2021-26632",101.24,62.27,132.83,166.6,40.08,NA,5.82,89.75,99.82,118.54,91.57,103.14,99.89,60.55,61.9,62.73,64.89,62.47,61.36,"YTUrb22[Leaning]"
"140","IL2021-26813",106.12,60.51,132.17,167.78,37.02,NA,1.63,95.34,104.74,131.9,91.93,107.79,107.61,59.71,60.49,60.62,63.22,60.34,58.58,"YTUrb22[Sea of heads, late]"
"141","IL2021-26829",104.01,60.8,132.63,169.18,36.13,NA,2.35,94.45,102.67,126.11,90.22,105.86,104.15,56.97,60.87,61.03,63.69,61.4,59.95,"YTAddie23[npt]; YTUrb22[Sea of heads, npt]"
"142","IL2021-26834",108.06,61.49,132.31,167.09,36.97,NA,1.88,98.6,106.42,134.67,97.16,108.52,108.74,59,61.38,61.97,63.67,61.94,60.56,"YTUrb22[Sea of heads]"
"143","IL2021-26838",104.62,61.01,131.99,166.26,41.76,NA,4.55,94.57,103.14,127.24,93.27,105.75,104.17,59.34,60.96,61.25,62.64,61.37,60.02,NA
"144","IL2021-26850",102.76,63.44,133.28,167.98,40.12,NA,6,92.59,101.58,122.91,85.76,106.06,104.93,63.55,62.72,64.34,66.49,62.93,62.12,NA
"145","IL2021-26929",103.66,59.7,127.71,164.26,37.18,NA,1.7,99.29,102.22,126.54,90.77,102.97,99.38,56.66,59.97,59.45,61.52,60.44,58.73,"YTStp23[, thin]"
"146","IL2021-27466",108.95,61.59,131.99,168.31,37.54,NA,1.7,100.7,107.32,135.57,95.51,110.01,111.67,59.61,61.38,61.9,63.89,61.78,60.83,"YTAddie23[npt]; YTAddie23[npt]; YTUrb22[Lodging]"
"147","IL2021-27574",104.19,61.65,131.37,164.63,36.06,NA,3.33,96.17,102.84,125.03,89.58,106.33,104.86,58.51,61.5,62.18,64.3,61.92,61.16,"YTUrb22[Leaning]"
"148","IL2021-27611",98.87,62.09,131.03,165.38,39.76,NA,6.08,91.61,97.89,115.58,80.3,101.74,97.45,60.75,61.78,62.64,63.7,62.26,61.49,"YTStp23[, see down row]"
"149","IL2021-27612",102.25,61,132.23,168.47,40.17,NA,6.88,95.77,100.93,123.4,88.5,102.71,99.1,59.91,60.93,61.36,63,61.07,59.56,"YTUrb22[Lodging]"
"150","IL2021-27657",103.92,62.07,130.91,165.13,38.09,NA,2.18,92.32,102.66,129.73,90.94,104.84,102.38,58.84,61.9,62.87,63.73,62.62,61.93,NA
"151","IL2021-27813",102.21,61.46,132.17,168.27,37.42,NA,0.91,90.28,100.93,121.39,89.57,105.01,102.6,59.31,61.32,61.84,63.58,61.75,60.69,"YTAddie23[glume blotch]; YTStp23[glume blotch,]; YTUrb22[Late]; YTUrb23[mixed]"
"152","IL2021-28208",103.04,61.59,131.82,163.25,39.47,NA,1.95,93.28,101.76,123.41,88.56,105.5,103.58,59.37,61.46,62.13,63.65,61.97,60.67,"YTUrb22[Disease]"
"153","IL2021-28411",106.21,61.66,131.13,164.91,37.24,NA,4.02,96,104.58,127.28,94.69,108.39,109.15,59.33,61.45,62.1,64.17,61.67,61.14,"YTUrb22[Leaning]"
"154","IL2021-28535",106.18,61.83,132.31,167.46,38.1,NA,2.54,100.08,104.7,130.56,91.26,106.91,106.41,59.29,61.58,62.12,64.44,62.17,61.26,"YTStp23[bad plot,]"
"155","IL2021-28549",102.29,60.65,131.3,168.25,36.33,NA,2.2,98.31,100.86,123.93,89.94,101.19,96.69,58.72,60.58,60.44,63.59,60.79,59.44,"YTUrb22[Short]; YTUrb23[many heads]"
"156","IL2021-28578",106.68,62.23,131.04,167.83,38.81,NA,2.33,102.25,105.07,130.15,93.13,106.86,106.33,60.44,61.91,62.88,64.38,62.36,61.54,"YTStp23[big spikes, thick,]; YTUrb22[Leaning]"
"157","IL2021-28678",106.6,61.76,131.28,167.69,39.68,NA,0.92,103.1,105.1,131.02,90.91,106.85,106.18,60.69,61.51,62.29,64.32,61.75,60.24,"YTUrb22[Tall]"
"158","IL2021-28708",103.89,61.55,132.51,167.09,35.92,NA,2.49,91.13,102.57,123.84,89.14,107.74,107.88,60.07,61.32,62.02,65.03,61.3,59.91,"YTUrb22[Npt]; YTUrb23[npt]"
"159","IL2021-28712",108.74,61.36,131.67,166.95,37.5,NA,2.02,94.56,107.22,133.1,94.77,112.88,116.25,58.93,61.29,61.84,62.9,61.79,60.79,"YTUrb22[Npt]"
"160","IL2021-28714",105.8,60.98,131.7,165.62,37.37,NA,2.61,95.22,104.32,128.2,92.44,108.16,108.53,59.16,60.94,61.23,62.59,61.28,60.13,"YTAddie23[long tip awn]; YTUrb22[Leaning]"
"161","IL2021-28770",106.36,61.61,131.36,166.9,37.34,NA,1.38,98.81,104.79,130.62,94.67,106.76,105.72,59.61,61.44,62.15,63.85,61.76,60.66,"YTUrb22[Npt]"
"162","IL2021-28801",108.54,61.84,131.45,165.87,39.13,NA,2.28,98.77,106.98,135.67,95.95,109.71,110.58,59.24,61.63,62.39,64.55,62.06,61.02,NA
"163","IL2021-28804",102.72,62.54,132.42,167.57,37.36,NA,1.26,92.75,101.51,124.92,88.34,104.49,101.68,62.22,62.11,63.37,64.51,62.47,61.18,"YTAddie23[bad plot]"
"164","IL2021-28826",105.87,63.63,131.65,166.83,37.43,NA,1.88,100.53,104.38,129.7,91.28,106.35,105.37,62.67,62.94,64.68,66.7,63.32,62.73,NA
"165","IL2021-28970",97.85,61.96,132.31,167.96,38.7,NA,1.89,88.74,96.79,114.75,83.92,99.48,93.46,61.68,61.66,62.68,64.2,61.81,60.22,NA
"166","IL2021-28973",102.03,61.95,131.64,168,40.54,NA,2.85,93.09,100.67,121.11,88.96,103.69,101.1,60.13,61.73,62.69,64.19,62.2,60.74,"YTUrb22[Tall]"
"167","IL2021-29002",99.68,62.56,130.92,166.22,40.03,NA,2.23,94.08,97.26,119.84,85.6,100,94.24,61.83,62.36,63.23,65.18,62.35,61.22,"YTNeo22[clean]"
"168","IL2021-29011",106.89,62.05,131.91,169.29,38.55,NA,1.97,97.82,103.67,132.68,93.41,108.48,109.13,59.5,61.59,62.6,64.28,62.39,61.74,"YTAddie23[glume blotch]; YTNeo22[clean]"
"169","IL2021-29023",100.5,62.42,130.98,169.27,39.85,NA,2.97,92.44,99.24,119.7,87.48,101.38,96.9,62.24,61.99,63.18,64.8,62.19,60.86,"YTUrb22[Leaning]"
"170","IL2021-29134",103.34,62.44,131.01,167.24,38.58,NA,2.75,94.57,101.91,125.15,90.93,104.12,101.88,60.9,62.06,63.21,64.73,62.42,61.66,"YTAddie23[septoria, glume blotch]"
"171","IL2021-29149",106.04,61.91,130.18,167.18,38.17,NA,1.94,95.11,104.52,129.64,94.88,107.6,107.06,59.91,61.65,62.39,64.52,62.09,60.98,"YTAddie23[septoria]"
"172","IL2021-29158",103.85,61.35,129.99,165.8,37.88,NA,2.23,93.83,102.49,124.6,89.7,106.3,105.29,58.82,61.25,61.79,64.02,61.66,60.18,NA
"173","IL2021-29356",103.62,60.83,128.31,165.12,39.6,NA,2.9,98.54,102.21,126.84,90.48,103.12,99.61,57.95,60.88,61.05,62.47,61.45,60.25,"YTStp23[, tall, frost dmg]"
"174","IL2021-29425",106.18,61.57,130.57,166.89,39.55,NA,2.14,100.36,104.79,132.24,89.96,106.67,105.92,59.6,61.42,62.07,63.52,61.88,60.69,NA
"175","IL2021-30022",103.43,60.38,130.1,168.25,37.04,NA,1.26,98.65,101.96,125.8,91.3,102.7,99,56.92,60.57,60.49,62.13,61.25,59.62,NA
"176","IL2021-30029",106.37,60.36,131.68,167.36,36.74,NA,0.62,101.77,104.65,129.26,94.68,105.97,105.25,56.37,60.56,60.48,62.24,61.21,59.89,NA
"177","IL2021-30578",101.93,62.85,129.95,163.88,38.99,NA,2.01,96.34,100.75,122.73,84.97,103.18,99.9,61.69,62.38,63.77,65.26,62.77,61.89,NA
"178","IL2021-30660",103.54,63.33,131.34,165.26,37.96,NA,1.63,96.72,102.33,127.4,86.73,104.57,102.22,62.31,62.72,64.28,65.75,63.16,62.7,NA
"179","IL2021-30662",103.75,63.69,131.67,163.88,38.6,NA,2.64,95.16,102.41,126.37,89.97,104.92,102.77,63.24,63,64.87,66.22,63.35,62.74,NA
"180","IL2021-31004",103.11,63.57,131.84,166.22,40.54,NA,2.34,95.09,101.85,122.62,86.22,105.95,104.84,62.67,62.93,64.77,66.21,63.32,62.63,NA
"181","IL2021-31359",102.44,62.62,129.44,164.94,39.06,NA,2.21,94.37,100.99,120.42,90.76,103.98,101.26,60.49,62.26,63.56,64.94,62.78,61.92,NA
"182","IL2021-31368",102.82,61.2,132,164.93,38.86,NA,2.6,96.23,101.43,121.65,88.68,104.44,102.14,58.74,61.11,61.45,63.78,61.53,60.2,NA
"183","IL2021-31429",103.22,62.55,131.37,167.05,38.06,NA,3.57,93.85,101.76,122,91.33,105.22,103.42,60.4,62.18,63.34,65.06,62.69,61.92,NA
"184","IL2021-31432",102.74,61.44,130.4,163.76,39.26,NA,3.05,94.89,101.45,120.25,85.6,106.16,105.32,58.49,61.33,61.78,63.63,61.9,60.95,NA
"185","IL2021-32554",105.16,62.34,130.87,166.6,40.11,NA,2.49,100.99,103.58,129.3,93.11,103.98,101.59,60.85,61.97,62.9,64.66,62.59,61.36,NA
"186","IL2021-32902",108.92,61.56,131.39,164.42,39.4,NA,2.29,104.01,107.25,135.69,94.81,108.93,109.97,59.79,61.37,61.94,63.64,61.77,60.74,"YTAddie23[scab]"
"187","IL2021-32967",101.66,61.67,130.31,165.27,37.55,NA,1.94,93.18,100.32,120.1,89.13,103.24,99.91,59.95,61.49,62.22,63.63,61.91,60.68,NA
"188","IL2021-33409",107.99,59.16,131.87,167.94,38.53,NA,2.02,102.36,106.49,133.96,91.03,109.17,110.43,55.67,59.64,59.07,60.85,59.99,57.95,"YTUrb22[Sea of heads]"
"189","IL2021-33507",104.21,61.6,132.34,165.43,39.16,NA,1.85,95.31,102.83,124.83,89.41,106.62,105.93,60.28,61.39,62,63.57,61.77,60.58,NA
"190","IL2021-33678",106.51,62.24,130.46,165.44,37.21,NA,2.47,100.53,104.94,130.1,92.89,107.16,106.82,60,61.94,62.94,64.39,62.37,61.85,NA
"191","IL2021-33861",100.73,61.04,129.48,162.61,38.31,NA,1.91,100.45,99.34,122.76,89,97.6,90.27,57.71,61.09,61.37,62.59,61.92,60.49,"YTUrb22[Plot damage 5%]"
"192","IL2021-34018",102.42,63.24,130.74,164.51,40.09,NA,2.2,97.12,100.97,122.98,90.14,102.15,98.43,61.63,62.73,64.34,65.45,63.35,62.53,"YTUrb22[Leaning]"
"193","IL2021-3403",102.72,59.83,129.82,164.36,36.78,NA,1.88,94.8,101.3,121.02,89.77,104.57,102.34,56.49,60.12,59.76,61.42,60.66,58.99,NA
"194","IL2021-34113",107.44,60.49,129.42,167.78,39.36,NA,3.28,102.18,106.11,136.56,89.06,107.72,107.78,57.17,60.65,60.68,62.15,61.26,59.82,"YTAddie23[heavy spikes]; YTAddie23[thick, uniform, tip awn]; YTUrb22[Leaning]"
"195","IL2021-34203",105.78,63.08,129.69,164.99,38.21,NA,1.85,101.06,104.18,129.46,93.85,105.23,103.36,59.97,62.69,64.24,65.36,63.48,62.83,"YTUrb22[Looks weak]"
"196","IL2021-34213",105.03,62.97,131.36,167.25,38.71,NA,1.8,100.42,103.34,125.31,94.15,104.99,103.21,60.79,62.52,63.96,65.47,63.08,62.39,"YTStp23[, thick, uniform]; YTUrb22[Leaning]"
"197","IL2021-34245",106.8,62.68,131.66,166.84,36.87,NA,3.01,101.64,105.31,130.9,91.02,107.84,107.84,59.4,62.35,63.65,64.98,63.01,62.6,"YTUrb22[Leaning]"
"198","IL2021-34252",103.95,63.39,130.23,164.67,39.51,NA,3.11,97.52,102.43,123.94,91.61,104.86,102.82,60.6,62.9,64.6,65.55,63.61,63.38,NA
"199","IL2021-34276",104.17,61.73,132.09,165.12,40.9,NA,1.86,94.44,102.58,122.21,93.45,106.43,105.58,60.23,61.46,62.08,64.64,61.76,60.46,NA
"200","IL2021-34322",103.28,61.67,131.39,166.44,39.63,NA,3.04,97.64,101.94,123.6,87.59,104.69,102.59,59.23,61.52,62.31,64.2,61.95,60.56,NA
"201","IL2021-35122",103.39,61.9,132.73,168.21,37.37,NA,2.3,91.04,101.96,122.16,92.28,106.32,104.92,61.01,61.62,62.5,64.37,61.97,60.21,NA
"202","IL2021-3532",103.95,61.61,130.78,164.93,38.57,NA,2.17,95.04,102.54,122.47,89.19,107,106.69,59.34,61.45,62.08,63.75,61.94,60.85,"YTAddie23[mixed]"
"203","IL2021-35538",102.86,61.19,132.02,164.58,37.95,NA,5.29,95.81,101.5,125.94,90.76,102.56,98.5,59.05,61.14,61.56,63.08,61.69,60.09,NA
"204","IL2021-3558",102.2,61.3,130.04,166.41,39.08,NA,1.52,96.21,100.85,122.24,88.95,102.78,99.01,59.01,61.19,61.52,63.42,61.78,60.45,"YTAddie23[mixed]; YTStp23[mixed,]; YTUrb23[mixed]"
"205","IL2021-3567",101.52,60.45,132.5,167.25,38.32,NA,2.56,91.75,100.31,121.61,86.81,103.56,100.62,58.54,60.46,60.27,62.73,60.78,59.33,"YTAddie23[mixed]"
"206","IL2021-35723",107.44,60.42,130.47,166.18,37.8,NA,2.44,95.29,105.95,133.49,94.61,109.45,110.48,57.13,60.54,60.44,62.91,61.02,59.46,"YTAddie23[square head]; YTStp23[, square head, tip awn]; YTUrb22[Npt]"
"207","IL2021-3613",100.68,61.7,131.98,163.8,38.42,NA,1.06,88.02,99.74,122.63,83.52,103.71,100.56,59.84,61.49,62.22,64.26,61.86,60.49,"YTStp23[mixed,]"
"208","IL2021-36257",100.11,61.25,131.31,164.54,38.16,NA,1.83,90.41,98.99,118.53,85.11,102.47,98.48,59.67,61.14,61.68,64.08,61.36,59.52,"YTUrb22[Npt]"
"209","IL2021-36376",105.15,61.51,132.77,168.01,38.62,NA,2.92,95.65,103.69,128.24,92.41,106.53,105.6,59.27,61.4,62.06,63.33,61.9,60.7,NA
"210","IL2021-36441",104.43,63.69,133.38,167.97,38.4,NA,2.54,93.76,103.24,128.7,87.41,106.98,106.4,62.74,63.02,64.91,66.55,63.4,62.73,NA
"211","IL2021-36445",106.91,62.22,133.65,169.1,37.89,NA,2.01,95.32,105.59,132.17,90.04,110.17,111.78,61.83,61.79,62.79,65.29,61.85,60.59,"YTUrb22[Npt]"
"212","IL2021-36450",104.9,63.09,132.38,167.2,38.6,NA,1.96,98.28,103.51,125.7,89.22,107.09,106.3,61.31,62.56,63.98,65.85,63.03,62.46,"YTUrb22[Lodg]"
"213","IL2021-36469",101.93,63.48,132.85,167.99,37.34,NA,2.29,96.87,100.51,120.67,89.69,102.23,98.07,62.36,62.79,64.38,67.12,63.11,62.42,NA
"214","IL2021-36613",105.05,61.44,130.75,167.17,37.34,NA,2.03,100.79,103.67,130.62,89.88,104.52,102.1,58.21,61.38,61.95,63.54,61.98,60.89,NA
"215","IL2021-36630",105.5,62.84,132.67,167.55,39.83,NA,2.19,95.34,104.14,129.72,90.44,107.55,107.41,61.92,62.37,63.85,65.44,62.68,61.55,NA
"216","IL2021-36639",107.62,62.82,131.5,166.9,38.28,NA,1.92,100.06,105.9,129.69,96.05,109.07,110,60.97,62.38,63.56,64.52,63.13,62.59,"YTUrb22[Erect, npt]; YTUrb23[thick, clean]"
"217","IL2021-36658",101.59,62.98,129.86,163.42,38.23,NA,1.52,93.84,100.4,124.6,87.61,101.78,97.18,61.37,62.49,63.95,65.31,62.91,62.46,"YTUrb22[Leaning, sea of heads]; YTUrb23[thick, early]"
"218","IL2021-36723",103.78,63.27,132.7,167.16,36.67,NA,2.21,95.95,102.51,125.02,86.7,106.21,105.24,61.62,62.74,64.41,65.81,63.22,62.55,NA
"219","IL2021-36725",105.4,63.55,131.08,164.8,37.69,NA,2.34,96.7,104.11,130,88.45,107.42,107.18,62.65,62.86,64.48,66.24,63.24,62.99,"YTUrb22[Leaning]"
"220","IL2021-36731",105.85,62.51,133.28,167.31,38.58,NA,1.84,95.33,104.38,129.09,93,107.82,107.7,61.93,62.07,63.32,65.34,62.21,61.02,NA
"221","IL2021-36747",105.28,62.32,130.16,167.92,36.91,NA,0.96,97.56,103.91,134.05,92.71,104.08,101,59.64,62.03,63.04,64.26,62.68,62.12,NA
"222","IL2021-36748",107.39,62.87,130.03,165.98,38.6,NA,1.95,99.92,105.75,133.72,97.29,106.91,105.62,61.14,62.38,63.57,65.37,63.01,62.28,"YTUrb22[Npt]"
"223","IL2021-36756",103.77,62.49,131,166.29,37.3,NA,0.64,97.7,102.36,125.61,89.98,104.33,101.84,61.41,62.1,63.3,64.55,62.5,61.54,NA
"224","IL2021-37508",105.66,61.98,130.54,166.12,39.71,NA,2,99.83,104.13,130.51,93.21,105.22,103.29,59.87,61.74,62.58,64.11,62.24,61.29,NA
"225","IL2021-37528",107.03,61.47,128.89,164.59,39.4,NA,1.57,98.53,105.61,132.06,90.67,109.08,110.21,57.48,61.45,61.98,62.83,62.28,61.7,NA
"226","IL2021-37674",104.62,61.35,130.87,167.82,39.75,NA,1.96,95.71,103.1,126.41,93.29,105.65,104.07,58.98,61.26,61.76,63.47,61.73,60.47,NA
"227","IL2021-37737",110.07,60.38,128.88,160.41,37.55,NA,2.13,105.21,108.12,138.98,102.22,107.64,107.48,56.45,60.57,60.45,62.09,61.22,60.06,"YTAddie23[septoria]; YTUrb22[Npt]"
"228","IL2021-38661",104.72,60.8,130.67,165.97,39.83,NA,3.03,101.21,103.11,126.01,92.37,104.32,102.09,57.94,60.84,60.94,62.56,61.45,60.16,"YTUrb22[Leaning]"
"229","IL2021-38672",105.57,61.44,130.88,164.54,38.42,NA,2.7,102.89,103.91,125.17,92.01,106.13,105.29,58.85,61.34,61.87,63.33,61.89,60.83,"YTStp23[bad plot,]"
"230","IL2021-38714",100.51,62.62,130.27,165.97,39.98,NA,1.52,95.57,99.32,119.76,84.94,101.2,96.47,60.07,62.3,63.58,64.66,62.97,62.17,"YTUrb22[Leaning]"
"231","IL2021-38956",98.21,60.5,129.1,161.7,37.84,NA,2.69,95.67,97.07,115.47,83.28,97.91,90.63,59.36,60.54,60.68,62.76,60.7,58.54,NA
"232","IL2021-38976",103.57,59.97,128.14,164.97,37.38,NA,1.49,100.49,102.08,126.45,91.16,102.17,98.2,57.01,60.21,59.92,61.71,60.71,58.97,"YTAddie23[plot dmg]; YTUrb22[Ve, npt]; YTUrb23[thick]"
"233","IL2021-3902",102.97,63.09,131.78,166.78,39.06,NA,1.09,92.87,101.61,124.06,90.61,104.51,102.01,61.7,62.56,64.05,65.67,63,62.31,"YTUrb23[has triticale]"
"234","IL2021-39143",102.63,61.12,130.34,167.47,37.8,NA,1.6,96.04,101.22,121.58,89.69,103.83,100.82,59.07,61.05,61.37,63.06,61.49,60.21,NA
"235","IL2021-39238",106.44,61.9,131.9,166.42,39.09,NA,1.79,99.13,104.88,132.42,95.47,105.97,104.15,58.81,61.72,62.55,64.14,62.32,61.45,"YTUrb22[Tall]"
"236","IL2021-39253",107.27,61.03,132.11,165.95,38.72,NA,2.45,99.16,105.54,131.51,97.7,107.35,107.04,59.74,60.98,61.5,63.39,61.16,59.2,"YTUrb22[Sea of heads]"
"237","IL2021-3936",104.74,60.61,131.99,166.75,38.53,NA,1.19,97.25,103.25,127.78,92.59,105.13,103.14,57.81,60.7,60.75,62.22,61.24,59.93,"YTStp23[big heads, thick, big flag leaves,]"
"238","IL2021-39615",103.03,62.1,130.95,167.45,39.04,NA,1.95,94.43,101.86,124.97,86.32,105.26,103.14,60.69,61.82,62.76,63.96,62.31,61.19,"YTUrb22[Leaning]"
"239","IL2021-39636",101.18,62.57,131.93,165.16,37.85,NA,2.75,91.24,100.1,122.01,84.85,103.52,100.33,60.5,62.21,63.41,64.48,62.79,62.17,NA
"240","IL2021-39812",104.01,63.42,130.82,162.92,37.58,NA,3.2,99.14,102.52,126.81,90.14,103.65,101.45,61.73,62.84,64.52,65.99,63.36,62.87,"YTUrb23[super thick]"
"241","IL2021-39857",102.57,63.49,132.23,164.67,40.5,NA,2.52,94.94,101.25,124.88,88.62,103.05,100.08,63.07,62.81,64.47,66.2,63.11,62.56,"YTStp23[, tall]; YTUrb22[Leaning]"
"242","IL2021-39924",100.48,62.27,130.54,164.7,39.3,NA,1.81,94.31,99.26,121.49,87.59,100.16,94.35,60.79,61.92,62.98,65.05,62.26,61.06,"YTUrb23[mixed]"
"243","IL2021-39943",101.69,62.97,132.13,166.69,38.37,NA,3.24,95.43,100.27,122.01,90.31,101.37,96.89,61.63,62.47,63.97,65.5,62.73,62.23,"YTUrb22[Leaning]"
"244","IL2021-39959",105.27,62.44,130.58,165.61,39.76,NA,2.09,100.9,101.06,131.66,90.49,105.31,103.66,60.58,62.43,63.09,64.64,62.52,61.68,NA
"245","IL2021-40138",102.32,62.82,131.03,167.08,37.89,NA,1.91,89.41,101.26,122.65,85.31,106.54,105.25,62.53,62.3,63.64,65.2,62.6,61.57,"YTUrb23[erect, biomass]"
"246","IL2021-40301",101.49,62.67,132.48,164.11,37.25,NA,1.75,94.55,100.44,124.39,82.88,102.78,99.39,61.44,62.17,63.29,65.64,62.51,61.7,NA
"247","IL2021-40317",104.42,62.41,132.53,165.63,36.55,NA,1.79,95.45,103,126.59,91.02,105.92,104.64,60.4,62.04,63.08,64.99,62.54,61.66,NA
"248","IL2021-40608",103.09,63.08,131.56,167.6,37.83,NA,2.12,98.39,101.84,121.8,84.68,105.64,104.1,62.28,62.54,64.09,65.63,62.86,61.99,"YTUrb22[Lodg]"
"249","IL2021-40641",104.14,62.25,132.52,165.7,37.68,NA,0.39,97.13,102.68,125.44,90.79,105.15,103.34,60.16,61.91,62.81,64.37,62.33,62.02,"YTStp23[npt,]; YTUrb22[Npt, late]"
"250","IL2021-40648",106.43,61.91,132.33,165.7,35.88,NA,1.72,99.58,105.02,132.27,90.6,107.29,107.02,59.77,61.69,62.59,64.1,62.08,61.12,"YTUrb22[Npt]; YTUrb23[thick]"
"251","IL2021-40751",104.04,62.97,130.6,165.07,38.7,NA,3.73,99.5,102.08,126.13,90.34,104.2,101.68,62.01,62.7,63.7,65.52,62.77,62.04,"YTNeo22[leaning]; YTUrb23[mixed]"
"252","IL2021-40753",101.11,62.35,130.74,165.25,37.98,NA,2.06,96.23,99.94,123.5,84.86,100.96,96.33,60.42,62,63.11,65.14,62.34,61.38,NA
"253","IL2021-40765",100.27,62.55,129.23,164.23,38.07,NA,2.21,93.29,95.18,120.42,89.88,100.86,95.83,60.81,62.89,63.16,65.06,62.48,61.46,"YTNeo22[ve, leaning]; YTUrb23[seg]"
"254","IL2021-40807",98.63,62.19,129.77,164.32,39.52,NA,3.05,93.88,97.39,116.09,86.18,98.29,91.42,60.61,61.86,62.64,64.49,62.57,61.16,"YTUrb22[ve, looks weak]"
"255","IL2021-40847",104.19,60.43,132.11,164.75,38.58,NA,7.74,98.38,103.83,121.68,91.86,105.39,103.83,59.57,60.92,60.23,63.24,60.4,58.15,"YTNeo22[leaning]"
"256","IL2021-40862",98.05,62.72,132.27,167.46,37.82,NA,1.84,88,96.93,111.58,84.1,101.28,96.59,61.56,62.25,63.51,65.35,62.57,61.79,NA
"257","IL2021-40869",103.54,62.8,131.66,167.72,38.76,NA,1.66,99.77,99.71,123.77,89.98,104.45,102.36,61.64,62.22,63.75,65.28,62.73,61.81,NA
"258","IL2021-41319",106.71,62.42,132.35,168.07,39.23,NA,3.05,99.62,102.26,132.53,96.25,106.93,106.44,60.13,61.76,63.26,64.44,62.73,62.15,"YTNeo22[sept]"
"259","IL2021-41344",98.52,62.08,130.69,166.75,39.61,NA,2.87,95.99,96.24,114.46,82.37,99.5,93.66,60.93,62.48,62.71,63.64,62.13,60.9,NA
"260","IL2021-41350",102.3,61.28,131.76,166.22,38.36,NA,1.2,96.02,101.11,123.71,85.03,103.72,101.04,59.59,61.21,61.87,63.49,61.54,59.73,"YTUrb22[Tall]"
"261","IL2021-41355",102.37,61.67,130.03,165.27,38.84,NA,1.85,93.25,101.09,123.69,88.85,103.69,100.59,60.06,61.48,62.23,63.98,61.83,60.44,NA
"262","IL2021-41430",98.31,61.7,131.09,165.71,37.94,NA,0.88,94.26,98.03,114.58,80.45,99.62,93.7,58.94,62.02,62.33,64.13,62,60.55,"YTNeo22[sept]"
"263","IL2021-41721",109.77,61.42,129.93,165.59,37.82,NA,1.66,104.23,107.91,137.14,100.6,108.59,108.81,58.54,61.35,61.87,63.29,62,60.85,"YTUrb22[Npt]"
"264","IL2021-41738",104.36,61.85,132.27,164.91,36.51,NA,2.06,92.62,102.9,125.7,93.83,106.33,104.71,60.11,61.6,62.39,64.35,61.99,60.71,"YTUrb22[Npt]"
"265","IL2021-42115",101.75,62.04,130.99,163.26,37,NA,2.86,94.27,100.45,122.72,88.7,102.27,98.2,59.98,61.79,62.76,64.29,62.2,61.23,NA
"266","IL2021-42343",101.97,60.35,130.96,166.88,36.59,NA,3.1,91.64,100.8,122.09,86.14,104.74,102.57,57.95,60.49,60.54,62.2,60.79,59.19,"YTStp23[mixed, ugly,]; YTUrb22[Ve, mix]; YTUrb23[mixed]"
"267","IL2021-42522",105.97,62.53,131.69,165.55,37.27,NA,1.02,100.4,104.5,129.91,89.83,106.88,106.85,59.64,62.21,63.36,64.54,62.85,62.5,"YTUrb23[seg]"
"268","IL2021-42959",102.93,62.15,132.82,166.93,37.33,NA,1.47,99.13,101.29,120.14,92.37,102.97,99.79,60.33,61.8,62.66,64.92,62.14,61.33,NA
"269","IL2021-43177",105.16,61.82,131.36,165.99,39.34,NA,2.17,98.72,103.7,125.71,90.71,107.06,106.22,58.86,61.64,62.27,64.07,62.37,61.33,"YTUrb23[dark green]"
"270","IL2021-43205",107.16,59.81,131.68,167.26,37.03,NA,2.22,100.84,105.58,130.29,92.53,108.61,109.42,57.02,60.05,59.61,61.6,60.46,58.8,"YTUrb22[Npt, clean, lot of heads]; YTUrb23[thick]"
"271","IL2021-43316",104.15,60.32,131.27,166.5,38.4,NA,3.73,96.41,103.78,125.7,90.62,105.08,103.05,57.5,60.88,60.46,62.42,60.85,58.87,"YTStp23[glume blotch,]"
"272","IL2021-43330",105.65,61,131.59,167.54,40.08,NA,2.48,101.89,104,127.95,93.93,105.12,103.28,59.8,60.94,61.45,63.9,61.05,58.79,NA
"273","IL2021-43359",103.6,62,132.27,164.98,39.19,NA,2.12,92.41,102.19,125.84,92.54,104.88,102.58,60.67,61.7,62.54,64.36,62.05,60.91,NA
"274","IL2021-43415",103.5,61.16,132.9,167.51,39.48,NA,2.37,101.02,102.12,122.8,86.95,104.56,102.29,59.15,61.09,61.53,63.03,61.4,60.34,NA
"275","IL2021-43633",106.71,62.34,130.66,164.1,38.17,NA,2.55,97.28,105.24,129.33,91.55,109.53,110.72,59.62,62.03,63.17,64.93,62.34,62.01,"YTUrb22[Leaning]"
"276","IL2021-43764",106.01,61.26,132.95,167.65,38.73,NA,2.31,96.4,104.62,128.13,89.28,109.28,110.59,58.99,61.16,61.69,63.93,61.35,60.18,NA
"277","IL2021-43865",105.02,62.47,131.92,167.3,38.59,NA,1.45,98.66,104.76,124.88,90.64,106.49,105.72,60.54,62.32,63.32,64.71,62.59,61.6,NA
"278","IL2021-43872",109.24,62.29,130.97,166.2,37.2,NA,2.79,103.82,107.36,132.98,99.15,109.41,110.42,59.3,62,62.93,64.27,62.61,62.42,"YTAddie23[glume blotch]; YTUrb23[thick, bright, big heads]"
"279","IL2021-43877",105.99,61.96,132.47,165.03,37.45,NA,1.65,95.73,104.61,130.89,91.41,107.89,107.79,59.34,61.75,62.54,63.87,62.44,61.51,"YTStp23[npt, uniform ,]; YTUrb22[Lodg]"
"280","IL2021-43878",106.97,61.13,131.53,165.07,37.58,NA,2.63,100.06,105.49,132.98,92.05,107.66,107.64,59.13,61.06,61.35,62.89,61.57,60.27,"YTUrb22[Mix, Npt]"
"281","IL2021-43909",104.65,62.52,130.31,162.36,36.56,NA,1.05,96.44,103.97,126.45,89.89,106.31,105.29,59.55,63.49,63.07,64.06,62.78,62.23,"YTUrb23[npt]"
"282","IL2021-43913",105.73,62.93,131.58,163.78,37.49,NA,2.69,100.46,104.07,125.08,92.68,107.16,107.11,61.05,62.46,63.68,64.71,63.22,62.73,"YTAddie23[septoria]; YTUrb22[Lodg]; YTUrb23[thick]"
"283","IL2021-43916",105.4,61.41,131.55,164.36,36.51,NA,1.92,102.25,103.75,128.21,93.12,104.42,102.62,58.94,61.33,61.84,62.69,61.93,61.07,"YTAddie23[septoria]"
"284","IL2021-43920",100.61,62.87,131.08,167.32,37.23,NA,1.68,90.03,99.3,121.02,80.9,104.36,101.94,61.09,63.25,63.37,65.01,62.81,62.35,"YTNeo22[septoria]; YTStp23[bad plot,]"
"285","IL2021-43921",106.79,62.06,131.89,167.63,38.8,NA,2.18,97.79,106.82,128,93.4,108.78,109.63,60.74,61.39,62.68,63.99,62.24,61.4,"YTNeo22[late, npt]"
"286","IL2021-43926",103.14,62.83,130.79,164.28,37,NA,1.48,94.61,101.73,122.58,89.97,104.97,103.08,60.7,62.39,63.65,65.14,63.01,62.43,"YTUrb22[Npt, erect, green leaves]"
"287","IL2021-43932",106.74,62.43,131.09,167.3,38.57,NA,2.04,103.39,104.91,131.34,93.14,106.26,105.3,60.32,62.61,63.28,64.86,62.51,61.29,NA
"288","IL2021-43938",104.98,62.08,130.95,166.48,39.09,NA,1.5,100.34,104.11,128.73,89.14,105.22,103.41,59.91,61.57,62.81,64.21,62.37,61.48,"YTNeo22[ve, clean]; YTStp23[bad plot,]"
"289","IL2021-43941",104.75,62.18,131.79,166.12,38.73,NA,2.24,101.46,103.26,124.05,89.67,106.07,104.64,59.92,61.91,62.91,64.35,62.49,61.42,"YTAddie23[uniform, big heads]; YTStp23[erect,]"
"290","IL2021-43945",104.55,61.25,131.63,164.11,39.2,NA,2.23,96.44,103.19,130.63,91.84,104.26,101.43,58.89,61.2,61.66,62.75,61.75,60.64,NA
"291","IL2021-43956",104.89,62.83,130.77,165.12,40.56,NA,2.18,99.52,106.41,129.14,90.37,104,100.98,60.8,62.85,63.58,64.78,62.93,62.45,"YTAddie23[thick]"
"292","IL2021-43960",102.46,61.53,132,166.48,37.9,NA,1.91,95.62,99.53,122.67,89.45,103.73,100.9,58.96,61.27,62.16,63.23,62.03,60.94,"YTAddie23[erect]; YTNeo22[thin, clean, ve]"
"293","IL2021-43962",104.42,61.58,132.72,164.93,37.08,NA,2.33,97.05,102.95,125.46,90.47,105.87,104.8,58.96,61.46,62.17,63.63,61.88,60.98,NA
"294","IL2021-43963",105.55,61.2,131.92,163.91,37.68,NA,2.04,97.8,104.06,127.95,91.83,107.02,106.48,58.49,61.15,61.54,62.93,61.68,60.75,NA
"295","IL2021-43966",99.7,62.48,129.9,163.31,37.99,NA,1.93,88.86,96.3,119.61,87.54,101.64,97.04,61.05,62.71,63.17,64.43,62.47,61.47,"YTAddie23[tall]; YTNeo22[ve, clean, npt, bright]"
"296","IL2021-43970",102.51,61.6,131.63,165.92,40.09,NA,2.06,96.94,101.3,123.79,86.65,103.58,99.99,59.24,61.48,62.14,63.36,62.07,60.85,"YTUrb22[Lodging]"
"297","IL2021-43972",107.49,61.44,131.53,163.66,39.14,NA,1.81,100.64,102.9,134.59,97.29,107.36,107.16,57.48,61.14,62.18,63.27,62.23,61.29,"YTAddie23[sacb]; YTNeo22[npt, thin, septoria]; YTUrb23[thick, bright]"
"298","IL2021-43973",103.98,63.68,130.12,164.79,38.94,NA,2.17,100.49,102.45,126.2,91.32,103.11,100.07,63.34,62.98,64.6,65.34,63.74,63.12,"YTUrb22[Leaning]"
"299","IL2021-44005",107.88,61.75,131.49,165.05,39.51,NA,1.8,99.52,109.03,133.47,94.52,108.09,108.16,59.89,61.28,62.33,63.59,62.07,61.1,"YTNeo22[clean, sea of heads]"
"300","IL2021-44007",101.72,63.07,130.64,166.98,38.49,NA,1.39,97.47,98.78,123.6,87.33,101.78,97.44,61.45,62.98,63.97,65.08,63.06,62.51,"YTNeo22[septoria, leaf rust]; YTStp23[erect, uniform,]"
"301","IL2021-44011",103.47,62.05,131.43,165.44,38.85,NA,1.06,96.29,102.28,129.1,87.07,103.8,100.98,59.94,61.81,62.69,63.66,62.47,61.5,"YTUrb22[Disease]; YTUrb23[thick]"
"302","IL2021-44026",103.76,62.84,130.86,167.42,37.67,NA,1.41,95.31,102.57,129.94,88.68,104.18,101.01,60.54,62.42,63.68,64.71,63.17,62.65,"YTUrb22[Tall]"
"303","IL2021-44031",102.54,62.63,130.55,163.87,38.76,NA,1.15,93.75,101.35,125.62,87.58,103.68,100.47,60.9,62.26,63.5,64.69,62.89,61.8,"YTUrb22[Npt]; YTUrb23[bpt, bright]"
"304","IL2021-44064",103.31,61.58,129.97,165.55,38.72,NA,3.49,93.21,101.97,125.19,90.09,104.88,102.88,59.2,61.42,62.08,63.9,61.78,60.85,"YTAddie23[glume blotch]"
"305","IL2021-44235",103.46,60.6,133.36,169.86,41.21,NA,1.95,96.94,101.82,124.42,95.78,102.45,98.35,59.06,60.65,60.84,62.8,60.88,58.87,"YTStp23[big heads, tall,]; YTStp23[, tall]"
"306","IL2021-44623",100.17,61.01,130.97,167.39,39.04,NA,2.08,91.89,98.88,113.97,85.7,103.41,100.61,60.47,60.88,61.23,63.15,60.93,59.43,NA
"307","IL2021-44705",97.52,60.65,128.96,166.49,41.03,NA,2.14,88.43,96.53,113.62,82.22,99.83,93.91,58.68,60.72,60.91,62.5,61.08,59.35,NA
"308","IL2021-45561",105.56,59.91,131.27,165.58,38,NA,1.71,96.63,104.1,127.66,90.35,107.86,108.44,57.22,60.15,59.81,61.23,60.6,59.09,"YTAddie23[plot dmg]; YTStp23[bad plot,]"
"309","IL2021-45638",102.84,62.59,131.36,166.12,36.47,NA,1.02,93.24,101.41,120.71,90.33,105.29,103.67,60.63,62.22,63.43,65.11,62.84,61.6,"YTAddie23[septoria]"
"310","IL2021-45701",103.06,60.81,132.24,165.99,40.64,NA,3.55,95.72,101.62,122.93,89.49,104.27,102.43,58.93,60.81,61.13,63.05,60.94,59.57,"YTUrb22[Lodging]"
"311","IL2021-45957",106.54,61.83,133.16,168.37,38.85,NA,2.25,95.77,104.93,127.07,93.28,109.7,111.63,60.63,61.52,62.26,64.68,61.65,60.6,"YTUrb22[Tall]"
"312","IL2021-46002",103,60.6,131.61,166.2,41.3,NA,1.86,93.17,101.51,121.78,91.8,104.79,102.86,57.77,60.67,60.76,63.33,61,59.32,"YTUrb22[Lodging]"
"313","IL2021-46013",103.55,63.21,132.67,166.16,39.16,NA,3.27,95.12,102.09,125.26,94.13,103.51,100.2,61.35,60.75,64.08,65.41,63.53,64.24,"YTAddie23[sprawling]; YTNeo22[scab, thick]; YTStp23[, thick]; YTStp23[, thick, tip awned]"
"314","IL2021-46033",104.07,62.18,132.27,169.6,39.03,NA,1.06,91.41,105.08,128.08,85.85,107.02,106.29,62.72,61.21,62.96,64.52,61.93,60.45,"YTNeo22[scab]"
"315","IL2021-46035",106.06,61.2,133.15,167.89,40.91,NA,2.7,98.08,104.3,125.12,96.03,107.68,107.82,60.68,61.05,61.51,63.55,61.33,59.15,"YTUrb22[Lodging]"
"316","IL2021-46132",109.84,60.29,129.58,166.79,38.86,NA,4.89,107.83,107.97,135.65,97.91,108.82,109.55,57.32,60.46,60.28,61.56,61.07,59.78,"YTUrb22[Lodging]"
"317","IL2021-46166",103.89,61.77,131.95,167.86,38.84,NA,1.29,98.11,102.41,123.73,89.74,105.11,103.6,59.52,61.55,62.14,64.26,62.16,60.86,NA
"318","IL2021-46411",100.42,61.45,134.28,168.43,38.85,NA,1.89,85.56,99.29,119.82,88.07,103.47,100.06,60.81,61.29,62,63.12,61.55,59.93,NA
"319","IL2021-46428",103.38,62.06,132.56,166.78,38.48,NA,4.79,94.94,102.02,124.44,88.14,105.17,104,60.56,61.78,62.77,64.33,62.13,60.94,"YTAddie23[npt]; YTUrb22[Npt]"
"320","IL2021-46822",106.98,61.08,130.77,166.29,36.98,NA,2.14,97.49,105.27,131.8,98.06,107.03,106.47,57.98,61.09,61.43,62.79,61.73,60.56,NA
"321","IL2021-46842",107.1,60.78,133.1,167.66,36.61,NA,1.67,97.3,105.73,131.83,91.5,109.76,110.5,57.64,60.78,60.91,64.03,61.04,59.7,"YTUrb22[Lodging]"
"322","IL2021-46857",101.32,61.31,132.81,166.22,40.64,NA,8,95.38,99.91,115.77,87.84,103.65,100.69,58.52,61.23,61.74,63.68,61.63,60.55,"YTUrb22[Lodg]"
"323","IL2021-46908",102.99,61.21,131.28,165.37,40.32,NA,5.93,98.72,101.8,124.22,83.46,104.68,102.89,58.94,61.16,61.55,62.56,61.73,60.7,"YTAddie23[tall]"
"324","IL2021-47142",105.54,62.85,132.31,165.64,39.19,NA,2.75,97.31,106.11,128.06,92.38,106.25,105.02,59.05,62.23,63.89,66.33,63.16,62.52,NA
"325","IL2021-4811",102.76,60.27,129.98,165.27,37.65,NA,1.88,98.02,101.41,125.19,88.98,102.37,98.33,57.99,60.42,60.37,62.36,60.76,58.84,NA
"326","IL2021-4856",106.04,58.88,129.84,164.04,38.88,NA,2.18,99.07,104.69,134.9,92.35,105.27,102.7,55.01,59.4,58.56,60.55,59.8,57.89,"YTAddie23[long tip awn]; YTUrb22[Leaning]"
"327","IL2021-5065",105.62,61.76,129.76,163.37,39.73,NA,2.13,104.02,101.97,128.04,95.87,104.26,101.89,59.06,61.27,62.43,63.57,62.27,61.45,"YTNeo22[septoria]"
"328","IL2021-5364",104.09,62.76,131.21,164.22,40.14,NA,2.3,100.02,102.66,124.39,88.99,105.05,103.06,61.66,62.31,63.67,64.93,62.71,61.86,NA
"329","IL2021-5861",103.25,61.28,129.34,165.64,36.13,NA,1.37,101.21,101.81,125.63,88.79,102.15,98.54,58.59,61.21,61.58,63.41,61.9,60.39,"YTAddie23[septoria]; YTStp23[, thin]; YTStp23[erect, npt,]; YTUrb22[Npt, some leaf rust]"
"330","IL2021-6838",103.91,61.53,131.06,164.05,40.09,NA,2.99,103.75,102.33,121.99,89.49,103.94,101.52,58.9,61.43,62.01,62.96,62.06,61.24,NA
"331","IL2021-7231",106.92,60.26,130.18,165.33,39.08,NA,2.79,105.84,105.06,130.57,97.83,104.51,102.2,56.73,60.46,60.39,62.28,60.88,59.57,"YTAddie23[thick]; YTAddie23[scab]; YTUrb22[Leaning]"
"332","IL2021-7544",104.93,61.62,131.31,165.5,37.68,NA,2.72,102.4,103.52,129.91,89.48,104.06,101.37,59.46,61.48,62.19,63.56,61.95,60.76,NA
"333","IL2021-7550",106.57,60.46,130.87,167.13,38.43,NA,3.16,101.61,104.89,133.01,95.93,104.79,103.01,57.9,60.56,60.57,62.5,60.89,59.49,"YTUrb22[Leaning]"
"334","IL2021-827",103.59,61.87,130.74,167.38,37.99,NA,2.01,99.02,101.98,124.46,93.16,102.71,99.35,59.92,61.64,62.35,63.85,62.24,61.1,"YTUrb23[seg]"
"335","IL2021-8749",105.59,60.2,129.65,163.45,36.99,NA,2.33,97.83,102.58,126.27,94.24,107.3,107.22,57.2,60.52,60.09,61.88,60.88,59.46,"YTAddie23[mixed]; YTNeo22[septoria]; YTStp23[mixed,]; YTUrb23[thick]"
"336","IL2021-9529",105.15,61.61,131.6,166.14,37.73,NA,2.72,95.63,103.67,127.32,93.28,106.7,105.52,59.44,61.45,62,63.52,62.1,60.78,"YTStp23[, thick, big heads]"
"337","Kaskaskia",100.77,62.68,134.58,166.99,43.37,2.84,1.9,91.21,97.31,122.05,84.79,103.27,100.29,62.45,61.5,63.72,65.18,62.43,61.56,NA
"338","Pio 25R74",106.58,60.9,133.3,169.19,35.11,NA,1.42,100.1,106.45,132.12,93.26,105.9,105.33,60.17,59.58,61.19,62.95,61.26,59.76,NA
