"","germplasmName","Yield_Average","TestWeight_Average","Heading_NA","Maturity.time_NA","Height_NA","DON_NA","Lodging.incidence...0.9_YT_Urb_23","Lodging.incidence...0.9_YT_War_23","SBMV_NA","Yield_Big6_Fra_23","Yield_Big6_Fre_23","Yield_Big6_Laf_23","Yield_Big6_Mas_23","Yield_Big6_Prn_23","Yield_Big6_Urb_23","Yield_Big6_Woo_23","Yield_YT_Addie_23","Yield_YT_Blk_22","Yield_YT_Blk_23","Yield_YT_Blv_22","Yield_YT_Blv_23","Yield_YT_Neo_22","Yield_YT_Neo_23","Yield_YT_Stj_22","Yield_YT_Stp_22","Yield_YT_Stp_23","Yield_YT_Urb_22","Yield_YT_Urb_23","Yield_YT_War_22","Yield_YT_War_23","TestWeight_Big6_Fra_23","TestWeight_Big6_Fre_23","TestWeight_Big6_Laf_23","TestWeight_Big6_Mas_23","TestWeight_Big6_Prn_23","TestWeight_Big6_Urb_23","TestWeight_Big6_Woo_23","TestWeight_YT_Addie_23","TestWeight_YT_Blk_22","TestWeight_YT_Blk_23","TestWeight_YT_Blv_22","TestWeight_YT_Blv_23","TestWeight_YT_Neo_22","TestWeight_YT_Neo_23","TestWeight_YT_Stj_22","TestWeight_YT_Stp_22","TestWeight_YT_Stp_23","TestWeight_YT_Urb_22","TestWeight_YT_Urb_23","TestWeight_YT_War_22","TestWeight_YT_War_23","notes"
"1","07-19334",100.22,60.67,127.84,171.75,39.25,1.26,2.13,0.88,4.8,98.27,111.45,75.36,89.25,106.97,121.1,91.58,96.94,89.61,117.97,83.05,84.75,106.4,131.01,72.79,96.82,96.08,107.86,120,87.63,127.7,62.24,57.36,53.78,61.76,57.59,61.79,59.56,63.85,59.42,60.83,60.98,63.03,60.81,63.23,58.36,61.97,63.94,61.31,61.22,60.52,59.94,NA
"2","12-26004",90.79,58.3,121.5,163.5,36.73,0.83,2.82,1.09,3.09,98.23,101.11,67.83,80.93,84.45,87.88,74.04,100.68,74.79,107.53,96.4,91.17,100.39,129.7,72.7,91.73,91.36,91.85,91.83,62.09,102.76,61.78,57.45,52.04,60.31,50.88,59.72,56.08,56.91,57.93,59.85,59.67,56.48,60.45,60.01,56.81,60.52,61.13,61.28,59.7,56.25,58.2,NA
"3","16-8048",99.07,59.92,126.42,167.08,37.64,1,1.01,-0.13,4.01,97.92,112.31,75.78,87.45,102.02,116.52,97.14,95.19,95.46,114.42,95.01,88.44,104.8,127.49,75.73,93.35,92.23,108.15,113.31,76.88,117.62,61.83,57.67,53.22,61.88,54.44,61.42,58,61.09,59.71,61.37,60.68,59.09,60.7,62.52,58.29,61.75,63.78,62.02,60.33,58.96,59.41,NA
"4","19-10123",94.07,59.29,123.41,164.18,37.94,1.07,4.29,1.13,3.36,97.64,102.95,69.94,83.75,92.07,97.68,82.8,100.2,86.27,106.87,95.5,91.11,103.25,125.53,74.08,92.73,90.61,102.68,99.83,71.8,106.5,62.5,57.68,52.73,61.3,53.46,61.03,57.04,59.34,59.43,59.55,60.35,58.5,60.89,61.44,58.14,60.94,62.77,61.77,60.44,56.33,59.22,"Big6Fre23[App5:3]; Big6Fre23[App5:3]; Big6Laf23[pretty]; Big6Laf23[pretty]; OVTBlv23[Damage pct: 1]; OVTBlv23[Damage pct: 3]; OVTBlv23[Damage pct: 1]; PrUrb21[rust:R]; PrUrb21[rust:MrMs]; YTAddie23[looks good]; YTBlv23[looks good, early, a bit uneven]; YTNeo22[septoria, leaning]; YTUrb22[Leaning]; YTUrb23[lots of heads]"
"5","19-12926",91.59,59.99,124.11,164.21,38.71,1.2,2.18,0.67,2.83,98.27,105.95,65.89,82.16,85.18,94.87,75.88,99.61,83.66,106.55,84.87,92.27,99.42,119.97,74.57,95.33,90.94,101.32,95.72,65.4,99.63,63.54,58.08,53.24,61.78,55.57,62.32,57.39,59.26,59.53,60.73,60.69,59.51,61.73,62.71,58.32,61.61,63.31,62.07,61.56,58,59.53,"Big6Fre23[App5:2]; PrStj21[maturity:E]; PrUrb21[rust:MrMs]; PrUrb21[exclude_plot:true, rust:MrMs]; YTNeo22[ve]; YTNeo22[ve, clean]"
"6","19-13414",98.48,60.59,126.09,166.88,38.67,1.22,1.42,-0.06,3.49,98.94,110.2,79.37,86.64,96.9,114.63,87.2,99.57,90.13,110.22,91.23,88.73,104.28,132.98,76.2,97.75,91.06,106.58,112.94,79.28,118.47,63.77,58.17,53.66,61.59,56.33,62.67,58.04,61.39,59.52,61.44,61.45,59.77,61.79,63.56,59.32,62.33,64.42,62.06,61.88,60.1,59.96,"Big6Fre23[App5:3]; Big6Fre23[App5:2]; PrStj21[maturity:L]; PrUrb21[rust:MrMs]; PrUrb21[exclude_plot:true, rust:MrMs]; YTBlv23[pct damage:1]; YTUrb22[Tall]; YTUrb22[Tall]"
"7","19-13451",92.86,59.34,124.04,167.09,38.41,1.09,2.61,0.13,3.49,94.16,107.86,56.17,81.91,92.02,102.71,74.18,99.21,83.08,112.89,88.45,90.77,98.79,123.83,71.73,93.52,91.43,99.57,101.18,75.99,106.92,61.86,57.67,52.73,60.46,53.97,61.26,57.06,56.51,59.28,61.38,60.65,58.25,60.82,61.11,58.3,61.25,64.55,60.84,60.2,58.77,59.14,"Big6Fre23[App5:2]; PrUrb21[rust:MrMs]; PrUrb21[rust:MrMs]; YTBlv23[pct damage:1]; YTNeo22[ve]; YTNeo22[clean]; YTUrb22[Leaning]"
"8","19-13713",91.89,59.53,124.08,164.33,38.47,0.6,1.97,0.67,2.43,97.08,104.2,62.07,82.04,93.94,97.36,83.97,98.76,83.05,105.44,86.35,94.17,97.78,119.55,75.66,93.05,86.79,96.28,96.12,68.38,102.65,63.38,57.99,52.82,61.58,54.99,61.7,56.72,59.09,59.62,60.25,60.72,57.86,61.32,61.54,58.55,61.36,62.68,62.04,59.83,57.61,59.13,"Big6Fre23[App5:2]; PrUrb21[rust:MrMs]; PrUrb21[rust:MrMs]; YTNeo22[tall, leaning]; YTUrb22[Leaning]; YTUrb22[Tall]; YTUrb23[looks good, ve]"
"9","19-13978",92.47,60.48,122.39,164.35,38.09,0.77,2.52,0.55,2.04,98.59,104,69.19,82.96,87.02,95.01,79.39,102.1,82.41,110.91,78.12,89.51,101.49,125.83,74.78,96.34,88.59,104.56,97.25,65.97,103.02,63.2,58.3,53.62,62.29,56.94,62.94,57.75,59.6,59.8,60.84,61.23,60.39,62.07,63.23,59.03,62.04,64.04,62.96,61.75,58.46,60.51,"Big6Fre23[App5:3]; PrStj21[maturity:E]; PrUrb21[rust:S]; PrUrb21[rust:MrMs]; YTAddie23[see down row]; YTBlv23[pct damage:5]; YTBlv23[pct damage:1]; YTNeo22[sept]; YTStp23[, see down row]; YTUrb22[Ve, tall]; YTUrb22[Lodg]; YTUrb23[ve]"
"10","19-14617",93.05,58.87,122.49,164.48,38.49,0.83,2.62,0.78,3.49,96.44,105.2,65.87,83.97,84.68,102.16,82.34,98.8,82.69,110.03,87.62,91.88,101.61,124,73.62,97.16,87.52,100.69,99.69,67.66,106.85,61.73,57.69,52.39,60.68,53.39,61.01,56.37,57.77,58.63,60.09,59.94,57.84,60.89,60.6,58.2,60.67,61.24,61.54,59.34,56.63,59.52,"Big6Fre23[App5:1]; PrUrb21[rust:MrMs]; PrUrb21[rust:MrMs]; YTBlv23[pct damage:2]; YTBlv23[pct damage:1 leaning]; YTNeo22[sept]; YTUrb22[Leaning]; YTUrb22[Looks weak]"
"11","19-14845",95.5,58.51,123.16,161.42,37.78,0.96,2.39,0.96,-0.33,102.42,106.4,68.33,83.49,87.82,96.14,88.21,111.46,84.98,112.31,95.14,99.93,103.32,132.7,76.83,95.24,94.87,99.4,96.17,65.77,104.75,60.94,57.55,52.14,60.68,53.19,59.85,56.11,57.12,58.61,60.09,60.18,56.53,60.62,60.23,57.53,60.38,61.28,61.31,58.32,56.76,58.78,"Big6Fre23[App5:3]; PrStj21[obs:mixed appearance]; PrUrb21[rust:MrMs]; PrUrb21[exclude_plot:true, rust:MrMs]; YTAddie23[clean]; YTAddie23[thick]; YTStp23[, tall]; YTUrb22[Tall]; YTUrb23[vve]"
"12","19-14933",93.4,59.31,122.7,166.84,40.01,0.75,1.97,0.73,2.17,99.87,104.72,69.47,82.35,83.97,93.17,79.6,105.43,86.93,110.74,88.51,98.62,101.65,127.59,77.85,95.77,90.87,98.9,94.5,67.97,99.98,62.51,57.64,52.75,61.96,53.9,60.95,57.12,59.03,59.31,61.03,60.05,58.42,60.88,61.42,57.38,60.87,62.5,61.49,59.42,57.83,58.92,"Big6Fre23[App5:4]; Big6Fre23[App5:3]; Big6Laf23[pretty]; OVTBlv23[Damage pct: 0]; OVTBlv23[Damage pct: 0]; OVTBlv23[Damage pct: 3]; PrUrb21[rust:MrMs]; PrUrb21[rust:MrMs]; YTAddie23[tall]; YTBlv23[pct damage:1]; YTBlv23[pct damage:1]; YTNeo22[leaning]; YTUrb22[Leaning]; YTUrb22[Leaning]; YTUrb23[tall, purple stem]"
"13","19-15017",91.02,59.14,122.49,163.58,37.95,1.29,1.82,1.41,3.09,97.34,104.92,67.92,80.51,86.46,87.72,77.66,101.98,78.96,107.36,89.12,93.38,98.88,122.83,75.81,94.08,86.08,95.29,90.17,68.44,99.95,63.01,57.68,52.6,61.2,54.36,60.49,56.79,57.8,58.54,59.89,60.57,58.12,60.96,61.06,58.08,61.17,62.17,61.18,59.37,58.18,58.5,"Big6Fre23[App5:2]; PrStj21[maturity:VE]; PrUrb21[exclude_plot:true, rust:R]; PrUrb21[rust:MrMs]; YTBlv23[pct damage:1]; YTNeo22[tall, clean]; YTNeo22[tall, clean]; YTUrb22[Tall]"
"14","19-16176",95.48,59.99,124.93,167.77,37.2,1.93,5.09,0.65,2.04,97.74,108.19,70.04,85.48,93.19,109.37,83.75,96.89,92.16,109.33,86.16,83.65,101.64,127.92,74.5,94.9,89.4,101.37,108.62,76.97,114.15,61.51,57.92,53.3,61.95,54.9,61.71,57.74,61.19,59.45,60.62,60.41,59.42,61.61,62.62,58.32,61.91,64.24,62.12,61.24,58.61,59.22,"Big6Fre23[App5:3]; PrUrb21[rust:R]; PrUrb21[rust:R]; YTNeo22[ve, clean]; YTNeo22[lodging]"
"15","19-17546",93.17,58.88,122.22,162.85,38.31,1.18,2.18,1.39,2.3,97.08,101.91,72.57,81.71,86.37,90.91,87.33,102.21,82.71,110.62,93.79,94.28,98.16,126.48,74.04,93.47,89.88,98.31,94.32,69.84,107.69,61.48,57.59,52.37,60.39,54.11,60.24,56.5,58.32,58.68,60.11,60.48,57.5,60.85,60.5,57.94,60.62,61.69,61.14,59.79,56.94,58.98,"Big6Fre23[App5:3]; PrStj21[maturity:E]; PrUrb21[rust:MrMs]; PrUrb21[rust:MrMs]; YTBlv23[pct damage:2 looks good]; YTNeo22[sept]; YTUrb22[Tall, ve]; YTUrb23[vve]"
"16","19-17662",92.94,59.41,124.53,165.68,38.48,1.47,2.91,1.85,3.62,97.47,105.13,67.4,82.77,84.52,98.6,75.28,97.42,87.62,108.57,89.36,92.49,100.32,123.41,76.54,95.19,86.6,102.58,98.25,69.51,109.33,61.29,57.86,52.88,60.93,52.39,61.73,57.05,59.11,59.44,60.27,60.66,58.72,61.18,61.82,58.4,61.22,63.38,62.02,60.85,57.74,58.77,"Big6Fre23[App5:3]; Big6Fre23[App5:3]; PrUrb21[rust:MrMs]; PrUrb21[rust:MrMs]; YTAddie23[some septoria]; YTBlv23[pct damage:1]; YTUrb22[Leaning]; YTUrb22[Leaning]"
"17","19-18153",94.6,59.68,125.73,166.25,37.98,1.35,2.88,0.73,2.83,96.02,107.7,65.51,84.96,85.92,108.2,81.64,96.94,84.87,113.52,92.63,88.73,102.79,122.51,73.79,96.02,89.42,102.98,106.13,74.1,111.27,61.62,58.02,52.98,61.74,54.54,61.73,56.97,60.36,59.31,61.01,60.73,58.36,61.59,61.93,58.8,61.6,62.96,61.88,60.26,58.1,59.26,"Big6Fre23[App5:3]; Big6Fre23[App5:3]; Big6Laf23[pretty]; PrUrb21[rust:R]; PrUrb21[exclude_plot:true, rust:R]; YTAddie23[thick]; YTBlv23[ugly]; YTUrb22[Lodging]"
"18","19-18156",96.22,60.19,127.34,167.63,37.12,1.4,2.83,0.99,4.01,98.06,108.35,77.9,86.18,89.85,111.89,86.85,95.78,91.42,111.19,91.32,86.69,102.88,122.54,73.42,95.56,94.99,104.11,110.06,69.64,113.72,62.29,57.62,53.38,62.26,54.94,61.7,58.39,62.55,59.38,61.26,61.14,60.58,60.85,62.17,58.4,61.43,64.46,61.68,61.11,58.05,60.1,"Big6Fre23[App5:NA]; Big6Fre23[App5:1]; PrStj21[obs:npt]; PrUrb21[rust:MrMs]; PrUrb21[rust:MrMs]; YTNeo22[late]; YTNeo22[scab]; YTUrb22[Short]; YTUrb22[Leaning]"
"19","19-18725",99.3,59.54,124.08,165.82,36.65,4.26,2.07,1.88,3.09,101.99,112.72,73.9,87.3,95.94,110.18,87.75,105.8,83.02,116.85,83.26,99.75,105.41,132.61,71.72,101.23,94.13,106.66,110.78,86.36,124.02,61.86,57.7,52.86,61.01,54.58,61.55,57.25,59.63,59.04,60.75,59.98,58.6,61,61.27,57.71,61.61,63.13,61.93,61.26,58.33,59.23,"Big6Fre23[App5:3]; PrStj21[FHB:S]; PrUrb21[rust:MrMs]; PrUrb21[rust:MrMs]; YTAddie23[septoria]; YTAddie23[septoria]; YTBlv23[thick, bright]; YTBlv23[pct damage:1 septoria]; YTNeo22[sacb]; YTUrb22[Npt]"
"20","19-18826",93.66,59.43,124.91,167.25,36.7,2.04,1.28,0.97,3.09,94.24,104.49,69.49,83.05,96.2,98.91,81.97,94.04,92.07,108.16,91.77,88.27,100.99,126.16,74.38,97.67,92.17,101.12,101.35,69.46,98.9,62.46,57.95,52.9,61.53,52.1,61.82,56.92,58.72,59.19,60.66,60.54,58.06,61.34,61.96,58.52,61.4,63.11,61.61,60.85,57.58,58.98,"Big6Fre23[App5:3]; Big6Fre23[App5:4]; PrUrb21[rust:R]; PrUrb21[exclude_plot:true, rust:MrMs]; YTBlv23[pct damage:1]; YTBlv23[pct damage:1]; YTNeo22[clean, tall]; YTUrb22[Tall]"
"21","19-18837",94.44,59.61,126.13,167.69,38.87,0.76,1.93,1.15,4.01,95.09,108.27,65.2,83.45,93.79,104.99,72.77,96.86,89.94,109.43,99.91,93.28,102.65,126.47,71.52,94.96,93.75,102.26,103.86,62.31,111.26,62.16,58.2,52.89,61.4,55.4,61.91,56.51,58.11,59.81,61.39,60.86,56.94,61.83,61.59,58.16,61.58,63.3,62.15,61.02,57.67,59.91,"Big6Fre23[App5:3]; Big6Fre23[App5:3]; PrUrb21[rust:S]; PrUrb21[rust:MrMs]; YTBlv23[pct damage:]; YTBlv23[tall]; YTNeo22[late, leaning]; YTStp23[big heads, tall,]"
"22","19-18957",89.73,58.75,122.67,160.04,36.57,0.81,2.06,3.1,3.22,96.99,110.75,64.12,79.36,68.95,91.77,72.88,102.28,81.11,104.59,83.92,88.9,96.17,125.36,77.94,92.43,91.42,95.01,90.97,62.43,97.9,62.5,57.53,52.33,60.66,52.17,60.28,56.51,56.99,58.59,60.17,60.07,57.52,60.33,60.51,58.19,60.57,62.17,61.41,58.61,56.79,59.46,"Big6Fre23[App5:3]; PrUrb21[rust:MrMs]; PrUrb21[exclude_plot:true, rust:MrMs]; YTBlv23[pct damage:3]; YTBlv23[septoria]; YTNeo22[lodging]; YTUrb22[Lodg]; YTUrb23[vve]"
"23","19-19205",95.31,59.89,123.83,165.72,33.92,2.02,1.31,0.8,3.88,97.54,106.89,67.17,83.62,83.69,101.05,86.9,99.9,84.64,111.14,92.53,104.07,100.96,129.36,71.72,99,98.74,100.89,101.56,69.33,111.05,61.71,57.81,53.19,61.98,55.41,61.83,57.7,58.42,59.61,61.39,61.11,59.22,61.13,62.29,57.74,61.6,64.04,61.75,61.57,58.26,60.01,"Big6Fre23[App5:3]; PrStj21[FHB:S]; PrUrb21[exclude_plot:true, rust:R]; PrUrb21[rust:R]; YTAddie23[septoria]; YTBlv23[septoria]; YTNeo22[septoria]; YTUrb22[Npt]"
"24","19-20348",99.53,59.54,124.83,165.95,38.97,1.04,3.55,1.61,4.01,97.87,110.7,76.58,87.3,96.88,109.99,93.35,102.33,90.61,113.31,88.37,95.58,106.19,129.91,79.18,98.99,98.46,106.32,113.15,79.37,122.61,60.94,57.62,52.96,61.15,53.36,61.4,57.58,60.36,59.01,60.04,60.63,58.95,60.9,61.72,58.78,61.07,63.94,61.58,60.74,58.08,59.1,"Big6Fre23[App5:3]; Big6Fre23[App5:3]; OVTBlv23[Damage pct: 1]; OVTBlv23[Damage pct: 3]; OVTBlv23[Damage pct: 10]; PrUrb21[rust:S]; PrUrb21[rust:MrMs]; YTAddie23[thick, uniform]; YTNeo22[thin, septoria]; YTNeo22[tall, septoria]; YTStp22[Leaning]; YTUrb22[Leaning]; YTUrb22[Ve]; YTUrb23[tall]"
"25","19-21467",95.54,58.76,124.66,168.82,37.84,2.35,1.74,-0.53,3.22,99.66,110.28,70.34,85.78,90.6,108.46,88.66,99.77,87.21,112.95,86.6,98.59,102.77,126.16,71.88,97.79,87.81,104.28,106.51,66.09,104.43,61.69,57.6,52.33,61.06,52.78,60.24,56.4,58.04,58.6,60.18,60.25,56.98,60.78,60.61,57.96,60.39,62.6,61.19,59.2,56.4,58.24,"Big6Fre23[App5:3]; PrUrb21[rust:MrMs]; PrUrb21[rust:MrMs]; YTNeo22[septoria]; YTNeo22[rust, septoria]; YTUrb22[Tall]; YTUrb22[Some disease]; YTUrb23[thin]"
"26","19-21760",97.23,58.64,124.67,165.14,35.82,0.75,1.71,1.15,2.17,98.11,110.01,66.81,84.82,100.41,110.26,85.41,99.51,89.38,112.52,92.17,97.26,101.55,129.3,71.96,97.81,90.56,104.57,109.62,75.65,117.48,60.79,56.94,52.14,59.74,54.27,60.17,57.08,57.57,58.32,60.28,59.16,57.55,59.61,59.62,57.49,60.33,62.12,59.84,59.19,58.97,58.91,"Big6Fre23[App5:3]; Big6Fre23[App5:3]; PrUrb21[rust:MrMs]; PrUrb21[exclude_plot:true, rust:MrMs]; YTBlv23[pct damage:5]; YTBlv23[pct damage:1]; YTNeo22[septoria]; YTStp23[big heads,]; YTUrb22[Mix]"
"27","19-21848",97.6,59.55,123.82,165.21,36.75,1.03,2.07,0.6,3.75,98.03,108.01,70.34,85.07,100.24,103.53,83.08,106.03,86.91,120.24,97.14,94.16,104.33,132.87,71.48,97.59,95.53,107.31,104.26,71.97,115.22,61.73,57.89,52.91,61.43,54.84,61.47,57.05,59.25,59.15,60.81,60.79,58.03,61.27,61.9,58.75,61.06,63.72,61.85,60.59,57.15,59.1,"Big6Fre23[App5:3]; Big6Fre23[App5:3]; Big6Laf23[early,]; PrStj21[obs:nice appearance]; PrUrb21[rust:MrMs]; PrUrb21[rust:MrMs]; YTBlv23[looks good]; YTStp23[big heads, thick,]; YTUrb23[npt]"
"28","19-22757",95.29,60.31,123.7,164.11,38.14,0.84,2.62,-0.14,3.75,97.89,106.84,75.46,84.09,94.36,103.09,83.44,98.96,86.27,111.95,85.24,86.1,101.09,125.77,73.88,95.59,95.41,100.46,102.83,81.96,110.88,63.45,58.63,53.45,62.52,54.47,62.91,56.9,58.04,60.23,62.29,60.91,58.07,62.31,63.41,60.16,61.93,65.25,62.16,61.46,58.49,61.07,"Big6Fre23[App5:2]; Big6Fre23[App5:3]; Big6Laf23[early,]; PrStj21[obs:nice appearance]; PrUrb21[rust:MrMs]; PrUrb21[rust:MrMs]; YTBlv23[looks good, early]; YTBlv23[glume blotch]; YTNeo22[thick]; YTUrb22[ve, looks uneven]"
"29","19-23855",91.54,59.98,124.23,163.53,38.67,0.73,2.75,0.6,2.96,94.18,102.01,67.98,82.52,94.38,99.4,78.46,95.44,84.95,107.47,87.64,86.07,97.74,118.44,72.18,92.07,84.69,97.88,98.95,68.89,105.54,63,57.81,53.2,62.14,55.49,61.82,57.73,61.77,59.19,60.9,60.63,59.01,61.25,62.37,58.04,61.45,63.96,61.93,60.32,58.06,59.65,"Big6Fre23[App5:3]; PrStj21[maturity:E]; PrStj21[obs:nice appearance]; PrUrb21[rust:R]; PrUrb21[rust:MrMs]; YTBlv23[pct damage:2]; YTNeo22[septoria]; YTNeo22[tall, leaning]; YTUrb22[Ve, npt]; YTUrb22[Lodg]"
"30","19-25469",92.94,59.92,124.17,165.44,38.59,1.32,1.78,0.91,3.49,96.09,106.69,78.68,82.55,92.99,103.67,82.48,96.25,87.34,110.28,87.79,91.83,99.7,119.52,73.05,96.4,86.81,96.14,98.74,62.78,98.74,61.15,57.91,53.27,61.59,55.31,61.8,57.71,60.04,59.71,61.36,60.83,59.4,61.55,62.64,58.56,61.65,64.19,61.54,60.12,58.09,59.9,"Big6Fre23[App5:2]; PrUrb21[rust:MrMs]; PrUrb21[rust:MrMs]; YTBlv23[pct damage:1]; YTUrb22[Lodging]; YTUrb22[Leaning]"
"31","19-26456",93.44,59.71,123.36,165.01,36.13,1.09,1.6,1.42,3.62,96.19,106.86,71.52,83.38,84.69,99.66,88.06,98.12,91.39,108.7,84.07,93.66,99.56,123.96,66.45,93.49,85.78,101.46,101.82,72.39,108.32,62.65,57.8,52.98,61.51,55.03,61.18,57.32,59.89,59.53,60.49,60.26,58.74,61.31,61.94,58.57,60.51,63.65,61.81,61.43,58.45,59.17,"Big6Fre23[App5:1]; PrStj21[maturity:E]; PrStj21[maturity:E obs:npt]; PrUrb21[rust:S]; PrUrb21[rust:MrMs]; YTBlv23[looks good, uniform, bright]; YTNeo22[ve, npt]; YTStp23[bad plot,]; YTUrb22[Sea of heads]; YTUrb22[Scab, Sea of heads]; YTUrb23[erect, lots of heads, erect, lots of heads, thick]; YTUrb23[thick]"
"32","19-26709",92.89,59.43,122.85,161.38,36.94,1.25,1.24,1.18,3.22,98.19,103.98,69.65,82.06,84.99,93.59,84.08,102.92,82.7,105.98,85.57,94.76,101.13,129.83,77.22,94.21,89.96,101.65,94.1,71.7,98.72,61.92,58.04,52.87,61.27,53.94,61.84,56.74,58.47,59.34,59.91,60.36,58.76,61.62,61.8,58.56,61.4,62.59,62.43,60.63,56.95,58.96,"Big6Fre23[App5:2]; Big6Fre23[App5:3]; Big6Laf23[early,]; Big6Laf23[early,]; PrStj21[maturity:E mixture:Mixed]; PrUrb21[rust:R]; PrUrb21[rust:R]; YTNeo22[sept]; YTUrb22[Very very early]; YTUrb23[vve]; YTUrb23[vve]"
"33","19-27565",95.63,60.52,125.28,166.79,39.32,0.94,2.07,1.34,3.62,96.51,105.83,69.8,85.15,95,107.25,92.94,95.74,94.12,106.43,89.8,82.12,102.67,123.43,76.32,97.49,92.86,101.37,106.56,79.9,107.91,62.04,58.38,53.67,62.27,56.07,62.57,57.73,61.62,60.56,61.15,61.49,59.82,62.41,63.36,59.42,62.24,64.74,62.58,61.08,58.97,59.88,"Big6Fre23[App5:3]; Big6Fre23[App5:3]; PrUrb21[rust:R]; PrUrb21[exclude_plot:true, rust:MrMs]; YTNeo22[tall]; YTNeo22[clean, tall]"
"34","19-4151",93.12,59.53,123.95,166.58,39.27,1.15,2.22,0.73,4.15,95.79,106.78,73.35,82.67,88.35,99.16,89.3,95.37,89.03,110.27,94.57,89.77,100.17,117.17,74.8,95.94,83.62,99.78,100.03,62.72,103.91,62.19,57.97,52.9,61.45,54.16,60.97,56.9,58.66,59.72,60.89,61.05,58.44,61.34,61.62,58.84,61.68,62.57,61.89,60.12,57.37,59.8,"Big6Fre23[App5:3]; Big6Fre23[App5:3]; PrUrb21[rust:R]; PrUrb21[exclude_plot:true, rust:MrMs]; YTAddie23[tall]; YTBlv23[pct damage:1]; YTNeo22[ve, tall]; YTUrb22[Tall]"
"35","19-5122",99.13,60.74,125.71,166.38,38.53,1.69,2.63,0.61,4.01,98.26,110.64,77.38,87.62,100.09,117.35,92.36,98.62,89.62,113.02,84.25,97.11,104.63,132.83,72.91,98.57,94.14,108.45,114.92,76.15,118.94,61.95,58.22,53.87,62.39,56.67,62.88,58.36,62.49,59.76,61.14,61.57,60.99,62.16,63.76,59.18,62.47,65.38,62.52,61.99,58.37,60.04,"Big6Fre23[App5:3]; Big6Fre23[App5:3]; PrUrb21[rust:R]; PrUrb21[exclude_plot:true, rust:R]; YTAddie23[erect]; YTNeo22[tall]; YTUrb22[Leaning]; YTUrb22[Leaning]; YTUrb23[erect, npt]"
"36","19-5632",96.18,59.72,123.88,164.22,37.46,2.31,1.99,1.55,3.49,98.08,107.41,73.88,85.19,99.02,109.29,84.33,98.46,89.74,114,91.01,98.3,102.21,122.24,74.82,97.54,93.34,104.53,106.91,63.08,108.03,62.38,57.99,53.02,61.69,55.21,61.9,57.11,59.59,59.96,60.84,60.41,58.19,61.39,62.04,58.38,61.41,63.52,62.08,60.45,57.07,59.93,"Big6Fre23[App5:3]; Big6Fre23[App5:3]; Big6Laf23[early,]; PrUrb21[rust:MrMs]; PrUrb21[rust:MrMs]; YTNeo22[ve, septoria]; YTNeo22[leaning]; YTStp22[Mix]; YTStp23[, thick]; YTUrb22[ve, npt]; YTUrb22[Leaning]"
"37","19-6637",97.4,60.91,125.21,165.91,38.01,1.58,3.81,0.63,3.36,97.03,113.27,69.34,86.03,100.58,110.13,87.54,99.6,90.6,109.36,92.88,91.82,106.9,128.97,72.79,98.61,90.06,106.82,109.9,73.48,113.09,63.11,57.93,53.94,62.56,55.95,62.99,58.97,62.6,60.08,62.13,61.5,61.56,61.49,63.84,59.29,61.7,65.72,61.9,61.92,59.42,60.89,"Big6Fre23[App5:2]; Big6Fre23[App5:3]; PrStj21[maturity:L]; PrUrb21[rust:MrMs]; PrUrb21[rust:MrMs]; YTNeo22[clean]; YTNeo22[late]; YTUrb23[npt]"
"38","19-6946",97.34,58.85,123.34,165.75,38.63,2.1,3.25,1.42,3.49,101.02,115.29,79.04,86.23,79.49,105.27,88.89,106.14,89.96,115.75,80.59,102.16,103.73,127.37,74.1,96.36,92.18,102.37,105.29,77.9,118.15,61.08,57.67,52.4,60.66,53.8,60.91,56.41,57.68,58.72,60.11,59.44,57.08,61.1,60.8,57.29,60.36,62.94,61.41,59.95,57.14,58.81,"Big6Fre23[App5:2]; Big6Fre23[App5:2]; PrUrb21[rust:R]; PrUrb21[rust:MrMs]; YTNeo22[tall, sept]; YTNeo22[septoria]"
"39","2020-10001",93.98,60.14,124.7,167.55,38.14,1.39,1.58,0.56,1.22,98.4,108.47,65.1,83.66,88.49,99.32,81.35,100.19,85.35,115.04,89.46,89.83,101.03,127.99,75.78,95.23,89.07,102.71,101.39,68.93,104.76,63.37,57.89,53.34,62.34,55.04,62.24,57.87,60.24,59.52,61.51,60.88,59.3,61.1,62.72,58.4,61.59,64.26,62.28,60.62,58.51,60.33,"Big6Fre23[App5:4]; YTAddie23[plot dmg]; YTStp23[bad plot,]"
"40","2020-10026",92.08,59.06,124.49,166.24,38.57,0.99,1.23,0.53,3.54,96.15,104.87,67.81,82.2,88.62,97.7,80.62,96.62,84.3,113.72,89.39,85.47,98.36,124.75,73.86,95.85,85.53,98.73,97.79,67.14,99.37,61.72,57.65,52.57,60.95,53.7,60.91,56.77,57.29,58.84,61.1,60.19,57.47,60.7,61.15,57.54,61.27,62.37,61.29,60.09,57.16,59.23,"YTUrb22[Tall]"
"41","2020-10275",93.57,59.17,124.29,167.2,38.92,0.58,1.43,0.29,4.08,96.87,105.4,65.1,82.95,93.43,98.86,83.45,97.71,85.36,111.27,89.48,95.31,100.48,125.58,71.69,93.91,86.01,105.37,100.74,68.84,104.52,62.25,57.52,52.6,61.32,53.91,60.83,57.05,58.17,58.76,60.74,60.15,58.09,60.39,60.95,58.07,60.85,63.02,61.46,60.4,57.34,58.45,"Big6Fre23[App5:3]; Big6Laf23[pretty]; YTAddie23[bad plot, exclude]"
"42","2020-10322",97.77,58.71,125.31,166.49,37.73,0.52,1.64,0.68,3.01,98.51,107.87,73.88,86.47,96.75,106.91,91.4,104.05,88.6,115.43,89.78,89.91,104.7,132.11,68.9,99.06,95.29,107.54,110.17,74.04,115.47,60.79,57.15,52.34,60.45,52.87,59.95,57.13,58.48,58.31,60.02,59.76,57.87,60.01,60.5,56.94,60.4,62.71,60.52,59.77,57.09,58.64,"Big6Fre23[App5:3]; Big6Laf23[pretty]; YTUrb22[Leaning]"
"43","2020-10415",95.49,57.75,123.84,165.48,36.23,1.94,1.12,-0.4,3.36,99.09,108.87,67.52,84.88,91,104.99,85.04,101.19,86.33,110.69,89.55,96.01,102.12,131.21,68.37,97.75,92.51,107.61,102.62,70.5,107.81,59.51,56.93,51.55,59.87,52.4,59.27,55.96,56.91,57.64,59.27,59.08,55.44,59.28,58.87,56.35,59.32,60.98,61,58.94,55.7,57.01,"Big6Fre23[App5:3]; YTNeo22[clean]; YTUrb23[bad plot]"
"44","2020-10435",95.2,58.88,124.64,166.72,37.37,1.41,1.28,0.19,3.9,96.46,109.46,64.27,85.01,91.65,106.5,82.6,95.88,88.17,113.54,89.79,90.03,102.25,128.5,71.87,94.3,89.31,107.95,107.73,73.08,110.89,61.26,57.36,52.37,60.89,54.29,60.58,56.86,58.01,58.49,60.51,59.89,56.99,60.19,60.45,57.41,60.79,62.68,60.8,60.58,57,58.49,"Big6Fre23[App5:3]; YTAddie23[thick]; YTUrb22[Tall]"
"45","2020-10630",96.31,60.34,124.32,165.46,38.48,2.38,2.06,0.9,2.29,96.53,105.04,74.01,85.09,101.86,105.76,87.78,100.37,87.2,115.8,89.66,91.63,102.51,127.85,77.4,94.35,91.81,103.01,105.62,71.74,109.47,62.66,58.07,53.56,61.93,55,61.88,58.02,61.38,59.79,61.17,61.13,59.87,61.77,63.3,58.91,62.04,65.1,62.39,61.45,58.81,59.42,"Big6Fre23[App5:4]; YTBlv23[pct damage:2]; YTNeo22[tall]; YTNeo22[bad plot]; YTUrb22[Leaning]"
"46","2020-11134",96,59.95,126.08,167.42,38.92,0.42,4.21,0.63,2.83,97.09,108.78,70.79,85.45,95.47,108.95,86.67,98.21,88.44,114.25,89.81,88.67,101.43,124.84,73.43,96.34,89.51,105.32,108.91,73.53,111.5,61.94,57.46,53.23,61.55,55.53,61.49,58.34,61.71,59.11,61,60.57,60.52,60.76,62.22,57.93,61.16,63.84,61.32,60.41,58.61,59.81,"YTNeo22[tall]"
"47","2020-11426",95.57,58.78,124.23,165.29,39.83,1.52,2.22,0.73,2.65,97.7,107.54,68.09,84.94,94.67,102.56,87.23,102.66,86.1,111.55,89.53,97.56,101.84,126.91,73.93,95.98,91.19,105.57,103.04,70.15,108.6,60.72,57.04,52.32,60.73,54.06,60.34,57.26,59.01,58.22,59.66,59.69,57.98,59.69,60.2,56.83,60.69,62.25,60.97,59.86,57.14,58.48,"Big6Fre23[App5:4]; YTBlv23[pct damage:1 looks good, large heads, looks early]; YTNeo22[septoria, tall]; YTStp23[big heads,]; YTUrb22[Tall]; YTUrb23[ve, tall]"
"48","2020-11841",92.56,59.98,123.88,162.92,39.26,1.22,2.07,0.18,4.08,96.08,105.06,67.94,82.4,89.12,98.59,80.98,96.52,84.63,113.98,89.42,92.7,98.08,117.47,70.48,96.6,89.58,98.99,98.34,67.63,105.36,62.33,57.86,53.23,61.68,55.16,61.81,57.71,59.44,59.42,61.83,60.77,59.41,61.26,62.51,58.59,61.05,64.46,61.8,61.01,58.31,60.08,"YTNeo22[tall]"
"49","2020-12650",94.6,58.81,126.07,167.06,38.47,2.3,3.95,1.09,4.79,96.17,109.54,64.22,84.33,96.56,109.19,79.8,96.3,88,110.45,89.78,86.96,102.92,122.02,74.54,92.23,88.08,103.82,107.14,72.75,110.76,62.25,57.36,52.34,61.27,52.63,60.75,56.81,57.79,58.47,60.96,59.87,57,60.26,60.49,57.33,60.32,62.42,60.15,59.13,56.95,59.76,"Big6Fre23[App5:3]; Big6Laf23[pretty]; YTBlv23[pct damage:1 heavy BYDV]; YTNeo22[late, long heads, scab]; YTUrb22[Lodg]"
"50","2020-12665",93.3,59.33,124.95,165.37,38.49,1.21,3.94,-0.17,2.29,97.27,105.42,76.69,82.52,92.32,101.47,84.99,99.59,85.07,112.52,89.45,83.17,100.38,120.98,76.27,92.97,84.24,103.31,99.94,68.37,99.38,62.74,57.66,52.69,61.1,54.68,61.35,56.99,58.87,58.93,61.11,60.28,57.77,60.74,61.22,58.3,61.05,63,61.1,60.22,57.4,58.81,"Big6Fre23[App5:2]; YTAddie23[thick]; YTAddie23[thick]; YTNeo22[ve]; YTUrb22[Leaning]; YTUrb22[Leaning]"
"51","2020-13145",93.89,59.23,124.37,166.7,39.63,2.5,3.79,1.38,0.5,96.82,106.55,69.13,83.51,91.17,101.76,83.08,97.9,85.79,106.09,89.53,92.68,99.43,124.41,73.01,95.17,92.2,103.84,101.68,69.47,106.45,61.66,57.53,52.67,61.01,54.05,60.92,57.15,59.51,58.81,60.85,60.2,57.95,60.65,61.19,57.96,60.97,62.88,61.06,60.02,57.45,58.89,"YTNeo22[leaning]; YTUrb22[Leaning]; YTUrb23[mixed]"
"52","2020-1362",93.72,59.72,124.09,165.12,39.72,0.37,1.55,1.81,4.26,98.06,106.32,69.15,82.91,88.89,97.37,82.08,101.51,84.14,108.67,89.33,98.89,100.36,124.39,74.15,98.29,90.08,100.97,98.06,67.13,104.97,62.14,57.77,53.05,61.47,54.79,61.54,57.5,60.08,59.24,60.26,60.6,59.31,61.15,62.04,58.78,61.29,63.29,61.65,60.72,58.02,59.4,"YTBlv23[tall]; YTNeo22[tall]; YTUrb22[Tall]"
"53","2020-13902",96.59,58.76,123.49,166.58,39.01,0.96,3.02,0.23,3.54,98.03,112.56,71.17,84.49,95.23,106.28,82.94,108.27,85.73,109.51,89.45,98.24,103.02,132.08,74.2,99.93,92.9,105.43,102.23,69.78,108.78,61.48,57.1,52.3,60.33,54.04,60.81,57.12,58.97,58.25,59.51,59.71,57.95,59.96,60.03,56.67,60.53,62.01,60.55,59.81,57.05,58.62,"Big6Fre23[App5:3]; YTBlv23[pct damage:1]; YTUrb22[Leaning]"
"54","2020-14116",98.69,58.06,125.53,167.71,38.1,0.35,2.56,1.07,3.72,99.79,109.82,73.35,87.3,93.31,112.31,89.57,102.48,89.52,113.97,89.88,96.55,105.72,130.5,76.03,98.83,94.9,110.07,112.07,75.43,116.43,60.1,57.11,51.78,59.86,52.09,59.57,56.12,57.75,57.93,59.42,59.34,56.7,59.84,59.29,57.39,59.61,61.2,60.56,58.73,56.02,57.67,"Big6Fre23[App5:3]; YTNeo22[leaning, tall]"
"55","2020-1511",91.64,60.15,123.41,165.68,38.3,3.5,2.33,0.38,2.83,96.57,104.48,67.6,81.71,87.2,95.11,79.77,98.84,83.33,112.41,89.27,90.25,99.9,119.12,74.95,94.09,83.25,97.79,95.48,65.72,101.9,62.81,58.27,53.33,61.93,55.06,62.26,57.25,60.53,59.81,61.58,61.07,59.19,62.01,62.58,59.48,61.88,63.43,62.54,61.16,58.2,59.71,"YTAddie23[long tip awn]; YTNeo22[scab]; YTStp22[Mix]; YTUrb22[Leaning]"
"56","2020-15256",98.72,59.63,125.49,165.86,38.67,2.66,2.92,1.87,2.83,100.03,111.74,66.57,87.71,102.96,110.29,92.66,103.88,89.09,118.43,89.82,96.46,105.5,131.78,76.39,99.94,91.66,109.66,111.54,74.83,107.51,62.24,57.56,52.97,61.96,55.35,61.01,57.68,59.77,59.03,60.67,60.43,58.86,60.66,61.74,57.6,61.7,63.18,61.43,60.6,58.02,59.51,"Big6Fre23[App5:2]; YTNeo22[lodgo]; YTStp23[bad plot,]; YTUrb22[Leaning]; YTUrb22[Lodging]"
"57","2020-15403",92.66,61.23,126.02,167.37,38.32,1.41,2.01,0.58,2.83,94.7,105.74,68.22,83.45,92.54,104.97,82.8,92.75,87.01,105.57,89.71,81.77,100.93,118.19,70.59,91.28,88.43,101.72,103.87,71.08,106.61,63.4,58.36,54.16,62.8,57.06,63.25,58.7,63.87,60.39,61.75,61.71,61.06,62.34,64.26,59.39,62.77,65.98,62.82,62.02,59.77,61.07,NA
"58","2020-15429",91.74,60.07,124.95,166.06,37.43,0.6,2.35,1.07,2.47,94.63,104.45,67.28,82.31,89.96,100.61,80.7,92.37,85.4,105.92,89.54,84.7,98.36,120.32,73.52,92.93,84.29,98.33,99.59,68.63,107.51,62.76,58.25,53.29,61.89,54.99,62.2,57.22,60.41,59.77,61.28,61.03,58.76,62.04,62.72,59.01,61.78,63.6,62.16,60.42,58.15,60.6,"YTNeo22[ve, clean]; YTStp23[bad plot,]; YTUrb22[Leaning]"
"59","2020-15726",98.24,59.62,127.17,167.89,36.48,0.96,2.67,-0.27,0.32,96.56,112.2,70.9,87.15,97.83,120.96,86.31,96.46,91.1,111.68,90.09,95.38,103.98,127.8,71.38,95.94,95,108.02,114.52,77.57,117.14,61.91,57.34,52.99,61.41,55.06,61.13,58.08,60.21,58.86,61.16,60.33,60.33,60.46,61.68,57.15,61.03,63.29,61.23,59.64,58.23,59.74,"Big6Fre23[App5:3]; YTAddie23[late]; YTStp22[Mixed]; YTUrb22[Npt]"
"60","2020-1578",93.84,59.78,125.26,166.48,38.14,1.13,2.48,0.81,3.72,97.04,106.47,69.11,83.37,90.69,100.84,82.84,99.4,85.44,110.18,89.49,90.85,99.37,123.24,73.97,95.39,88.66,99.56,100.97,68.98,112.61,62.12,57.75,53.06,61.48,54.85,61.53,57.57,59.7,59.23,61.27,60.6,59.37,61.23,62.02,58.74,60.72,63.84,61.24,60.8,58.06,60.38,"YTUrb22[Npt]"
"61","2020-16022",93.57,58.91,123.83,167.02,38.73,1.13,2.21,0.43,1.04,98.58,106.28,69.2,82.71,88.06,95.74,81.76,103.75,83.53,112.23,89.25,92.81,100.28,126.24,75.81,96.28,91.26,102.87,96.56,66.26,102.83,61.71,57.72,52.45,60.85,53.34,60.83,56.44,58.16,58.82,60.66,60.14,57.45,60.94,60.9,57.74,60.76,61.75,61.71,59.16,56.88,58.61,"YTNeo22[sept]; YTStp23[bad plot,]; YTUrb22[Tall]; YTUrb23[seg]"
"62","2020-16035",95.81,58.86,123.89,166.16,38.96,1.91,2.32,1.48,2.29,96.44,107.42,77.43,84.23,93.61,102.49,90.34,101.3,86.22,114.31,89.55,96.61,102.74,125.17,72.96,97.24,92.29,104.05,103.21,70.29,105.11,61.64,57.46,52.43,60.86,53.35,60.86,56.8,57.3,58.61,60.24,59.99,57.67,60.47,60.75,57.42,60.54,62.04,61.2,59.97,57.03,58.88,"Big6Fre23[App5:3]; YTUrb22[Leaning]"
"63","2020-16102",93.48,59.43,123.99,166.82,38.87,2.05,2.06,0.74,3.54,98.15,105,71.1,82.57,87.39,95.34,82.99,101.83,83.69,110.01,89.28,97.2,100.17,121.24,72.99,97.48,92.99,103.46,96.59,66.45,104.36,62.95,57.76,52.82,61.54,54.3,61.49,57.08,58.26,59.09,60.44,60.43,58.71,61.07,61.38,57.95,61.24,63.01,61.66,60.09,57.58,59.3,"Big6Fre23[App5:3]; YTBlv23[pct damage:1]; YTNeo22[lodging]; YTUrb22[Tall]"
"64","2020-16118",94.81,59.84,124.33,166.78,39.24,0.55,2.48,1.48,3.72,97.42,107.3,69.77,84,91.88,102.71,84.04,98.83,86.13,112.07,89.55,93.31,101.45,125.56,71.95,96.09,94.98,101.51,102.42,70.06,109.35,62.38,57.98,53.11,61.61,54.77,61.78,57.3,59.96,59.44,61.02,60.76,58.97,61.56,62.1,58.52,61.34,63.66,62.04,61.07,57.99,59.76,"YTBlv23[pct damage:1]; YTStp23[, too tall]; YTUrb22[Leaning]"
"65","2020-16145",92.83,60.32,124.46,167.57,36.58,0.6,2.3,1.12,4.26,96.76,106.16,68.84,83.18,90.44,100.55,82.47,99.5,85.34,107.99,89.48,80.03,98.84,127.82,73.63,93.57,88.37,103.28,101.27,68.79,99.27,62.62,57.97,53.51,62.01,55.77,62.21,58.06,60.66,59.68,61.07,61.04,59.93,61.34,63.06,59.11,62.11,64.56,62.23,61.57,58.77,59.82,"YTBlv23[pct damage:15]"
"66","2020-16641",92.63,58.74,123.05,165.32,39.33,1.13,1.83,1.07,2.83,96.33,105.22,68.09,82.46,89.09,98.42,81.11,97.59,84.56,109.74,89.41,89.14,100.4,118.07,73.79,93.54,89.4,99.18,97.73,67.56,110.54,61.83,57.91,52.32,60.78,52.85,60.85,55.88,57.37,58.89,60.34,60.15,56.38,61.41,60.68,57.85,60.9,61.87,61.31,58.28,56.48,59.32,"YTNeo22[septoria]; YTUrb22[Leaning]"
"67","2020-17006",94.31,59.71,125.27,166,37.85,2.72,2.14,1.38,0.32,94.72,107.09,69.21,84.67,95.36,109.76,85.04,91.72,88.78,107.34,89.89,84.36,99.63,120.62,71.28,93.48,87.81,103.71,108.51,73.76,112.64,62.12,57.78,53,61.43,54.68,61.49,57.41,60.6,59.22,60.36,60.57,58.54,61.06,61.85,58.47,61.36,63.56,61.88,61.03,57.93,59.6,"YTStp23[, thick]; YTUrb22[Leaning]; YTUrb23[thick, bright]"
"68","2020-17017",93.6,60.12,125.49,167.49,36.84,2.25,1.49,-0.39,4.08,95.33,106.5,68.87,83.94,93.24,105.9,83.76,93.91,87.34,103.92,89.73,82.93,98.93,125.34,76.03,92.83,86.25,104.07,105.4,71.65,107.3,62.15,57.6,53.34,61.72,55.68,61.73,58.33,61.86,59.29,61.18,60.72,59.71,60.78,62.43,58.58,61.87,64.81,61.46,61.27,58.73,59.17,"YTBlv23[pct damage:1]; YTNeo22[scab]"
"69","2020-1761",95.53,59.7,124.48,167.46,35.81,0.98,1.69,1.27,3.36,96.51,108.01,70.14,84.94,94.69,107.87,85.67,96.09,88.05,109.2,89.78,89.92,101.09,124.08,74.86,94.72,92.5,104.55,107.08,72.87,114.25,62.29,57.93,53.04,61.52,54.62,61.65,57.23,59.72,59.35,60.93,60.67,59.11,61.5,62.08,58.96,61.13,63.41,61.78,60.61,57.88,58.53,"YTBlv23[pct damage:1]"
"70","2020-1847",93.55,59.79,125.03,167.3,38.89,0.49,2.03,-0.44,3.72,96.8,106.16,68.85,83.17,90.39,100.44,82.45,97.69,85.3,111.55,89.48,87.24,99.53,127.02,75.77,97.82,87.59,98.93,100.39,68.73,106.66,61.68,57.28,53.09,61.35,55.34,61.18,58.36,61.68,58.88,61.07,60.37,59.91,60.33,61.87,58.16,60.95,64.25,60.84,60.02,58.47,59.8,"YTAddie23[glume blotch]; YTNeo22[sept, tall]; YTNeo22[tall]"
"71","2020-1862",95.17,58.26,123.61,165.1,37.79,1.41,2.26,1.19,3.9,98.45,107.77,70.26,84.1,91.38,101.44,84.31,102.08,85.64,112.81,89.48,95.92,100.52,128.59,70.49,98.59,94.23,102.23,101.9,69.44,108.9,61.01,57.33,51.94,60.2,52.42,59.95,56.09,55.91,58.2,60.68,59.57,55.89,60.19,59.7,56.82,60.44,61.6,60.25,59.22,56.18,59.11,"YTNeo22[septoria]"
"72","2020-2010",93.19,59.24,124.32,164.9,37.11,0.46,1.38,0.91,0.5,99.1,104.42,73.06,82.16,92.87,87.07,82.12,102.84,82.18,109.33,89.11,94.71,100.71,126.23,78.24,96.11,86.84,103.56,92.67,64.22,106.25,61.23,57.66,52.76,61.15,53.77,60.08,57.13,58.89,58.97,60.39,60.34,58.74,61.11,61.53,57.7,61.08,63.24,61.65,59.26,57.55,59.48,"Big6Fre23[App5:3]; YTNeo22[ve]"
"73","2020-2032",92.91,58.36,123.52,165.48,35.71,0.86,1.89,1,0.32,97.02,105.41,68.34,82.42,88.5,97.13,81.09,98.67,84.07,110,89.34,92.16,98.49,126.04,74.44,94.96,91.08,100.77,97.24,66.9,103.43,60.92,57.18,52.02,60.23,52.74,59.91,56.46,57.14,58.13,60.23,59.55,57.12,59.9,59.87,56.85,59.95,61.03,60.97,59.34,56.43,58.44,"YTNeo22[septoria]; YTUrb22[Not, ve]"
"74","2020-2068",90.26,59,122.32,164.01,34.93,0.77,1.59,0.12,2.11,98.61,103.04,66.86,79.76,81.24,84.13,76.36,105.83,79.24,109.5,88.79,92.14,96.79,125.66,77.86,95.1,91.23,97.82,86,59.76,91.74,61.78,57.78,52.47,60.89,53.33,60.9,56.37,57.38,58.88,60.92,60.18,57.65,61.1,60.58,58.18,60.55,62.67,61.74,59.67,56.87,59.2,"YTNeo22[ve, septoria]; YTStp23[erect,]; YTUrb22[Npt, early]"
"75","2020-2101",90.16,58.83,122.01,164.78,36.8,0.23,1.32,0.17,2.29,97.8,102.9,68.08,80.04,78.74,84.71,79.23,103.81,80.15,105.83,88.9,88.45,99.45,126.11,78.4,93.88,88.15,98.13,88.32,61.07,93.07,62.03,57.78,52.45,60.56,51.27,60.46,56.34,57.44,58.87,60.1,60.17,57.69,61.05,60.81,58.31,61.03,62.26,61.89,59,56.83,58.8,"Big6Fre23[App5:3]; YTNeo22[ve, septoria]; YTUrb22[Npt, See down row]; YTUrb23[vve]"
"76","2020-2318",90.69,59.42,123,162.5,37.49,1.13,2.2,0.57,3.18,96.92,103.61,67.02,80.82,84.88,91.02,78.15,99.53,81.82,107.94,89.1,92.19,98.04,125.55,73.56,93.32,86.73,100.19,91.86,63.47,91.57,62.29,58.06,52.84,61.36,54.02,61.54,56.65,58.35,59.33,60.95,60.6,57.86,61.75,61.77,58.12,61.21,63.38,61.77,60.13,57.4,58.96,"YTNeo22[septoria]"
"77","2020-2334",92.83,58.68,123.04,162.17,39.09,1.66,3.77,1.02,3.36,99.28,106.05,69.11,82.29,95.95,89.59,75.54,102.18,82.82,110.99,89.18,90.84,101.26,128.04,74.55,99.21,85.04,103.05,94.76,65.16,100.6,60.34,57.44,52.28,60.03,54.1,60.53,56.55,58.64,58.5,59.72,59.87,57.09,60.57,60.5,57.24,60.5,62.47,61.11,59.74,56.75,57.77,"Big6Fre23[App5:2]; YTBlv23[pct damage:1]; YTNeo22[tall]; YTNeo22[leaning]; YTUrb22[Tall]"
"78","2020-2749",95.04,61.01,124.03,165.15,37,1.33,1.9,0.97,3.9,96.36,105.83,76.45,84.28,95.08,103.87,84.65,98.04,86.49,109.85,89.6,90.09,101.46,128.48,74.62,94.6,90,103.32,103,70.57,109.13,63.88,58.52,53.98,62.54,56.96,63.14,58.1,61.66,60.41,61.94,61.67,60.74,62.57,64.07,59.48,62.44,65.37,63.03,62.52,59.3,60.43,"Big6Fre23[App5:3]"
"79","2020-2770",92.43,61.14,124.71,166.34,37.65,1.66,2.15,0.85,4.08,96.36,105.3,68.15,82.52,89.22,98.64,81.24,97.5,84.64,108.31,89.42,93.67,99.24,119.31,72,95.97,84.15,102.24,98.77,67.68,102.45,63.52,58.53,54.08,62.78,56.72,63.3,58.29,61.89,60.48,62.36,61.75,60.87,62.48,64.23,60.65,62.79,65.38,62.64,62.3,59.49,60.89,"YTUrb22[Leaning]; YTUrb23[thick]"
"80","2020-2864",94.69,59.17,123.89,164.62,37.27,2.13,2.1,1.18,4.08,97.8,109.86,66.05,84.16,86.53,100.54,87.63,100.83,85.61,114.86,89.49,89.59,102.8,124.75,75.02,96.65,93.75,104.57,101.05,69.36,106.68,62.18,57.76,52.62,60.99,54.77,61.09,56.69,58.17,58.96,60.06,60.28,57.79,61.08,61.31,57.66,60.84,62.78,61.89,60.1,57.18,58.46,"Big6Fre23[App5:3]; YTBlv23[pct damage:5]; YTNeo22[septoria]; YTUrb22[Looks weak]; YTUrb22[Leaning]"
"81","2020-3205",95.57,58.02,122.87,164.59,35.86,2,1.95,0.2,2.65,98.23,108.03,70.42,84.41,92.24,103,84.85,101.05,86.22,108.76,89.55,94.93,101.62,131.47,76.73,94.75,94.27,100.23,103.44,70.29,113.14,61.06,57.49,51.75,60.06,51.78,59.87,55.45,56.67,58.2,59.11,59.51,55.67,60.53,59.39,57.67,59.74,60.53,61.09,59.27,55.67,57.4,"YTAddie23[glume blotch]; YTNeo22[septoria]; YTStp23[, thin]; YTUrb22[Looks weak]"
"82","2020-3234",94.71,58.58,123.98,165.66,36.57,0.33,2.03,-0.16,3.36,97.11,107.29,69.71,84.09,92.31,103.58,84.18,97.74,86.45,112.91,89.6,92.61,101.64,125.96,70.23,95.23,90.8,104.09,102.8,70.52,109.46,61.18,57.35,52.17,60.45,52.98,60.23,56.49,58.06,58.37,60.1,59.75,57.23,60.24,60.26,58,59.97,61.48,60.96,59.24,56.61,58.38,NA
"83","2020-3607",93.67,60.11,124.07,165.45,38.82,1.36,4.45,2.15,4.08,98.29,106.5,69.32,83,88.95,97.37,82.27,103.26,84.14,110.16,89.32,95.38,101.47,123.37,73.05,95.43,89.94,99.81,98.17,67.15,108.13,62.53,58.01,53.31,61.82,55.24,62.02,57.63,60.05,59.59,61.3,60.91,59.75,61.54,62.43,58.84,61.79,63.63,62.2,61.39,58.36,60.42,"YTAddie23[tall]; YTNeo22[lodging]; YTUrb22[Leaning]"
"84","2020-40034",96.16,59.34,124.62,166.74,38.53,1.44,2.14,0.63,3.54,99.85,106.47,62.85,84.87,96.91,107.38,84.1,104.59,86.72,111.2,89.58,100.72,102.58,125.14,75.13,97.35,91.4,105.68,105.2,71.16,111.71,62.54,57.52,52.7,60.66,54.56,61.63,57.23,59.13,58.83,60.36,60.22,58.23,60.61,61.18,57.83,60.85,63.13,61.33,60.39,57.53,59.48,"Big6Fre23[App5:3]; YTNeo22[leaning]; YTUrb22[Plot damage 5%]"
"85","2020-4907",93.81,58.81,124.64,166.2,38.63,1.58,3.19,0.8,3.01,96.51,106.49,69.04,83.56,91.51,102.46,83.15,96.57,86.05,107.78,89.57,91.29,100.51,126.13,75.29,95.59,87.67,99.72,102.49,69.84,106.61,61.47,57.51,52.38,60.7,53.34,60.58,56.62,56.92,58.62,60.38,59.98,57.15,60.49,60.85,57.17,60.27,62.98,61.41,60,56.89,58.8,"YTNeo22[tall]; YTUrb22[Leaning]"
"86","2020-4951",93.54,59.74,125.1,167.63,38.44,2.22,3.25,0.13,2.83,95.34,106.42,68.82,83.86,93.04,105.56,83.61,93.39,87.22,109.91,89.71,86.65,100.77,123.75,74.1,92.4,86.29,100.76,105.28,71.47,103.54,62.05,57.65,53.1,61.49,55.04,61.5,57.8,58.81,59.18,61.05,60.57,59.37,60.86,62.29,58.11,61.25,64.42,61.38,60.55,58.22,59.66,NA
"87","2020-5250",92.88,60.91,124.62,165.39,36.5,0.74,1.8,0.51,3.36,94.62,105.29,67.89,83.07,91.72,103.61,82.09,91.2,86.51,106.26,89.65,89.69,98.57,119.95,73.44,92.85,90.32,99.34,102.51,70.31,108.34,63.3,58.4,53.93,62.59,56.46,63.03,58.2,61.9,60.28,61.79,61.57,60.5,62.33,63.96,59.6,62.48,65.47,62.68,61.73,59.29,60.73,"YTBlv23[pct damage:]; YTNeo22[leaning]"
"88","2020-5369",89.33,58.56,122.94,162.28,38.56,0.71,1.71,0.15,3.54,94.58,102.11,65.58,80.19,85.11,92.39,76.82,92.94,82.37,101.77,89.21,85.55,95.89,120.93,71.21,94.34,86.36,96.52,91.67,64.02,97.42,61.73,57.89,52.2,60.66,52.57,60.7,55.69,56.31,58.8,60.07,60.05,55.99,61.17,60.66,57.94,60.63,61.84,61.58,58.19,56.26,58.87,"YTBlv23[pct damage:1]; YTNeo22[ve]"
"89","2020-5376",99.71,59.03,123.27,165.14,37.07,1.63,1.65,0.97,3.18,100.59,112.02,76.56,87.08,102.28,105.94,88.8,108.96,87.92,119.19,89.66,100.95,106.49,132,78.83,100.38,94.52,109.82,108.93,73.25,116.52,61.63,57.54,52.51,60.91,53.26,60.94,56.83,58.85,58.72,60.23,60.09,57.43,60.69,60.86,57.61,60.51,62.91,61.17,60.26,57.13,59.12,"Big6Fre23[App5:2]; YTNeo22[ve, clean]; YTUrb22[Mixed awns]; YTUrb23[thick, big heads]; YTUrb23[thick]"
"90","2020-5416",95.04,59.29,123.87,164.94,38.76,1.44,2.19,-0.31,3.01,98.72,107.59,70.17,83.85,90.6,100,83.87,102.34,85.1,114.54,89.42,97.83,101.02,132.7,76.87,95.5,89.17,103.46,101.03,68.66,103.11,61.83,57.67,52.71,61.1,54.04,61.08,57.01,58.71,58.95,60.65,60.3,57.82,60.72,61.37,58.67,61.06,63.34,61.45,60.02,57.43,58.96,"YTNeo22[sept]; YTUrb22[Tall, disease]"
"91","2020-5533",88.53,59.45,122.86,164.24,36.98,0.8,1.63,1.11,0.5,95.5,101.45,65.23,79.3,82.39,87.37,75.25,97.44,80.5,104.64,88.99,85.1,96.28,117.34,71.89,92.07,86.29,95.49,87.24,61.3,97.68,62.18,57.94,52.85,61.33,54.15,61.46,56.86,59.59,59.25,60.66,60.55,58.48,61.44,61.66,59.34,61.17,62.94,61.72,57.99,57.51,59.71,"YTBlv23[pct damage:1 mixed]; YTNeo22[sept]; YTUrb22[Tall]; YTUrb23[mixed]"
"92","2020-5545",90.04,59.53,122.93,161.68,37.85,1.02,2.01,0.39,3.9,95.85,102.92,66.36,80.53,84.98,91.65,77.54,97.17,82.07,104.23,89.15,88.15,97.03,119.29,72.37,94.99,85.35,99.88,91.47,63.72,98.11,61.87,57.6,52.89,61.26,54.55,61.22,57.47,59.9,59.01,61.11,60.4,58.9,60.8,61.77,57.7,60.98,62.32,61.49,60.5,57.84,60.29,"YTUrb22[Leaf rust, stripe rust]; YTUrb23[vve]"
"93","2020-571",93.52,59.62,124.41,165.94,41.15,1.77,3.97,1.11,2.47,96.02,106.44,68.93,83.67,92.1,103.68,83.31,95.98,86.51,108.29,89.62,86.22,100.47,122.43,72.56,94.74,87.22,102.97,103.19,70.48,106.62,62.32,58.01,52.96,61.47,54.37,61.64,56.96,58.83,59.37,61.42,60.67,58.14,61.46,61.91,58.58,61.51,63.46,61.92,60.41,57.67,59.52,"YTAddie23[tall]; YTUrb22[Leaning, too tall]"
"94","2020-6010",95.86,59.34,124.71,167.77,38.63,3.97,2.23,0.22,3.54,98.85,108.28,70.69,84.44,91.87,102.1,84.96,102.64,85.88,119.24,89.5,92.73,103.06,130.82,75.26,95.79,93.86,100.67,102.34,69.85,111.14,61.71,57.52,52.76,61.1,54.31,61.02,57.37,59.54,58.86,60.69,60.26,58.36,60.48,61.49,57.88,61.22,62.53,61.43,60.75,57.66,58.78,"YTNeo22[tall]; YTUrb22[Thin]"
"95","2020-6205",97,59.56,124.49,165.45,37.08,1.63,1.3,0.18,2.11,101.93,111.99,75.27,84.19,93.62,99.95,76.69,106.19,85.29,116.11,89.4,106.39,103.59,131.09,77.42,100.02,97.41,104.57,102.43,69.17,106.87,61.48,57.83,52.93,60.63,55.49,61.35,57.19,58.39,59.21,60.92,60.54,58.76,61.17,61.88,58.05,61.4,63.5,61.9,60.81,57.75,59.71,"Big6Fre23[App5:2]; YTBlv23[pct damage:1]; YTNeo22[septoria]; YTUrb22[Looks weak]"
"96","2020-6254",96.55,59.17,124.71,166.64,34.75,1.6,2.07,0.69,3.18,95,109.01,63.22,85.87,96.58,112.95,88.2,94.75,89.72,112.53,89.96,91.9,102.58,124.61,74,97.02,88.35,107.39,110.71,75.38,120.13,60.58,57.72,52.69,61.01,53.5,61.06,56.89,58.47,58.98,60.31,60.32,58.34,61.08,61.23,58.17,61.06,62.76,61.7,60.14,57.35,58.87,"Big6Fre23[App5:3]; YTBlv23[mixed]; YTNeo22[very mixed]; YTStp23[mixed,]; YTUrb22[Not, mixed]; YTUrb23[mixed]; YTUrb23[mixed]"
"97","2020-6415",93.93,60.28,123.93,165.71,38.19,0.63,1.99,1.45,3.01,97.38,106.95,69.5,83.7,91.21,101.59,83.48,99.83,85.72,112.65,89.51,88.99,101.27,126.23,72.1,95.39,87.38,103.31,101.93,69.43,102.97,62.75,58.15,53.44,62,55.44,62.28,57.66,61.27,59.78,61.18,61.08,59.31,61.86,62.93,58.98,61.64,64.51,62.38,61.48,58.51,59.98,"YTNeo22[tall]; YTUrb22[Tall]"
"98","2020-6435",97.75,58.84,123.27,165.69,36.8,1.88,2.27,1.41,2.29,100.66,111.61,63.16,85.7,90.2,108.26,91.52,106.14,87.22,119.74,89.61,94.66,104.12,132.98,72.93,100.09,97.44,106.99,105.51,72.05,115.83,60.7,57.62,52.42,60.13,52.94,61.29,56.54,57.54,58.72,60.65,60.06,57.13,60.73,60.84,56.92,60.75,62.88,61.51,60.19,56.89,58.72,"Big6Fre23[App5:3]; YTBlv23[pct damage:1]; YTNeo22[sept]"
"99","2020-6633",95.35,60.08,124.14,166.23,38.81,3.27,2.33,-0.22,3.54,98.83,107.62,70.21,83.85,90.52,99.82,83.87,102.13,85.03,114.71,89.41,100.84,101.62,130.96,77.52,97.96,91.41,99.63,100.7,68.57,107.35,62.58,58.04,53.34,61.86,55.28,62.08,57.63,60.35,59.63,60.68,60.95,59.63,61.7,62.93,59.28,61.27,64.27,61.94,61.4,58.39,58.99,"YTAddie23[plot dmg]; YTAddie23[plot dmg]; YTBlv23[long tip awn, big heads]; YTNeo22[ve, tall]; YTNeo22[tall]"
"100","2020-7021",92.84,59.12,124.68,166.45,39.73,1.05,2.65,1.15,2.83,96.88,108.05,64.34,83.43,89.99,97.67,84.76,97.48,84.84,107.51,89.44,84.31,99.9,122.5,75.41,95.65,84.91,101.1,98.18,68,111.75,61.39,57.42,52.56,60.81,54.64,60.4,57.13,59.59,58.66,59.87,60.06,58.08,60.52,60.72,57.79,60.96,63.44,61.21,59.9,57.33,58.56,"Big6Fre23[App5:3]; Big6Laf23[pretty]; YTAddie23[tall, tip awn]; YTBlv23[very tall]; YTNeo22[tall]; YTStp23[, tall]; YTUrb22[Lodging]"
"101","2020-7024",92.44,60.34,125.91,165.46,38.44,0.4,4.98,1.24,4.08,95.58,105.33,68.06,82.8,90.42,100.99,81.68,94.32,85.53,108.64,89.53,87.72,99.23,123.46,73.33,95.25,89.55,100.24,101.16,68.93,95.32,62.94,58.28,53.53,62.14,55.55,62.49,57.62,59.96,59.94,60.7,61.22,59.72,62.07,63.23,59.36,62.02,64.77,62.48,61.87,58.59,59.58,"YTNeo22[lodging]; YTNeo22[leaning, clean]; YTUrb22[Leaning]"
"102","2020-7035",92.32,58.67,123.49,164.84,38.44,1.38,3.26,0.21,2.11,96.51,105.05,68,82.25,88.48,97.32,80.75,97.45,84.15,105.48,89.36,93.69,99.57,123.68,70.97,93.8,89.6,100.13,97.15,66.96,103.85,61.21,57.33,52.24,60.51,53.16,60.29,56.65,58.23,58.39,59.59,59.79,57.57,60.27,60.21,57.55,60.23,61.81,61.16,60.21,56.76,58.18,"YTNeo22[ve]; YTUrb22[Leaning]; YTUrb23[seg]"
"103","2020-7369",95.12,59.37,125.15,164.99,38.08,1.52,2.98,0.55,3.72,96.31,107.89,70.03,84.89,94.71,107.99,85.57,95.25,88.1,108.58,89.79,89.28,101.19,127,71.6,97.31,90.37,101.85,107.6,72.92,109.32,61.82,57.61,52.79,61.16,54.29,61.12,57.26,58.85,58.95,60.61,60.33,58.28,60.89,61.38,57.7,61.09,63.95,61.15,60.38,57.63,59.33,"YTNeo22[ve]; YTUrb22[Ve]; YTUrb22[Leaning]; YTUrb23[mixed]"
"104","2020-7719",95.09,58.84,123.97,166.36,38.24,1.5,2.44,0.65,1.22,99.21,103.45,70.31,84.18,92.82,101.02,85.51,102.18,85.51,111.15,89.47,94.59,101.59,126.83,75.65,95.24,94.6,105.15,101.52,69.25,107.44,61.62,57.43,52.4,60.8,52.18,60.29,56.81,58.74,58.57,60.22,59.96,57.37,60.31,60.73,57.57,60.6,62.22,61.37,60.11,57.01,58.54,"Big6Fre23[App5:3]; YTUrb22[Leaning]; YTUrb22[Looks weak]"
"105","2020-7737",95.27,58.98,123.8,165.15,37.93,2.08,2.65,0.77,3.54,98.93,107.94,75.63,83.81,87.72,98.76,84.43,101.57,85.2,107.23,89.43,99.62,101.6,124.78,76.29,98.48,94.04,102.53,100.6,68.78,113.54,62.15,57.54,52.48,60.49,53.41,60.72,56.77,57.92,58.7,59.77,60.07,57.89,60.69,60.74,57.68,60.82,62.59,61.25,60.15,57.07,59.31,"Big6Fre23[App5:3]; YTNeo22[septoria]; YTUrb22[Lodging]"
"106","2020-7877",92.71,58.42,123,164.71,36.67,0.8,2.77,0.95,2.29,98.73,105.36,68.56,81.82,85.91,92.03,80.15,104.06,82.16,106.82,89.1,99.89,99.5,130.44,75.02,95.34,93.37,95.57,93.75,64.19,101.08,61.05,57.29,52.06,60.31,52.75,60.06,56.37,56.56,58.25,59.33,59.64,57.04,60.16,59.96,57.05,60.03,61.69,60.95,60.14,56.44,58.74,"YTNeo22[early, septoria]; YTUrb22[Disease]"
"107","2020-7917",93.88,59.8,123.09,163.11,38.35,0.77,2.19,0.8,3.36,100.41,107.03,66.22,82.78,87,93.98,78.92,105.8,83.34,113.13,89.21,96.56,102.48,129.64,77.05,95.02,90.4,101.65,97.01,66.08,105.22,63.05,57.98,53.08,61.31,55.55,61.55,57.24,59.05,59.42,60.82,60.74,59.32,61.52,62.15,58.24,61.23,63.78,62.3,60.75,57.94,59.26,"Big6Fre23[App5:3]; YTNeo22[ve, tall]; YTNeo22[septoria]; YTUrb22[Leaning]"
"108","2020-8754",96.42,59.58,125.54,167.09,37.39,2.47,1.9,0.65,2.29,95.88,108.69,70.54,85.75,97.02,112.09,87.12,92.87,89.62,108.04,89.96,91.01,101.72,124.69,71.29,94.37,97.69,106.08,110.28,75.17,117.3,61.91,57.62,52.94,61.31,54.66,61.29,57.54,59.74,59.05,60.52,60.44,58.95,60.8,61.77,58.01,61.11,63.53,61.63,60.73,57.92,59.39,"YTUrb22[Npt]; YTUrb23[seg]"
"109","2020-9168",91.68,59.37,123.12,164.57,38.54,0.8,2.06,0.65,3.36,97.25,104.61,67.79,81.62,86.5,93.63,79.65,100.65,82.78,108.9,89.2,93.67,99.54,123.21,75.55,94.83,89.58,94.71,95.28,64.96,95.65,62.13,57.94,52.76,61.24,53.93,61.36,56.69,58.25,59.19,61.09,60.48,57.8,61.35,61.36,59,61.26,63.28,61.54,60.17,57.33,59.05,"YTBlv23[pct damage:1]; YTNeo22[septoria]; YTNeo22[lodg]; YTStp23[, tall]"
"110","2020-9801",94.63,59.37,124.07,166.13,37.39,3.58,1.8,0.84,3.9,97.07,109.5,66.02,84.48,93.24,106.53,81.69,100.32,86.32,110.78,89.57,86.32,102.19,128.18,74.85,96.72,90.43,105.93,102.47,70.39,103.08,63.04,57.58,52.73,61.65,54.37,61.55,57.19,59.41,58.89,60.9,60.27,58.22,60.65,61.01,57.92,60.87,63.43,61.43,58.97,57.53,58.88,"Big6Fre23[App5:3]; YTNeo22[disease]"
"111","2020-9828",91.49,59.53,123.55,164.43,37.03,1.46,1.9,1.11,3.18,96.56,104.27,67.44,81.52,86.77,94.4,79.42,98.09,83.07,109.11,89.25,91.76,98.79,124.24,73.38,93.76,82.71,100.08,94.41,65.32,101.14,62.27,57.99,52.91,61.41,54.25,61.57,56.88,58.46,59.33,60.9,60.62,58.5,61.47,61.85,58.82,61.12,63.49,62.08,59.93,57.58,59.04,"YTNeo22[septoria]; YTStp23[bad plot,]"
"112","2020-9856",96.3,59.37,124.93,167.08,37.39,2.44,2.71,1.15,3.72,97.62,109.1,71.1,85.58,95.38,108.58,86.94,99.64,88.29,114.51,89.78,89.64,103.22,125.77,69.35,94.62,93.07,105.08,108.08,73.36,115.32,61.74,57.54,52.76,61.11,54.29,61.04,57.32,58.67,58.88,61.29,60.28,58.19,60.69,61.31,57.22,60.94,63.67,61.26,60.39,57.63,60.2,"YTNeo22[septoria]"
"113","2020-9945",97.25,59.25,125.73,168.28,33.69,0.7,1.56,0.8,2.47,96.79,110.35,64.08,85.61,101.58,112.83,88.81,95.69,89.83,116.34,89.96,93.73,103.11,122.4,72.07,96.45,93.08,105.47,111.45,75.59,120.53,59.95,57.55,52.73,60.22,55.12,60.94,57.24,58.59,58.87,61.46,60.25,58.39,60.88,61.36,57.4,60.88,63.34,61.45,60.31,57.56,59.22,"Big6Fre23[App5:3]; Big6Laf23[pretty]; YTBlv23[pct damage: short]; YTNeo22[npt, mixed]; YTUrb22[Short]; YTUrb23[npt]"
"114","25R76",101.11,59.27,125.7,172.53,37.15,NA,1.62,-0.22,2.11,100.97,115.16,75.59,88.36,95.34,112.35,94.5,105.62,90.25,123.82,89.92,95.89,107.46,138.08,74.67,100.23,98.31,110.15,113.87,76.72,125.21,61.73,57.54,52.76,61.11,53.12,60.8,57.32,60.39,58.88,60.16,60.27,58.42,60.71,61.52,57.82,61.02,63.17,61.38,60.5,57.63,57.81,NA
"115","AgriMAXX503",100.8,59.25,127.39,168.27,37.29,NA,2.26,-0.13,3.9,99.72,113.43,74.56,88.84,101.41,117.96,93.1,102.73,91.72,113.45,90.1,90.98,107.16,136.58,73.64,99.66,101.88,110.47,117.6,78.81,121.71,61.69,57.52,52.73,61.06,54.22,60.98,57.29,59.33,58.84,60.21,60.24,58.55,60.67,61.38,57.78,60.98,63.22,61.35,59.63,57.58,58.49,NA
"116","FILL",96.53,59.1,NA,NA,41.97,NA,NA,NA,NA,97.04,109.31,71.17,85.95,93.52,110.99,87.58,97.28,89.19,112.01,89.89,81.4,102.97,126.67,72.51,96.64,100.54,105.56,109.97,74.66,114.38,61.79,57.68,52.64,61.03,51.72,61.01,56.86,58.57,58.91,60.49,60.25,57.93,60.88,61.18,57.93,60.94,63.14,61.48,60.12,57.28,59.03,NA
"117","IL16LCSDH-01-T-863-10",95.29,61.15,129.14,169.5,39.13,1.41,2.38,0.68,3.54,95.58,107.9,69.92,85.13,95.8,110.16,85.96,94.05,85.53,107.92,89.89,85.1,100.47,120.77,67.03,97.77,89.99,103.49,108.53,80.89,119.56,62.68,57.62,54.16,62.56,57.73,62.66,59.88,66.32,59.62,60.97,61.33,63.22,61.26,64.09,58.84,62.59,64.88,61.91,60.84,61.14,59.71,"YTNeo22[late, scab]; YTStp23[, purple anthers]"
"118","IL16LCSDH-01-T-863-32",93.91,60.76,127.66,171.8,33.56,0.91,1.26,0.14,4.26,98.02,107.45,69.97,83.95,91.34,101.56,84,100.66,79.95,106.52,89.49,90.63,101.74,129.63,71.24,99.44,90.49,105.47,102.19,61.33,104.5,62.74,57.85,53.89,62.36,56.85,62.55,58.99,62.38,59.48,61.22,61.26,62.03,61.42,63.74,58.93,62.39,65.49,62.1,61.74,58.85,59.85,"YTNeo22[npt, late]; YTStp22[Npt]; YTUrb22[Npt]; YTUrb23[npt, late]"
"119","IL16LCSDH-01-T-863-5",94.72,60.54,125.52,168.66,35.08,2.91,0.7,-0.48,4.26,95.88,107.67,69.81,84.83,94.89,108.47,85.43,94.38,84.42,114.11,89.82,86.87,100.77,120.51,68.08,96.95,90.13,106.6,107.3,69.67,111.84,62.26,57.48,53.71,62.05,56.74,62.04,59.25,62.03,59.3,61.3,60.93,61.35,60.5,63.5,58.06,61.91,65.79,61.67,62.29,58.67,60,"YTAddie23[npt]; YTNeo22[scab, late, thin]; YTUrb22[Npt]; YTUrb22[Npt]"
"120","IL16LCSDH-01-T-863-58",97.3,61.62,125.33,166.78,38.36,1.22,2.04,1.05,3.9,98.37,109.67,71.63,85.85,95.47,108.43,87.51,100.99,87.51,116.07,89.76,90.51,104.52,125.35,72.52,98.52,89.53,107.71,106.93,76.22,123.62,63.7,58.43,54.52,63.2,57.91,63.71,59.28,63.43,60.67,62.21,62.01,62.76,62.58,65.17,59.65,63.07,66.97,62.73,63.22,59.27,60.68,"YTAddie23[tip awn]; YTNeo22[leaning]; YTStp23[bad plot,]"
"121","IL16LCSDH-01-T-863-6",92.01,61.38,124.53,166.48,38.83,0.96,3.77,0.32,3.9,94.7,104.72,67.49,82.53,90.42,101.38,81.11,92.48,86.49,107.53,89.56,84.14,97.68,116.57,71.69,97.26,85.97,101.95,100.01,67.04,106.79,63.72,58.58,54.32,63.04,57.26,63.61,58.65,63.7,60.63,62.09,61.95,61.41,62.66,64.75,60.16,63.3,66.24,63.19,61.87,59.45,59.77,"YTNeo22[early, clean]; YTNeo22[tall, clean]; YTStp22[Tall]; YTStp23[, tall]; YTUrb22[Lodging]"
"122","IL16LCSDH-01-T-863-63",96.91,59.53,126.79,167.98,36.49,2.58,4.97,0.75,3.72,99.13,110.41,72.28,86.28,95.92,108.88,88.36,102.92,79.71,118.33,89.76,94.3,105.39,128.38,71.88,96.2,94.42,107.86,109.76,62.83,114.23,61.6,57.32,52.91,61.19,54.87,61.02,57.97,59.75,58.56,61.13,60.26,59.79,60.34,61.46,57.98,61.02,63.83,61.05,59.23,58.14,59.83,"YTNeo22[leaning]; YTUrb22[Leaning]"
"123","IL16LCSDH-01-T-863-72",95.21,59.08,124.23,167.18,36.51,0.86,2.55,1.29,4.08,99.32,107.99,70.56,84.03,90.58,99.72,84.24,104.43,82.34,113.87,89.39,96.8,102.02,131.44,69.05,97.9,93.31,103.31,100.13,67.56,111.23,61.57,57.47,52.62,60.93,53.99,60.81,57.16,58.29,58.6,59.55,60.13,58.51,60.48,61.33,57.12,60.93,62.21,61.65,60.11,57.66,58.81,"YTBlv23[pct damage: looks good, bright]; YTNeo22[sept]; YTUrb22[Leaning]"
"124","IL16LCSDH-02-T-864-29",93.64,58.76,123.8,165.26,37.94,1.8,1.9,0.9,3.54,97.71,106.62,69.32,83.3,90.04,99.47,82.77,99.97,84.28,109.94,89.42,96.12,101.85,125.76,73.47,94.12,95.87,100.77,100.18,60.07,102.88,61.22,57.32,52.28,60.54,53.27,60.32,56.74,57.43,58.54,60.69,59.81,57.23,60.3,60.15,57.16,60.32,62.76,60.57,60.2,56.84,59.48,"YTBlv23[pct damage:1]; YTNeo22[ve, clean, leaning]; YTStp23[, thick]"
"125","IL16LCSDH-02-T-864-38",94.65,59.01,123.6,163.91,37,0.88,2.58,1.1,3.72,96.99,107.41,69.78,84.24,92.74,104.36,84.44,97.82,87.11,111.6,89.63,93.47,100.02,125.54,64.54,100.37,91.13,100.94,104.13,71.88,108.72,61.49,57.46,52.49,60.81,53.68,60.67,56.92,57.85,58.62,60.04,60.04,58.04,60.31,60.77,58.67,60.66,62.57,61.3,60.1,57.3,59,"YTBlv23[pct damage:2]; YTNeo22[ve, septoria]; YTNeo22[ve, clean]; YTUrb22[Leaning]"
"126","IL16LCSDH-02-T-864-5",92.42,59.07,123.12,163,38.27,2.02,2.31,NA,3.9,98.3,105.2,68.37,81.81,86.2,92.7,80.1,103.35,85.47,109.86,89.14,95.23,99.89,125.77,70.03,97.21,90.4,98.7,93.36,63.54,101.54,61.6,57.52,52.57,60.9,53.82,60.81,56.98,58.84,58.92,60.39,60.12,58.52,60.73,60.99,57.17,60.64,62.05,61.49,60.09,56.87,58.94,"YTNeo22[leaning]; YTNeo22[leaning]; YTUrb22[Ve]"
"127","IL16LCSDH-02-T-864-54",94.87,58.66,123.68,164.99,35.87,1.35,2.87,0.53,3.9,99.63,108.3,70.83,84.21,90.77,99.91,84.6,106.26,84.18,114.79,89.39,93.36,103.66,131.57,70.91,96.14,89.68,104.78,101.39,64.07,102.66,61.28,57.4,52.27,60.56,53.17,60.37,56.6,57.9,58.27,59.82,59.84,57.35,60.37,60.32,56.44,60.61,62.12,61.56,59.93,56.1,58.77,"YTNeo22[leaning]; YTUrb22[Disease]"
"128","IL16LCSDH-02-T-864-59",97.37,59.79,124.55,164.81,37.65,1.22,2.41,1.31,3.9,98.26,110.28,72.05,86.44,96.91,110.92,88.58,100.49,89.79,115.11,89.86,89.54,103.46,130.36,74.93,97.71,93.67,106.5,111.33,70.99,110.79,62.3,57.9,53.12,61.59,54.86,61.72,57.44,59.58,59.08,60.81,60.72,58.78,61.3,62.32,58.53,61.77,63.58,61.69,61.18,57.81,59.78,"YTNeo22[leaning]; YTUrb22[Npt]"
"129","IL16LCSDH-02-T-864-6",92.41,59.92,124.16,164.57,36.68,0.43,1.8,NA,4.08,97.24,105.33,68.31,82.27,88.01,96.2,80.85,99.88,83.32,109.36,89.3,90.04,100.18,124.52,72.61,95.66,88.05,100.97,96.29,64.68,103.13,62.32,57.85,53.22,61.67,55.15,61.79,57.7,59.82,59.51,61,60.76,59.75,61.37,62.37,57.84,61.73,63.34,61.86,61.5,58.29,59.58,"YTBlv23[pct damage:1]; YTNeo22[sept, ve]; YTUrb22[Too tall]"
"130","IL16LCSDH-02-T-864-63",93.67,58.74,123.41,163.82,37.21,0.94,2.78,1.34,3.72,97.31,106.95,69.5,83.72,91.31,101.79,83.51,98.84,86.48,112.48,89.52,90.64,100.76,126.91,73.46,96.1,93.64,104.38,102.87,60.63,93.68,61.46,57.54,52.32,60.66,53.17,60.54,56.46,57.39,58.73,60.35,59.95,57.57,60.82,60.43,56.92,60.37,62.12,61.19,60.24,56.46,58.46,"YTBlv23[looks good, early, bright]; YTNeo22[leaning]; YTNeo22[leaning]"
"131","IL16LCSDH-03-T-865-28",90.76,58.81,122.17,167.05,35.68,1.91,1.24,1.08,3.54,96.38,103.89,67.14,81.24,86.25,93.57,78.89,98.03,82.77,105.52,89.22,92.41,97.59,120.62,72.38,94.57,89.33,101.94,94.15,57.94,95.12,61.42,57.5,52.31,60.64,53.2,60.51,56.52,57.44,58.57,60.62,59.93,57.44,60.68,60.18,57.72,60.28,62.72,60.98,60.59,56.78,58.56,"YTBlv23[mixed, discard plot]; YTUrb22[Mix]; YTUrb22[Mix]; YTUrb23[mixed]"
"132","IL16LCSDH-03-T-865-39",89.97,60,124.16,167.18,36.82,1.27,2.26,-0.39,1.04,95.61,103.62,66.83,81.24,86.79,94.82,78.82,96.19,83.64,105.89,89.28,87.32,97.68,123.1,68.97,93.81,82.13,99.02,95.34,54.31,96.41,62.18,57.66,53.31,61.7,55.55,61.73,58.18,60.64,59.38,60.5,60.73,60.29,60.99,62.56,57.87,61.68,64.32,61.8,61.08,58.62,58.98,"YTStp22[Npt]; YTUrb22[Looks good]; YTUrb23[npt]"
"133","IL16LCSDH-03-T-865-46",90.75,60.22,122.57,163.9,35.13,1.8,1.78,1.1,1.22,96.34,104.38,67.49,81.7,87.33,95.42,79.72,96.44,78.9,109.94,89.29,92.84,100.28,122.27,70.38,95.65,91.61,100.77,96.54,54.4,86.74,62.75,58.15,53.44,62,55.44,62.28,57.65,59.32,59.6,61.39,61.08,59.47,61.78,62.93,58.19,62.25,64.31,62.41,62.46,58.51,59.77,"YTNeo22[septoria]; YTUrb22[Npt]; YTUrb23[beautiful , see down row]; YTUrb23[nice appearance]"
"134","IL16LCSDH-04-T-2659-20",98.92,60.66,126.83,167.4,37.28,0.91,2.01,0.82,1.4,97.49,110.83,72.33,87.18,99.18,115.1,89.88,98.08,91.81,113.53,90.04,91.41,102.37,131.03,70.37,94.87,93.37,106.55,114.02,92.72,121.47,62.56,57.76,53.75,62.19,56.58,62.31,58.88,62,59.61,61,61.1,61.24,61.16,63.47,58.67,61.89,65.18,61.99,62.88,59.66,60.06,"YTBlv23[pct damage:1]"
"135","IL16LCSDH-04-T-2659-207",98.83,60.89,126.68,167.56,39.49,3.64,2.04,1.04,4.08,97.54,110.63,72.2,86.99,98.7,114.25,89.53,97.9,91.45,114.24,90.01,91.43,105.39,125.38,72.53,97.66,96.96,103.65,113.08,94.48,117.46,62.99,58.06,53.97,62.51,56.86,62.8,58.82,61.64,59.88,61.74,61.42,61.56,61.94,64.05,58.68,62.28,65.76,62.01,62.2,60.14,59.96,"YTAddie23[bad plot]; YTUrb22[Leaning]"
"136","IL16LCSDH-04-T-2659-212",97.28,60.34,126.41,166.97,37.28,1.63,2.14,0.2,4.79,97.52,110.23,71.9,86.63,97.88,112.88,88.87,97.55,84.6,111.6,89.95,90.07,103.36,131.18,70.24,97,95.7,107.78,112.67,76.3,112.05,62.64,57.98,53.53,62.04,55.83,62.24,58.11,60.2,59.14,61.45,61.06,59.88,61.38,63.11,59,62.31,64.9,62.15,61.92,58.93,59.66,"YTNeo22[npt]; YTUrb22[Too tall]; YTUrb23[thick]"
"137","IL16LCSDH-04-T-2659-216",99.36,60.11,125.67,166.49,36.13,2.1,1.64,-0.17,2.47,99.36,111.59,73.17,87.28,98.07,112.43,90.21,102.54,89.98,106.65,89.89,92.28,106.4,135.71,75.63,97.23,97.3,108.94,111.47,84.36,122.74,62.46,57.9,53.36,61.83,55.45,61.99,57.88,59.7,59.93,60.89,60.89,59.85,61.28,62.79,58.5,61.91,63.81,61.93,61.67,58.75,59.75,"YTNeo22[npt]; YTUrb22[Npt]"
"138","IL16LCSDH-04-T-2659-225",97.53,60.12,124.77,165.54,37.42,1.8,2.22,0.95,2.29,97.61,109.36,71.29,85.81,95.93,109.51,87.38,98.41,91.25,112.24,89.82,93.61,103.42,128.93,72.18,94.44,94.91,105.08,108.33,87.95,114.78,62.53,57.98,53.35,61.85,55.36,62.04,57.75,60.66,59.53,60.95,60.93,59.16,61.51,62.6,58.58,62.27,64.17,61.88,62,58.88,58.94,"YTAddie23[erect]; YTAddie23[see down row]; YTBlv23[pct damage:2]; YTNeo22[clean, thick]; YTNeo22[clean, npt]; YTStp23[, uniform]; YTUrb22[Looks weak]"
"139","IL16LCSDH-04-T-2659-232",98.37,59.54,126.56,168.18,37.08,1.97,2.69,0.1,4.97,96.29,111,72.28,87.73,101.28,119.17,90.77,93.55,95.67,113.68,90.23,89.65,103.54,127.34,68.72,96.62,95.05,107.14,117.9,75.91,117.58,61.58,57.28,52.94,61.2,54.97,61.02,58.08,58.38,58.89,61.14,60.26,59.49,60.33,61.64,56.91,61.3,64.1,60.53,61.05,59,59.24,"YTAddie23[glume  blotch]; YTBlv23[glume blotch]; YTNeo22[sea of heads, late]; YTStp22[Npt]; YTUrb23[thick]; YTUrb23[npt]"
"140","IL16LCSDH-04-T-2659-3",101.86,59.43,125.33,166.93,36.92,2.91,1.29,-0.01,4.26,100.87,114.29,75.35,89.25,101.53,117.69,93.95,105.99,93.64,112.99,90.07,102.13,108.89,134.74,73.72,100.66,99.5,110.04,117.9,80.48,125.66,61.92,57.68,52.85,61.24,54.37,61.24,57.25,58.64,59.09,60.07,60.41,59.36,61.01,61.53,58.16,60.85,63.16,61.86,60.8,57.81,58.59,"YTBlv23[pct damage:1]; YTNeo22[late, npt]; YTUrb22[Npt]; YTUrb22[Leaf rust]"
"141","IL16LCSDH-04-T-2659-8",95.73,59.94,125.77,165.84,38.45,2.1,2.39,0.2,3.01,96.11,107.6,69.79,84.7,94.42,107.58,85.2,95.79,85.63,106.81,89.78,93.61,98.58,124.38,74.45,93.37,86.53,104.25,107.08,92.56,113.52,62.35,57.88,53.22,61.68,55.12,61.81,57.65,60.7,59.18,59.96,60.78,59.14,61.25,62.56,58.81,61.83,63.23,62.02,61.41,58.78,59.5,"YTNeo22[ve, clean]; YTNeo22[clean, looks good]"
"142","IL16LCSDH-05-T-2660-3",91,60.76,123.53,166.15,35.92,1.44,1.77,-0.41,3.72,97.98,104.71,67.97,81.47,85.64,91.87,79.45,102.4,79.51,108.14,89.11,97.02,100.86,125.96,73.24,92.02,86.43,100.81,93.62,50.11,95.64,63.41,58.55,53.86,62.57,56.13,63.08,57.82,60.59,60.09,62.01,61.6,60.13,62.55,63.9,58.89,62.81,65.02,63.31,62.64,59.03,59.43,"YTUrb22[Npt]"
"143","IL16LCSDH-06-T-2661-17",99.82,58.82,126.3,166.9,38.35,1.94,2.27,1.17,3.54,100.03,113.27,74.49,88.59,100.63,116.5,92.68,103.82,93.61,114.55,90.04,89.67,107.72,133.09,75.46,102.68,99.29,114.04,116.55,58.03,118.12,61.1,57.15,52.36,60.57,53.63,60.27,57.17,58.62,58.56,59.94,59.78,57.67,59.83,60.31,57.29,60.72,62.95,60.74,59.69,57.14,58.68,"YTNeo22[late]; YTUrb23[mixed]"
"144","IL16LCSDH-06-T-2661-19",96.02,59.07,125.35,167.64,37.47,1.72,1.11,NA,3.72,98.48,109.35,71.41,85.53,94.64,106.97,86.92,101.41,87.61,112.83,89.7,95.33,102.64,130.87,74.18,97.74,85.38,106.66,107.74,59.06,112.8,61.39,57.34,52.54,60.81,53.91,60.62,57.21,59.02,58.67,60.31,60,57.98,60.22,60.81,57.6,60.78,62.83,61.05,60.42,57.35,58.88,"YTAddie23[plot dmg]; YTNeo22[septoria]; YTStp23[mixed,]; YTUrb22[Disease]"
"145","IL16LCSDH-06-T-2661-202",96.09,60.48,125.31,167.43,38.45,1.46,2.06,1.4,3.54,97.18,108.97,70.94,85.6,95.73,109.36,86.94,98.66,89.32,116.78,89.82,81.04,100.38,127.75,71.72,97.9,95.74,104.13,109.3,71.65,110.41,62.48,57.75,53.64,62.07,56.3,62.18,58.66,62.19,59.67,61.88,61.02,61.25,61.26,63.03,58.22,62.11,64.47,61.9,60.98,59.49,59.49,"YTAddie23[see down row]; YTBlv23[pct damage:5]; YTNeo22[lodging, late]; YTStp23[erect, blueish,]; YTUrb22[Leaning]"
"146","IL16LCSDH-06-T-2661-21",92.9,59.45,124.71,165.63,36.47,0.05,1.21,NA,4.97,94.31,105.5,67.99,83.36,92.61,105.24,82.59,91.1,86.09,107.85,89.73,76.32,97.19,124.78,69.26,93.65,91.81,99.82,103.78,77.73,107.01,61.71,57.45,52.87,61.19,54.64,61.08,57.67,58.81,58.62,60.61,60.31,59.19,60.52,61.58,57.49,60.96,64.09,61.45,61.1,57.32,59.2,"YTBlv23[pct damage:3]; YTNeo22[npt, clean]; YTStp22[Npt]; YTStp23[erect,]; YTUrb22[Looks weak]"
"147","IL16LCSDH-06-T-2661-212",95.84,58.39,124.8,167.55,39,0.55,1.37,1.35,3.54,97.31,109.03,71,85.61,95.66,109.19,86.97,97.73,83.84,113.89,89.81,88.2,102.45,128.43,69.94,97.35,91.59,106.19,108.78,66.26,114.29,60.96,57.19,52.07,60.28,52.86,59.98,56.55,57.24,58.05,60.81,59.59,57.3,60.17,59.72,56.45,60.3,62.23,60.39,59.03,55.44,58.35,"YTNeo22[sept]"
"148","IL16LCSDH-06-T-2661-39",93.79,59.11,124.12,166.18,38.01,0.88,2.02,NA,1.22,96.64,105.98,68.69,83.06,90.26,100.28,82.24,98.47,85.81,109.48,89.48,86.41,100.05,121.37,70.32,93.5,92.13,104.6,99.15,84.05,105.65,61.44,57.33,52.63,60.9,54.14,60.72,57.4,58.32,58.35,60.38,60.07,58.66,60.31,60.96,56.59,61.31,62.86,61.33,59.95,57.72,58.96,"YTAddie23[big heads]; YTBlv23[pct damage:1 looks good]; YTNeo22[ve, clean, npt, big heads]; YTUrb22[Ve]; YTUrb23[thick]; YTUrb23[ve, npt]"
"149","IL16LCSDH-07-T-2662-201",95.86,59.61,125.7,165.94,38.5,3.25,3.97,1.01,3.72,97.41,108.58,70.7,85.17,94.58,107.3,86.18,98.51,85.1,112.83,89.74,92.32,101.8,126.66,75.7,95.83,89.87,103.04,107.25,68.5,117.15,62.2,57.91,52.94,61.41,54.4,61.53,57.08,59.41,59.29,61.32,60.59,57.32,61.02,61.85,58.43,61.85,63.91,61.85,61.09,57.09,59.74,"YTBlv23[pct damage: glume blotch]; YTNeo22[leaning, late, thick]; YTUrb22[Looks good]"
"150","IL16LCSDH-07-T-2662-202",102.47,59.44,126.84,169.63,38.36,5.05,2.04,-0.1,3.72,100.89,114.88,75.79,89.78,102.76,119.76,94.93,104.61,90.51,122.09,90.15,99.33,108.29,137.65,76.49,101.76,94.22,114.79,119.3,75.07,130,61.53,57.25,52.91,61.15,54.91,60.96,58.06,60.5,58.62,61.14,60.22,60.1,60.33,61.78,57.21,60.88,63.24,60.57,60.67,55.5,59.54,"YTNeo22[scab]; YTUrb22[Looks nice, a bit tall and late]; YTUrb22[Scab]; YTUrb23[thick, clean, nice appearance]"
"151","IL16LCSDH-07-T-2662-203",98.5,61.21,128.66,169.02,37.68,1.36,2.22,0.8,4.43,98.8,110.57,72.34,86.53,96.74,110.4,88.79,100.59,86.2,112.59,89.83,97.25,103.23,132.35,75.75,101.15,95.4,104.63,110.05,79.3,121.31,62.88,57.8,54.21,62.66,57.68,62.85,59.67,64.67,59.87,61.13,61.45,63.05,61.51,64.21,58.34,62.73,65.45,62.21,62.83,59.79,60.52,"YTNeo22[late, scab]; YTUrb22[Npt]"
"152","IL16LCSDH-07-T-2662-22",93.16,60.78,126.52,167.74,38.43,1.91,6.87,1.41,4.61,96.26,106.43,68.97,83.59,91.74,102.96,83.18,95.69,85.75,107.56,89.59,90.54,101.3,124,70.84,94.79,91.1,101.16,102.61,56.38,108.72,62.69,57.82,53.86,62.32,56.78,62.48,58.98,61.83,59.6,61.44,61.21,61.52,61.29,63.53,59.02,62.07,66.45,62.05,61.16,59.58,60.77,"YTNeo22[sacb, scsb]; YTUrb22[Leaning]; YTUrb22[Leaning]"
"153","IL16LCSDH-07-T-2662-225",95.65,61.28,127.18,167.22,38.73,2.24,3.84,-0.4,4.97,94.79,108.04,69.91,85.51,97.24,112.93,86.59,91.2,89.13,109.86,90.02,82.31,101.01,120.41,70.84,95.64,85.59,105.24,110.52,82.17,120.89,63.47,58.36,54.25,62.9,57.29,63.36,58.87,63.78,60.5,61.87,61.78,61.29,62.28,64.8,59.57,62.87,66.25,62.81,61.7,59.83,60.02,"YTNeo22[leaning]; YTNeo22[clean]; YTStp23[, thick]; YTUrb22[Leaning]"
"154","IL16LCSDH-07-T-2662-241",96.61,61.38,128.35,169.4,36.28,1.83,2.49,0.18,3.9,94.76,109.2,70.75,86.58,99.72,117.16,88.54,89.73,89.04,113.34,90.19,82.62,102.42,122.63,70.07,94.42,92.33,104.64,114.84,76.19,122.39,63.24,58.08,54.33,62.89,57.75,63.22,59.48,64.34,60.15,62.56,61.69,62.58,62.01,64.5,58.79,63.07,66.3,62.31,61.8,60.19,60.26,"YTBlv23[pct damage:2]; YTNeo22[npt, some scab]; YTStp23[, purple anthers]; YTUrb23[late]"
"155","IL16LCSDH-08-T-2663-55",101.45,60.57,125.15,167.07,38.87,2.69,1.45,0.42,1.4,100.18,114.33,75.28,89.51,102.63,119.85,94.37,103.71,91.27,118.36,90.17,96.17,109.52,132.31,71.22,101.73,97.22,113.02,119.66,77.65,121.75,63.19,58.41,53.73,62.39,55.94,62.82,57.8,61.05,59.9,61.64,61.43,59.89,62.28,63.69,58.74,62.61,65.04,63.02,62.01,57.84,59.67,"YTBlv23[pct damage:1]; YTUrb22[Tall]; YTUrb23[thick, clean, bright]"
"156","IL16LCSDH-09-T-2664-16",100.39,61.89,126.31,168.27,37.04,3.13,3.65,0.87,4.08,98.91,112.56,73.8,88.3,100.75,117.17,92.05,100.83,94.64,112.79,90.09,95.97,107.93,129.03,76.62,98.12,98.11,106.77,116.62,83.72,121.77,63.73,58.38,54.66,63.32,58.31,63.82,59.64,64.98,61.05,62.18,62.09,62.69,62.48,65.31,59.67,63.12,67.09,62.81,63.58,61.35,60.75,"YTNeo22[leaning]"
"157","IL16LCSDH-09-T-2664-18",96.75,60.63,127.31,166.62,37.09,2.08,1.86,0.24,4.08,98.69,109.86,71.81,85.92,95.41,108.19,87.66,101.34,86.85,113.41,89.74,89.26,105.24,131.49,70.54,99.15,91.15,108.85,107.59,68.31,113.32,62.29,57.48,53.77,62.11,56.87,62.1,59.36,62.37,59.76,61.82,60.97,61.85,60.7,63.35,57.91,62.01,65.43,61.52,60.12,60.52,60.48,NA
"158","IL16LCSDH-09-T-2664-20",100.67,61.52,126.7,168.84,36.78,1.88,1.92,-0.07,4.26,100.92,113.37,74.7,88.4,99.55,114.29,92.4,106.3,90.85,113.62,89.93,97.83,108.83,131.63,76.43,103.99,96.4,113.48,114.12,72.51,122.62,63.47,58.28,54.39,63.02,57.72,63.45,59.28,62.76,60.5,62.07,61.84,62.11,62.15,64.74,59.38,62.79,67.23,62.89,63.05,60.79,61.11,"YTNeo22[late]"
"159","IL16LCSDH-09-T-2664-23",101.65,61.49,126.53,168.23,37.53,1.94,2.77,1.06,1.4,100.54,114.16,75.21,89.24,101.75,118.19,93.9,105.39,91.07,114.02,90.09,98.03,107.49,131.98,75.9,102.37,97.78,114.02,118.34,81.55,123.6,63.2,58.01,54.39,62.92,57.96,63.23,59.7,62.89,60.32,62.34,61.7,62.64,61.67,64.82,58.76,62.51,67.18,62.62,63,61.26,60.73,"YTNeo22[leaning]; YTUrb22[Lodging]"
"160","IL16LCSDH-09-T-2664-24",99.46,61.69,126.5,167.04,37.39,1.69,2.18,0.72,4.26,98.11,111.97,73.26,88.02,100.67,117.38,91.47,98.88,94.31,114.34,90.12,84.93,107.14,131.03,72.61,98.39,95.32,106.8,115.76,79.89,125.07,63.65,58.36,54.55,63.2,58.03,63.68,59.44,62.12,60.78,62.66,61.99,62.48,62.33,65.15,59.16,63.09,67.69,62.82,62.71,61.28,61.36,"YTBlv23[pct damage:1]; YTNeo22[leaning]; YTStp22[Mixed]; YTUrb22[Lodging]"
"161","IL16LCSDH-09-T-2664-27",99.76,60.63,127.04,168.19,37.93,4.44,4.61,1.36,2.65,99.39,112.42,73.78,88.03,99.77,115.32,91.59,102.87,91.33,114.3,90.01,90.53,107.57,129.44,75.22,99.36,98,110.18,114.88,77.96,120.06,62.36,57.58,53.71,62.08,56.62,62.12,59.07,62.22,59.6,61.23,60.98,61.69,60.92,62.88,58.73,62.11,65.31,61.56,61.67,60.07,60.57,"YTNeo22[late, heavy scab]; YTUrb22[Lodg]; YTUrb22[Lodg]"
"162","IL16LCSDH-09-T-2664-28",101.27,61.71,125.93,167.22,37.19,1.63,2.14,1.11,3.72,100.38,113.79,74.92,88.95,101.2,117.32,93.36,104.79,97.44,113.59,90.06,94.55,108.82,136.05,74.57,99.58,98.44,110.99,116.85,76.98,123.45,63.53,58.24,54.55,63.16,58.14,63.59,59.63,63.09,60.92,61.97,61.93,62.89,62.13,64.99,59.29,63,67.5,62.75,63.63,60.82,61.18,"YTAddie23[tall, blueish green]; YTNeo22[late, lodging]"
"163","IL16LCSDH-09-T-2664-30",99.54,60.89,127.42,169.42,38.67,2.55,5.95,0.5,2.47,98.31,112.18,73.44,88.15,100.82,117.54,91.72,99.49,92.18,114.86,90.12,92.02,105.98,127.96,73.48,98.54,92.83,110.66,116.58,75.99,124.31,62.41,57.5,53.93,62.28,57.25,62.29,59.62,63.68,60.1,61.86,61.09,62.17,60.86,63.61,57.69,61.97,65.46,61.53,61.78,60.77,60.57,"YTBlv23[pct damage:1]; YTNeo22[lodging, scab]; YTUrb22[Lodging]"
"164","IL16LCSDH-09-T-2664-36",99.02,61.83,126.62,166.88,37.19,2.02,2,1.65,4.26,98.65,111.58,73.05,87.5,99.07,114.43,90.55,99.81,92.96,113.09,89.99,92.13,107.05,132.02,72.5,99.16,93.46,109.94,113.06,75.05,120.34,63.66,58.31,54.65,63.29,58.34,63.76,59.72,63.73,60.84,62.17,62.04,62.88,62.24,65.38,59.41,63.12,67.51,63,63.23,61.37,60.89,"YTNeo22[leaning, late]"
"165","IL16LCSDH-09-T-2664-40",98.77,61.9,125.87,167.29,37.24,1.5,2.98,0.45,4.43,98.07,111.54,72.94,87.65,99.85,115.99,90.79,99.44,93.41,114.2,90.06,92.5,106.36,125.91,71.44,97.26,89.42,111.91,115.06,77.69,118.3,63.79,58.43,54.67,63.35,58.27,63.88,59.56,63.26,60.76,62.74,62.12,62.7,62.59,65.24,59.58,63.13,67.89,62.8,63.71,61.45,61.23,"YTNeo22[sept]; YTUrb22[Leaning]; YTUrb22[Leaning]"
"166","IL16LCSDH-09-T-2664-43",99.53,61.67,126.68,167.51,36.71,1.94,2.41,1.49,4.08,98.82,111.95,73.35,87.78,99.6,115.26,91.08,100.58,93.46,113.91,90.02,96.73,106.95,130.93,69.9,96.4,96.45,109.45,114.08,76.89,123.3,63.44,58.16,54.53,63.12,58.18,63.5,59.74,62.92,60.42,62.29,61.88,63.25,61.95,64.97,59.45,62.92,67.31,62.77,63.05,60.87,61.24,NA
"167","IL16LCSDH-10-T-2665-20",93.12,59.78,125.09,165.43,34.7,0.54,1.66,-0.85,4.08,97.51,106.21,68.99,82.99,89.47,98.58,82.18,100,84.8,108.34,89.39,97.93,101.14,122.53,75.84,95.75,87.6,100.59,99.37,55.75,107.11,62.06,57.65,53.13,61.51,55.1,61.52,57.85,59.96,59,59.56,60.59,59.76,60.78,62.1,58.48,61.76,63.93,62.04,61.16,58.27,58.89,"YTUrb22[Npt]; YTUrb23[beautiful]"
"168","IL16LCSDH-10-T-2665-21",99.11,60.69,125.24,167.71,36.32,2.74,2.22,1.32,2.29,98.54,111.35,72.88,87.33,98.76,113.95,90.23,100.29,89.75,112.92,89.97,94.32,104.1,129.09,73.79,100.5,95.41,109.69,113.35,82.84,118.41,62.92,58.08,53.81,62.36,56.44,62.64,58.48,61.55,59.84,61.74,61.32,60.9,61.6,63.69,59.21,62.68,64.99,62.39,61.62,58.49,60.19,"YTAddie23[thick, compact head, plot dmg]; YTBlv23[compact heads]; YTNeo22[npt, ve]; YTNeo22[npt]; YTStp23[erect, flag leaf angle,]; YTUrb22[Looks good]; YTUrb23[thick]"
"169","IL16LCSDH-10-T-2665-22",98.4,59.83,127.89,169.9,36,2.1,2.17,0.17,3.18,100.49,110.35,72.44,85.8,93.84,104.77,87.59,105.69,86.59,119.09,89.56,105.67,103.49,130.6,73.28,101.88,97.09,107.55,104.72,71.7,119.12,61.32,56.87,53.16,61.28,55.88,60.93,59.15,61.88,58.36,60.9,60.21,61.42,59.68,61.71,56.72,61.05,64.74,60.84,60.89,58.47,59.43,"YTAddie23[npt]; YTBlv23[glume blotch, thick]; YTNeo22[short, late, scab]; YTStp23[erect,]; YTUrb22[Npt, short, late]"
"170","IL16LCSDH-10-T-2665-41",99.32,59.98,125.3,165.77,34.2,2.02,1.23,-0.17,4.08,99.87,112.27,73.74,87.74,98.76,113.4,91.1,104.03,91.17,119.16,89.92,94.33,105.83,132.17,72.11,99.82,97.75,112.36,113.7,68.97,113.72,62.33,57.8,53.3,61.75,55.41,61.85,57.94,60.53,58.93,60.39,60.8,60.29,61.29,62.65,58.45,61.5,64.43,62.05,61.43,57.49,58.91,"YTBlv23[pct damage:2]; YTNeo22[thin]; YTStp22[Npt]; YTUrb22[Npt]; YTUrb23[npt]"
"171","IL16LCSDH-10-T-2665-42",92.97,62.06,123.38,164.63,39.32,1.44,1.25,0.24,2.29,96.69,105.19,68.13,82.33,88.53,97.32,80.9,99.52,86.27,110.65,89.36,87.37,99.78,121.49,73.79,93.33,88.47,94.98,97.27,80.69,107.21,64.53,59.1,54.8,63.7,58,64.56,58.75,62.88,61.53,63.28,62.56,62.51,63.72,65.78,60.33,63.45,66.77,64.21,63.29,60.82,61.15,"YTAddie23[erect]; YTBlv23[pct damage:1 septoria]; YTNeo22[ve, thin]; YTUrb22[Tall]; YTUrb22[Tall]"
"172","IL16LCSDH-10-T-2665-54",95.01,60.57,125.98,168.03,33.97,2.8,1.76,1.49,4.26,97.5,107.95,70.25,84.56,93.11,104.78,85.07,99.13,87.16,111.47,89.63,92.82,100.39,126.57,74.26,95.53,93.62,104.28,104.92,58.4,113.36,62.69,57.92,53.71,62.2,56.32,62.39,58.54,61.81,59.67,60.95,61.16,60.68,61.47,63.27,58.83,62.37,65.58,62.05,61.42,59.21,60.12,"YTBlv23[pct damage:1 erect, compact heads]; YTNeo22[short, scab]; YTUrb22[Npt, some septoria]; YTUrb23[npt]"
"173","IL16LCSDH-11-T-2666-206",97.98,59.39,125.44,165.65,38.08,2.1,2.71,0.49,2.29,99.76,110.6,72.51,86.25,95.41,107.75,88.36,105.18,80.61,109.84,89.7,96.86,106.24,130.92,72.3,95.86,93.32,106.55,107.84,83.93,121.89,61.78,57.52,52.88,61.22,54.6,61.15,57.58,59.54,58.37,59.62,60.35,59.51,60.87,61.66,57.22,61.42,63.23,61.47,60.52,57.44,58.53,"YTBlv23[pct damage:1]; YTUrb22[Lodging]; YTUrb22[Lodging]"
"174","IL16LCSDH-11-T-2666-208",94.96,60.79,125.64,167.68,37.09,2.44,1.63,0.08,2.29,97.01,107.88,70.13,84.66,93.69,105.97,85.21,96.89,87.42,110.06,89.69,93.23,102.31,127.88,70.18,96.74,91.16,103.67,105.71,67.47,106.75,63.2,58.32,53.89,62.51,56.41,62.92,58.24,61.39,60.08,61.48,61.49,60.76,62.23,63.91,58.88,62.39,65.76,62.76,63.03,58.37,59.56,"YTNeo22[npt, scab]; YTNeo22[npt]; YTUrb22[Npt]"
"175","IL16LCSDH-11-T-2666-212",95.09,61.02,126.04,168.01,36.9,2.08,2.14,0.65,2.47,98.11,107.88,70.29,84.31,92.11,102.82,84.66,101.2,85.17,111.75,89.54,96.52,101.69,126.09,71.92,96.79,93.13,102.54,103.56,69.6,106.91,63.16,58.18,54.06,62.64,56.98,63,58.81,62.67,60,62.11,61.55,61.37,61.95,64.18,59.28,62.9,65.88,62.18,62.34,58.46,60.33,"YTBlv23[pct damage:1]; YTNeo22[npt, clean]; YTUrb22[Lodging]"
"176","Kaskaskia",90.76,60.7,128.27,166.99,42.29,8.24,1.9,0.38,3.62,93.87,104.27,67.04,82.38,90.67,102.14,80.78,90.66,84.43,107.1,89.06,79.84,96.99,121.55,62.14,93.26,84.38,100.91,101.13,65.58,100.76,62.69,57.84,53.83,62.3,56.7,62.47,58.89,62.62,60.13,61.81,61.04,61.09,61.4,63.73,57.33,62.4,65.15,62.19,61.69,59.43,59.95,NA
"177","Pio 25R74",100.53,58.84,126.33,169.19,34.54,4.21,1.42,0.13,2.57,99.97,113.59,82.36,88.11,102.31,115.73,97.49,100.85,89.66,112.08,100.8,92.74,106.37,132.41,73.93,98.1,94.08,104.91,114.09,79.72,120.53,59.45,56.89,52.43,60.24,55.06,59.6,57.72,60.32,57.99,59.62,59.2,58.57,59.55,60.53,57.07,60.67,62.72,61.05,59.83,57.77,57.65,NA
"178","17-8930",NA,NA,NA,NA,NA,NA,NA,NA,2.89,NA,NA,NA,NA,NA,NA,NA,NA,NA,NA,NA,NA,NA,NA,NA,NA,NA,NA,NA,NA,NA,NA,NA,NA,NA,NA,NA,NA,NA,NA,NA,NA,NA,NA,NA,NA,NA,NA,NA,NA,NA,NA,NA
"179","18-12001",NA,NA,NA,NA,NA,NA,NA,NA,3.25,NA,NA,NA,NA,NA,NA,NA,NA,NA,NA,NA,NA,NA,NA,NA,NA,NA,NA,NA,NA,NA,NA,NA,NA,NA,NA,NA,NA,NA,NA,NA,NA,NA,NA,NA,NA,NA,NA,NA,NA,NA,NA,NA
"180","18-12756",NA,NA,NA,NA,NA,NA,NA,NA,5.03,NA,NA,NA,NA,NA,NA,NA,NA,NA,NA,NA,NA,NA,NA,NA,NA,NA,NA,NA,NA,NA,NA,NA,NA,NA,NA,NA,NA,NA,NA,NA,NA,NA,NA,NA,NA,NA,NA,NA,NA,NA,NA,NA
"181","18-12809",NA,NA,NA,NA,NA,NA,NA,NA,5.21,NA,NA,NA,NA,NA,NA,NA,NA,NA,NA,NA,NA,NA,NA,NA,NA,NA,NA,NA,NA,NA,NA,NA,NA,NA,NA,NA,NA,NA,NA,NA,NA,NA,NA,NA,NA,NA,NA,NA,NA,NA,NA,NA
"182","18-13748",NA,NA,NA,NA,NA,NA,NA,NA,2.89,NA,NA,NA,NA,NA,NA,NA,NA,NA,NA,NA,NA,NA,NA,NA,NA,NA,NA,NA,NA,NA,NA,NA,NA,NA,NA,NA,NA,NA,NA,NA,NA,NA,NA,NA,NA,NA,NA,NA,NA,NA,NA,NA
"183","18-13756",NA,NA,NA,NA,NA,NA,NA,NA,3.07,NA,NA,NA,NA,NA,NA,NA,NA,NA,NA,NA,NA,NA,NA,NA,NA,NA,NA,NA,NA,NA,NA,NA,NA,NA,NA,NA,NA,NA,NA,NA,NA,NA,NA,NA,NA,NA,NA,NA,NA,NA,NA,NA
"184","18-13765",NA,NA,NA,NA,NA,NA,NA,NA,2.71,NA,NA,NA,NA,NA,NA,NA,NA,NA,NA,NA,NA,NA,NA,NA,NA,NA,NA,NA,NA,NA,NA,NA,NA,NA,NA,NA,NA,NA,NA,NA,NA,NA,NA,NA,NA,NA,NA,NA,NA,NA,NA,NA
"185","18-13852",NA,NA,NA,NA,NA,NA,NA,NA,3.42,NA,NA,NA,NA,NA,NA,NA,NA,NA,NA,NA,NA,NA,NA,NA,NA,NA,NA,NA,NA,NA,NA,NA,NA,NA,NA,NA,NA,NA,NA,NA,NA,NA,NA,NA,NA,NA,NA,NA,NA,NA,NA,NA
"186","18-13965",NA,NA,NA,NA,NA,NA,NA,NA,2.89,NA,NA,NA,NA,NA,NA,NA,NA,NA,NA,NA,NA,NA,NA,NA,NA,NA,NA,NA,NA,NA,NA,NA,NA,NA,NA,NA,NA,NA,NA,NA,NA,NA,NA,NA,NA,NA,NA,NA,NA,NA,NA,NA
"187","18-14535",NA,NA,NA,NA,NA,NA,NA,NA,2.89,NA,NA,NA,NA,NA,NA,NA,NA,NA,NA,NA,NA,NA,NA,NA,NA,NA,NA,NA,NA,NA,NA,NA,NA,NA,NA,NA,NA,NA,NA,NA,NA,NA,NA,NA,NA,NA,NA,NA,NA,NA,NA,NA
"188","18-15372",NA,NA,NA,NA,NA,NA,NA,NA,3.25,NA,NA,NA,NA,NA,NA,NA,NA,NA,NA,NA,NA,NA,NA,NA,NA,NA,NA,NA,NA,NA,NA,NA,NA,NA,NA,NA,NA,NA,NA,NA,NA,NA,NA,NA,NA,NA,NA,NA,NA,NA,NA,NA
"189","18-16828",NA,NA,NA,NA,NA,NA,NA,NA,3.07,NA,NA,NA,NA,NA,NA,NA,NA,NA,NA,NA,NA,NA,NA,NA,NA,NA,NA,NA,NA,NA,NA,NA,NA,NA,NA,NA,NA,NA,NA,NA,NA,NA,NA,NA,NA,NA,NA,NA,NA,NA,NA,NA
"190","18-17119",NA,NA,NA,NA,NA,NA,NA,NA,2.71,NA,NA,NA,NA,NA,NA,NA,NA,NA,NA,NA,NA,NA,NA,NA,NA,NA,NA,NA,NA,NA,NA,NA,NA,NA,NA,NA,NA,NA,NA,NA,NA,NA,NA,NA,NA,NA,NA,NA,NA,NA,NA,NA
"191","18-17905",NA,NA,NA,NA,NA,NA,NA,NA,3.25,NA,NA,NA,NA,NA,NA,NA,NA,NA,NA,NA,NA,NA,NA,NA,NA,NA,NA,NA,NA,NA,NA,NA,NA,NA,NA,NA,NA,NA,NA,NA,NA,NA,NA,NA,NA,NA,NA,NA,NA,NA,NA,NA
"192","18-22132",NA,NA,NA,NA,NA,NA,NA,NA,3.07,NA,NA,NA,NA,NA,NA,NA,NA,NA,NA,NA,NA,NA,NA,NA,NA,NA,NA,NA,NA,NA,NA,NA,NA,NA,NA,NA,NA,NA,NA,NA,NA,NA,NA,NA,NA,NA,NA,NA,NA,NA,NA,NA
"193","18-22767",NA,NA,NA,NA,NA,NA,NA,NA,3.07,NA,NA,NA,NA,NA,NA,NA,NA,NA,NA,NA,NA,NA,NA,NA,NA,NA,NA,NA,NA,NA,NA,NA,NA,NA,NA,NA,NA,NA,NA,NA,NA,NA,NA,NA,NA,NA,NA,NA,NA,NA,NA,NA
"194","18-22976",NA,NA,NA,NA,NA,NA,NA,NA,3.25,NA,NA,NA,NA,NA,NA,NA,NA,NA,NA,NA,NA,NA,NA,NA,NA,NA,NA,NA,NA,NA,NA,NA,NA,NA,NA,NA,NA,NA,NA,NA,NA,NA,NA,NA,NA,NA,NA,NA,NA,NA,NA,NA
"195","18-23224",NA,NA,NA,NA,NA,NA,NA,NA,3.25,NA,NA,NA,NA,NA,NA,NA,NA,NA,NA,NA,NA,NA,NA,NA,NA,NA,NA,NA,NA,NA,NA,NA,NA,NA,NA,NA,NA,NA,NA,NA,NA,NA,NA,NA,NA,NA,NA,NA,NA,NA,NA,NA
"196","18-23760",NA,NA,NA,NA,NA,NA,NA,NA,3.25,NA,NA,NA,NA,NA,NA,NA,NA,NA,NA,NA,NA,NA,NA,NA,NA,NA,NA,NA,NA,NA,NA,NA,NA,NA,NA,NA,NA,NA,NA,NA,NA,NA,NA,NA,NA,NA,NA,NA,NA,NA,NA,NA
"197","18-26037",NA,NA,NA,NA,NA,NA,NA,NA,3.42,NA,NA,NA,NA,NA,NA,NA,NA,NA,NA,NA,NA,NA,NA,NA,NA,NA,NA,NA,NA,NA,NA,NA,NA,NA,NA,NA,NA,NA,NA,NA,NA,NA,NA,NA,NA,NA,NA,NA,NA,NA,NA,NA
"198","18-4910",NA,NA,NA,NA,NA,NA,NA,NA,3.25,NA,NA,NA,NA,NA,NA,NA,NA,NA,NA,NA,NA,NA,NA,NA,NA,NA,NA,NA,NA,NA,NA,NA,NA,NA,NA,NA,NA,NA,NA,NA,NA,NA,NA,NA,NA,NA,NA,NA,NA,NA,NA,NA
"199","18-5737",NA,NA,NA,NA,NA,NA,NA,NA,2.89,NA,NA,NA,NA,NA,NA,NA,NA,NA,NA,NA,NA,NA,NA,NA,NA,NA,NA,NA,NA,NA,NA,NA,NA,NA,NA,NA,NA,NA,NA,NA,NA,NA,NA,NA,NA,NA,NA,NA,NA,NA,NA,NA
"200","18-5837",NA,NA,NA,NA,NA,NA,NA,NA,2.53,NA,NA,NA,NA,NA,NA,NA,NA,NA,NA,NA,NA,NA,NA,NA,NA,NA,NA,NA,NA,NA,NA,NA,NA,NA,NA,NA,NA,NA,NA,NA,NA,NA,NA,NA,NA,NA,NA,NA,NA,NA,NA,NA
"201","18-6274",NA,NA,NA,NA,NA,NA,NA,NA,3.25,NA,NA,NA,NA,NA,NA,NA,NA,NA,NA,NA,NA,NA,NA,NA,NA,NA,NA,NA,NA,NA,NA,NA,NA,NA,NA,NA,NA,NA,NA,NA,NA,NA,NA,NA,NA,NA,NA,NA,NA,NA,NA,NA
"202","18-6852",NA,NA,NA,NA,NA,NA,NA,NA,2.71,NA,NA,NA,NA,NA,NA,NA,NA,NA,NA,NA,NA,NA,NA,NA,NA,NA,NA,NA,NA,NA,NA,NA,NA,NA,NA,NA,NA,NA,NA,NA,NA,NA,NA,NA,NA,NA,NA,NA,NA,NA,NA,NA
"203","18-7928",NA,NA,NA,NA,NA,NA,NA,NA,3.07,NA,NA,NA,NA,NA,NA,NA,NA,NA,NA,NA,NA,NA,NA,NA,NA,NA,NA,NA,NA,NA,NA,NA,NA,NA,NA,NA,NA,NA,NA,NA,NA,NA,NA,NA,NA,NA,NA,NA,NA,NA,NA,NA
"204","18-7943",NA,NA,NA,NA,NA,NA,NA,NA,2.71,NA,NA,NA,NA,NA,NA,NA,NA,NA,NA,NA,NA,NA,NA,NA,NA,NA,NA,NA,NA,NA,NA,NA,NA,NA,NA,NA,NA,NA,NA,NA,NA,NA,NA,NA,NA,NA,NA,NA,NA,NA,NA,NA
"205","18-842",NA,NA,NA,NA,NA,NA,NA,NA,3.07,NA,NA,NA,NA,NA,NA,NA,NA,NA,NA,NA,NA,NA,NA,NA,NA,NA,NA,NA,NA,NA,NA,NA,NA,NA,NA,NA,NA,NA,NA,NA,NA,NA,NA,NA,NA,NA,NA,NA,NA,NA,NA,NA
"206","18-9724",NA,NA,NA,NA,NA,NA,NA,NA,2.89,NA,NA,NA,NA,NA,NA,NA,NA,NA,NA,NA,NA,NA,NA,NA,NA,NA,NA,NA,NA,NA,NA,NA,NA,NA,NA,NA,NA,NA,NA,NA,NA,NA,NA,NA,NA,NA,NA,NA,NA,NA,NA,NA
"207","18MSFRS-18",NA,NA,NA,NA,NA,NA,NA,NA,4.5,NA,NA,NA,NA,NA,NA,NA,NA,NA,NA,NA,NA,NA,NA,NA,NA,NA,NA,NA,NA,NA,NA,NA,NA,NA,NA,NA,NA,NA,NA,NA,NA,NA,NA,NA,NA,NA,NA,NA,NA,NA,NA,NA
"208","19-10136",NA,NA,NA,NA,NA,NA,NA,NA,3.07,NA,NA,NA,NA,NA,NA,NA,NA,NA,NA,NA,NA,NA,NA,NA,NA,NA,NA,NA,NA,NA,NA,NA,NA,NA,NA,NA,NA,NA,NA,NA,NA,NA,NA,NA,NA,NA,NA,NA,NA,NA,NA,NA
"209","19-10142",NA,NA,NA,NA,NA,NA,NA,NA,3.07,NA,NA,NA,NA,NA,NA,NA,NA,NA,NA,NA,NA,NA,NA,NA,NA,NA,NA,NA,NA,NA,NA,NA,NA,NA,NA,NA,NA,NA,NA,NA,NA,NA,NA,NA,NA,NA,NA,NA,NA,NA,NA,NA
"210","19-10151",NA,NA,NA,NA,NA,NA,NA,NA,3.07,NA,NA,NA,NA,NA,NA,NA,NA,NA,NA,NA,NA,NA,NA,NA,NA,NA,NA,NA,NA,NA,NA,NA,NA,NA,NA,NA,NA,NA,NA,NA,NA,NA,NA,NA,NA,NA,NA,NA,NA,NA,NA,NA
"211","19-10168",NA,NA,NA,NA,NA,NA,NA,NA,3.42,NA,NA,NA,NA,NA,NA,NA,NA,NA,NA,NA,NA,NA,NA,NA,NA,NA,NA,NA,NA,NA,NA,NA,NA,NA,NA,NA,NA,NA,NA,NA,NA,NA,NA,NA,NA,NA,NA,NA,NA,NA,NA,NA
"212","19-10173",NA,NA,NA,NA,NA,NA,NA,NA,3.42,NA,NA,NA,NA,NA,NA,NA,NA,NA,NA,NA,NA,NA,NA,NA,NA,NA,NA,NA,NA,NA,NA,NA,NA,NA,NA,NA,NA,NA,NA,NA,NA,NA,NA,NA,NA,NA,NA,NA,NA,NA,NA,NA
"213","19-10236",NA,NA,NA,NA,NA,NA,NA,NA,3.6,NA,NA,NA,NA,NA,NA,NA,NA,NA,NA,NA,NA,NA,NA,NA,NA,NA,NA,NA,NA,NA,NA,NA,NA,NA,NA,NA,NA,NA,NA,NA,NA,NA,NA,NA,NA,NA,NA,NA,NA,NA,NA,NA
"214","19-11163",NA,NA,NA,NA,NA,NA,NA,NA,2.89,NA,NA,NA,NA,NA,NA,NA,NA,NA,NA,NA,NA,NA,NA,NA,NA,NA,NA,NA,NA,NA,NA,NA,NA,NA,NA,NA,NA,NA,NA,NA,NA,NA,NA,NA,NA,NA,NA,NA,NA,NA,NA,NA
"215","19-11770",NA,NA,NA,NA,NA,NA,NA,NA,2.71,NA,NA,NA,NA,NA,NA,NA,NA,NA,NA,NA,NA,NA,NA,NA,NA,NA,NA,NA,NA,NA,NA,NA,NA,NA,NA,NA,NA,NA,NA,NA,NA,NA,NA,NA,NA,NA,NA,NA,NA,NA,NA,NA
"216","19-11773",NA,NA,NA,NA,NA,NA,NA,NA,2.71,NA,NA,NA,NA,NA,NA,NA,NA,NA,NA,NA,NA,NA,NA,NA,NA,NA,NA,NA,NA,NA,NA,NA,NA,NA,NA,NA,NA,NA,NA,NA,NA,NA,NA,NA,NA,NA,NA,NA,NA,NA,NA,NA
"217","19-12420",NA,NA,NA,NA,NA,NA,NA,NA,2.89,NA,NA,NA,NA,NA,NA,NA,NA,NA,NA,NA,NA,NA,NA,NA,NA,NA,NA,NA,NA,NA,NA,NA,NA,NA,NA,NA,NA,NA,NA,NA,NA,NA,NA,NA,NA,NA,NA,NA,NA,NA,NA,NA
"218","19-12615",NA,NA,NA,NA,NA,NA,NA,NA,2.71,NA,NA,NA,NA,NA,NA,NA,NA,NA,NA,NA,NA,NA,NA,NA,NA,NA,NA,NA,NA,NA,NA,NA,NA,NA,NA,NA,NA,NA,NA,NA,NA,NA,NA,NA,NA,NA,NA,NA,NA,NA,NA,NA
"219","19-12659",NA,NA,NA,NA,NA,NA,NA,NA,3.78,NA,NA,NA,NA,NA,NA,NA,NA,NA,NA,NA,NA,NA,NA,NA,NA,NA,NA,NA,NA,NA,NA,NA,NA,NA,NA,NA,NA,NA,NA,NA,NA,NA,NA,NA,NA,NA,NA,NA,NA,NA,NA,NA
"220","19-12830",NA,NA,NA,NA,NA,NA,NA,NA,2.71,NA,NA,NA,NA,NA,NA,NA,NA,NA,NA,NA,NA,NA,NA,NA,NA,NA,NA,NA,NA,NA,NA,NA,NA,NA,NA,NA,NA,NA,NA,NA,NA,NA,NA,NA,NA,NA,NA,NA,NA,NA,NA,NA
"221","19-12849",NA,NA,NA,NA,NA,NA,NA,NA,3.25,NA,NA,NA,NA,NA,NA,NA,NA,NA,NA,NA,NA,NA,NA,NA,NA,NA,NA,NA,NA,NA,NA,NA,NA,NA,NA,NA,NA,NA,NA,NA,NA,NA,NA,NA,NA,NA,NA,NA,NA,NA,NA,NA
"222","19-13048",NA,NA,NA,NA,NA,NA,NA,NA,2.9,NA,NA,NA,NA,NA,NA,NA,NA,NA,NA,NA,NA,NA,NA,NA,NA,NA,NA,NA,NA,NA,NA,NA,NA,NA,NA,NA,NA,NA,NA,NA,NA,NA,NA,NA,NA,NA,NA,NA,NA,NA,NA,NA
"223","19-13434",NA,NA,NA,NA,NA,NA,NA,NA,2.71,NA,NA,NA,NA,NA,NA,NA,NA,NA,NA,NA,NA,NA,NA,NA,NA,NA,NA,NA,NA,NA,NA,NA,NA,NA,NA,NA,NA,NA,NA,NA,NA,NA,NA,NA,NA,NA,NA,NA,NA,NA,NA,NA
"224","19-13447",NA,NA,NA,NA,NA,NA,NA,NA,3.25,NA,NA,NA,NA,NA,NA,NA,NA,NA,NA,NA,NA,NA,NA,NA,NA,NA,NA,NA,NA,NA,NA,NA,NA,NA,NA,NA,NA,NA,NA,NA,NA,NA,NA,NA,NA,NA,NA,NA,NA,NA,NA,NA
"225","19-13706",NA,NA,NA,NA,NA,NA,NA,NA,3.42,NA,NA,NA,NA,NA,NA,NA,NA,NA,NA,NA,NA,NA,NA,NA,NA,NA,NA,NA,NA,NA,NA,NA,NA,NA,NA,NA,NA,NA,NA,NA,NA,NA,NA,NA,NA,NA,NA,NA,NA,NA,NA,NA
"226","19-13707",NA,NA,NA,NA,NA,NA,NA,NA,3.42,NA,NA,NA,NA,NA,NA,NA,NA,NA,NA,NA,NA,NA,NA,NA,NA,NA,NA,NA,NA,NA,NA,NA,NA,NA,NA,NA,NA,NA,NA,NA,NA,NA,NA,NA,NA,NA,NA,NA,NA,NA,NA,NA
"227","19-13748",NA,NA,NA,NA,NA,NA,NA,NA,3.33,NA,NA,NA,NA,NA,NA,NA,NA,NA,NA,NA,NA,NA,NA,NA,NA,NA,NA,NA,NA,NA,NA,NA,NA,NA,NA,NA,NA,NA,NA,NA,NA,NA,NA,NA,NA,NA,NA,NA,NA,NA,NA,NA
"228","19-13752",NA,NA,NA,NA,NA,NA,NA,NA,2.71,NA,NA,NA,NA,NA,NA,NA,NA,NA,NA,NA,NA,NA,NA,NA,NA,NA,NA,NA,NA,NA,NA,NA,NA,NA,NA,NA,NA,NA,NA,NA,NA,NA,NA,NA,NA,NA,NA,NA,NA,NA,NA,NA
"229","19-13778",NA,NA,NA,NA,NA,NA,NA,NA,3.07,NA,NA,NA,NA,NA,NA,NA,NA,NA,NA,NA,NA,NA,NA,NA,NA,NA,NA,NA,NA,NA,NA,NA,NA,NA,NA,NA,NA,NA,NA,NA,NA,NA,NA,NA,NA,NA,NA,NA,NA,NA,NA,NA
"230","19-13936",NA,NA,NA,NA,NA,NA,NA,NA,3.07,NA,NA,NA,NA,NA,NA,NA,NA,NA,NA,NA,NA,NA,NA,NA,NA,NA,NA,NA,NA,NA,NA,NA,NA,NA,NA,NA,NA,NA,NA,NA,NA,NA,NA,NA,NA,NA,NA,NA,NA,NA,NA,NA
"231","19-13942",NA,NA,NA,NA,NA,NA,NA,NA,3.07,NA,NA,NA,NA,NA,NA,NA,NA,NA,NA,NA,NA,NA,NA,NA,NA,NA,NA,NA,NA,NA,NA,NA,NA,NA,NA,NA,NA,NA,NA,NA,NA,NA,NA,NA,NA,NA,NA,NA,NA,NA,NA,NA
"232","19-13961",NA,NA,NA,NA,NA,NA,NA,NA,3.25,NA,NA,NA,NA,NA,NA,NA,NA,NA,NA,NA,NA,NA,NA,NA,NA,NA,NA,NA,NA,NA,NA,NA,NA,NA,NA,NA,NA,NA,NA,NA,NA,NA,NA,NA,NA,NA,NA,NA,NA,NA,NA,NA
"233","19-14605",NA,NA,NA,NA,NA,NA,NA,NA,4.5,NA,NA,NA,NA,NA,NA,NA,NA,NA,NA,NA,NA,NA,NA,NA,NA,NA,NA,NA,NA,NA,NA,NA,NA,NA,NA,NA,NA,NA,NA,NA,NA,NA,NA,NA,NA,NA,NA,NA,NA,NA,NA,NA
"234","19-14856",NA,NA,NA,NA,NA,NA,NA,NA,3.78,NA,NA,NA,NA,NA,NA,NA,NA,NA,NA,NA,NA,NA,NA,NA,NA,NA,NA,NA,NA,NA,NA,NA,NA,NA,NA,NA,NA,NA,NA,NA,NA,NA,NA,NA,NA,NA,NA,NA,NA,NA,NA,NA
"235","19-15327",NA,NA,NA,NA,NA,NA,NA,NA,2.89,NA,NA,NA,NA,NA,NA,NA,NA,NA,NA,NA,NA,NA,NA,NA,NA,NA,NA,NA,NA,NA,NA,NA,NA,NA,NA,NA,NA,NA,NA,NA,NA,NA,NA,NA,NA,NA,NA,NA,NA,NA,NA,NA
"236","19-15330",NA,NA,NA,NA,NA,NA,NA,NA,2.89,NA,NA,NA,NA,NA,NA,NA,NA,NA,NA,NA,NA,NA,NA,NA,NA,NA,NA,NA,NA,NA,NA,NA,NA,NA,NA,NA,NA,NA,NA,NA,NA,NA,NA,NA,NA,NA,NA,NA,NA,NA,NA,NA
"237","19-16129",NA,NA,NA,NA,NA,NA,NA,NA,2.71,NA,NA,NA,NA,NA,NA,NA,NA,NA,NA,NA,NA,NA,NA,NA,NA,NA,NA,NA,NA,NA,NA,NA,NA,NA,NA,NA,NA,NA,NA,NA,NA,NA,NA,NA,NA,NA,NA,NA,NA,NA,NA,NA
"238","19-16136",NA,NA,NA,NA,NA,NA,NA,NA,3.07,NA,NA,NA,NA,NA,NA,NA,NA,NA,NA,NA,NA,NA,NA,NA,NA,NA,NA,NA,NA,NA,NA,NA,NA,NA,NA,NA,NA,NA,NA,NA,NA,NA,NA,NA,NA,NA,NA,NA,NA,NA,NA,NA
"239","19-16142",NA,NA,NA,NA,NA,NA,NA,NA,2.71,NA,NA,NA,NA,NA,NA,NA,NA,NA,NA,NA,NA,NA,NA,NA,NA,NA,NA,NA,NA,NA,NA,NA,NA,NA,NA,NA,NA,NA,NA,NA,NA,NA,NA,NA,NA,NA,NA,NA,NA,NA,NA,NA
"240","19-16152",NA,NA,NA,NA,NA,NA,NA,NA,3.07,NA,NA,NA,NA,NA,NA,NA,NA,NA,NA,NA,NA,NA,NA,NA,NA,NA,NA,NA,NA,NA,NA,NA,NA,NA,NA,NA,NA,NA,NA,NA,NA,NA,NA,NA,NA,NA,NA,NA,NA,NA,NA,NA
"241","19-16279",NA,NA,NA,NA,NA,NA,NA,NA,3.25,NA,NA,NA,NA,NA,NA,NA,NA,NA,NA,NA,NA,NA,NA,NA,NA,NA,NA,NA,NA,NA,NA,NA,NA,NA,NA,NA,NA,NA,NA,NA,NA,NA,NA,NA,NA,NA,NA,NA,NA,NA,NA,NA
"242","19-16325",NA,NA,NA,NA,NA,NA,NA,NA,3.96,NA,NA,NA,NA,NA,NA,NA,NA,NA,NA,NA,NA,NA,NA,NA,NA,NA,NA,NA,NA,NA,NA,NA,NA,NA,NA,NA,NA,NA,NA,NA,NA,NA,NA,NA,NA,NA,NA,NA,NA,NA,NA,NA
"243","19-16368",NA,NA,NA,NA,NA,NA,NA,NA,3.96,NA,NA,NA,NA,NA,NA,NA,NA,NA,NA,NA,NA,NA,NA,NA,NA,NA,NA,NA,NA,NA,NA,NA,NA,NA,NA,NA,NA,NA,NA,NA,NA,NA,NA,NA,NA,NA,NA,NA,NA,NA,NA,NA
"244","19-16856",NA,NA,NA,NA,NA,NA,NA,NA,3.25,NA,NA,NA,NA,NA,NA,NA,NA,NA,NA,NA,NA,NA,NA,NA,NA,NA,NA,NA,NA,NA,NA,NA,NA,NA,NA,NA,NA,NA,NA,NA,NA,NA,NA,NA,NA,NA,NA,NA,NA,NA,NA,NA
"245","19-17051",NA,NA,NA,NA,NA,NA,NA,NA,3.25,NA,NA,NA,NA,NA,NA,NA,NA,NA,NA,NA,NA,NA,NA,NA,NA,NA,NA,NA,NA,NA,NA,NA,NA,NA,NA,NA,NA,NA,NA,NA,NA,NA,NA,NA,NA,NA,NA,NA,NA,NA,NA,NA
"246","19-17467",NA,NA,NA,NA,NA,NA,NA,NA,2.89,NA,NA,NA,NA,NA,NA,NA,NA,NA,NA,NA,NA,NA,NA,NA,NA,NA,NA,NA,NA,NA,NA,NA,NA,NA,NA,NA,NA,NA,NA,NA,NA,NA,NA,NA,NA,NA,NA,NA,NA,NA,NA,NA
"247","19-17823",NA,NA,NA,NA,NA,NA,NA,NA,3.07,NA,NA,NA,NA,NA,NA,NA,NA,NA,NA,NA,NA,NA,NA,NA,NA,NA,NA,NA,NA,NA,NA,NA,NA,NA,NA,NA,NA,NA,NA,NA,NA,NA,NA,NA,NA,NA,NA,NA,NA,NA,NA,NA
"248","19-18152",NA,NA,NA,NA,NA,NA,NA,NA,2.89,NA,NA,NA,NA,NA,NA,NA,NA,NA,NA,NA,NA,NA,NA,NA,NA,NA,NA,NA,NA,NA,NA,NA,NA,NA,NA,NA,NA,NA,NA,NA,NA,NA,NA,NA,NA,NA,NA,NA,NA,NA,NA,NA
"249","19-18157",NA,NA,NA,NA,NA,NA,NA,NA,2.89,NA,NA,NA,NA,NA,NA,NA,NA,NA,NA,NA,NA,NA,NA,NA,NA,NA,NA,NA,NA,NA,NA,NA,NA,NA,NA,NA,NA,NA,NA,NA,NA,NA,NA,NA,NA,NA,NA,NA,NA,NA,NA,NA
"250","19-18832",NA,NA,NA,NA,NA,NA,NA,NA,2.89,NA,NA,NA,NA,NA,NA,NA,NA,NA,NA,NA,NA,NA,NA,NA,NA,NA,NA,NA,NA,NA,NA,NA,NA,NA,NA,NA,NA,NA,NA,NA,NA,NA,NA,NA,NA,NA,NA,NA,NA,NA,NA,NA
"251","19-19146",NA,NA,NA,NA,NA,NA,NA,NA,3.07,NA,NA,NA,NA,NA,NA,NA,NA,NA,NA,NA,NA,NA,NA,NA,NA,NA,NA,NA,NA,NA,NA,NA,NA,NA,NA,NA,NA,NA,NA,NA,NA,NA,NA,NA,NA,NA,NA,NA,NA,NA,NA,NA
"252","19-19159",NA,NA,NA,NA,NA,NA,NA,NA,2.89,NA,NA,NA,NA,NA,NA,NA,NA,NA,NA,NA,NA,NA,NA,NA,NA,NA,NA,NA,NA,NA,NA,NA,NA,NA,NA,NA,NA,NA,NA,NA,NA,NA,NA,NA,NA,NA,NA,NA,NA,NA,NA,NA
"253","19-20069",NA,NA,NA,NA,NA,NA,NA,NA,2.53,NA,NA,NA,NA,NA,NA,NA,NA,NA,NA,NA,NA,NA,NA,NA,NA,NA,NA,NA,NA,NA,NA,NA,NA,NA,NA,NA,NA,NA,NA,NA,NA,NA,NA,NA,NA,NA,NA,NA,NA,NA,NA,NA
"254","19-20402",NA,NA,NA,NA,NA,NA,NA,NA,3.6,NA,NA,NA,NA,NA,NA,NA,NA,NA,NA,NA,NA,NA,NA,NA,NA,NA,NA,NA,NA,NA,NA,NA,NA,NA,NA,NA,NA,NA,NA,NA,NA,NA,NA,NA,NA,NA,NA,NA,NA,NA,NA,NA
"255","19-20648",NA,NA,NA,NA,NA,NA,NA,NA,3.25,NA,NA,NA,NA,NA,NA,NA,NA,NA,NA,NA,NA,NA,NA,NA,NA,NA,NA,NA,NA,NA,NA,NA,NA,NA,NA,NA,NA,NA,NA,NA,NA,NA,NA,NA,NA,NA,NA,NA,NA,NA,NA,NA
"256","19-21574",NA,NA,NA,NA,NA,NA,NA,NA,3.07,NA,NA,NA,NA,NA,NA,NA,NA,NA,NA,NA,NA,NA,NA,NA,NA,NA,NA,NA,NA,NA,NA,NA,NA,NA,NA,NA,NA,NA,NA,NA,NA,NA,NA,NA,NA,NA,NA,NA,NA,NA,NA,NA
"257","19-21821",NA,NA,NA,NA,NA,NA,NA,NA,3.25,NA,NA,NA,NA,NA,NA,NA,NA,NA,NA,NA,NA,NA,NA,NA,NA,NA,NA,NA,NA,NA,NA,NA,NA,NA,NA,NA,NA,NA,NA,NA,NA,NA,NA,NA,NA,NA,NA,NA,NA,NA,NA,NA
"258","19-21829",NA,NA,NA,NA,NA,NA,NA,NA,3.6,NA,NA,NA,NA,NA,NA,NA,NA,NA,NA,NA,NA,NA,NA,NA,NA,NA,NA,NA,NA,NA,NA,NA,NA,NA,NA,NA,NA,NA,NA,NA,NA,NA,NA,NA,NA,NA,NA,NA,NA,NA,NA,NA
"259","19-21846",NA,NA,NA,NA,NA,NA,NA,NA,3.07,NA,NA,NA,NA,NA,NA,NA,NA,NA,NA,NA,NA,NA,NA,NA,NA,NA,NA,NA,NA,NA,NA,NA,NA,NA,NA,NA,NA,NA,NA,NA,NA,NA,NA,NA,NA,NA,NA,NA,NA,NA,NA,NA
"260","19-21865",NA,NA,NA,NA,NA,NA,NA,NA,3.25,NA,NA,NA,NA,NA,NA,NA,NA,NA,NA,NA,NA,NA,NA,NA,NA,NA,NA,NA,NA,NA,NA,NA,NA,NA,NA,NA,NA,NA,NA,NA,NA,NA,NA,NA,NA,NA,NA,NA,NA,NA,NA,NA
"261","19-21924",NA,NA,NA,NA,NA,NA,NA,NA,3.96,NA,NA,NA,NA,NA,NA,NA,NA,NA,NA,NA,NA,NA,NA,NA,NA,NA,NA,NA,NA,NA,NA,NA,NA,NA,NA,NA,NA,NA,NA,NA,NA,NA,NA,NA,NA,NA,NA,NA,NA,NA,NA,NA
"262","19-22105",NA,NA,NA,NA,NA,NA,NA,NA,3.25,NA,NA,NA,NA,NA,NA,NA,NA,NA,NA,NA,NA,NA,NA,NA,NA,NA,NA,NA,NA,NA,NA,NA,NA,NA,NA,NA,NA,NA,NA,NA,NA,NA,NA,NA,NA,NA,NA,NA,NA,NA,NA,NA
"263","19-22742",NA,NA,NA,NA,NA,NA,NA,NA,3.25,NA,NA,NA,NA,NA,NA,NA,NA,NA,NA,NA,NA,NA,NA,NA,NA,NA,NA,NA,NA,NA,NA,NA,NA,NA,NA,NA,NA,NA,NA,NA,NA,NA,NA,NA,NA,NA,NA,NA,NA,NA,NA,NA
"264","19-23251",NA,NA,NA,NA,NA,NA,NA,NA,3.6,NA,NA,NA,NA,NA,NA,NA,NA,NA,NA,NA,NA,NA,NA,NA,NA,NA,NA,NA,NA,NA,NA,NA,NA,NA,NA,NA,NA,NA,NA,NA,NA,NA,NA,NA,NA,NA,NA,NA,NA,NA,NA,NA
"265","19-23336",NA,NA,NA,NA,NA,NA,NA,NA,3.25,NA,NA,NA,NA,NA,NA,NA,NA,NA,NA,NA,NA,NA,NA,NA,NA,NA,NA,NA,NA,NA,NA,NA,NA,NA,NA,NA,NA,NA,NA,NA,NA,NA,NA,NA,NA,NA,NA,NA,NA,NA,NA,NA
"266","19-23350",NA,NA,NA,NA,NA,NA,NA,NA,3.07,NA,NA,NA,NA,NA,NA,NA,NA,NA,NA,NA,NA,NA,NA,NA,NA,NA,NA,NA,NA,NA,NA,NA,NA,NA,NA,NA,NA,NA,NA,NA,NA,NA,NA,NA,NA,NA,NA,NA,NA,NA,NA,NA
"267","19-23833",NA,NA,NA,NA,NA,NA,NA,NA,2.71,NA,NA,NA,NA,NA,NA,NA,NA,NA,NA,NA,NA,NA,NA,NA,NA,NA,NA,NA,NA,NA,NA,NA,NA,NA,NA,NA,NA,NA,NA,NA,NA,NA,NA,NA,NA,NA,NA,NA,NA,NA,NA,NA
"268","19-24051",NA,NA,NA,NA,NA,NA,NA,NA,3.07,NA,NA,NA,NA,NA,NA,NA,NA,NA,NA,NA,NA,NA,NA,NA,NA,NA,NA,NA,NA,NA,NA,NA,NA,NA,NA,NA,NA,NA,NA,NA,NA,NA,NA,NA,NA,NA,NA,NA,NA,NA,NA,NA
"269","19-24061",NA,NA,NA,NA,NA,NA,NA,NA,2.71,NA,NA,NA,NA,NA,NA,NA,NA,NA,NA,NA,NA,NA,NA,NA,NA,NA,NA,NA,NA,NA,NA,NA,NA,NA,NA,NA,NA,NA,NA,NA,NA,NA,NA,NA,NA,NA,NA,NA,NA,NA,NA,NA
"270","19-24076",NA,NA,NA,NA,NA,NA,NA,NA,2.71,NA,NA,NA,NA,NA,NA,NA,NA,NA,NA,NA,NA,NA,NA,NA,NA,NA,NA,NA,NA,NA,NA,NA,NA,NA,NA,NA,NA,NA,NA,NA,NA,NA,NA,NA,NA,NA,NA,NA,NA,NA,NA,NA
"271","19-25126",NA,NA,NA,NA,NA,NA,NA,NA,3.25,NA,NA,NA,NA,NA,NA,NA,NA,NA,NA,NA,NA,NA,NA,NA,NA,NA,NA,NA,NA,NA,NA,NA,NA,NA,NA,NA,NA,NA,NA,NA,NA,NA,NA,NA,NA,NA,NA,NA,NA,NA,NA,NA
"272","19-25145",NA,NA,NA,NA,NA,NA,NA,NA,3.42,NA,NA,NA,NA,NA,NA,NA,NA,NA,NA,NA,NA,NA,NA,NA,NA,NA,NA,NA,NA,NA,NA,NA,NA,NA,NA,NA,NA,NA,NA,NA,NA,NA,NA,NA,NA,NA,NA,NA,NA,NA,NA,NA
"273","19-25245",NA,NA,NA,NA,NA,NA,NA,NA,3.25,NA,NA,NA,NA,NA,NA,NA,NA,NA,NA,NA,NA,NA,NA,NA,NA,NA,NA,NA,NA,NA,NA,NA,NA,NA,NA,NA,NA,NA,NA,NA,NA,NA,NA,NA,NA,NA,NA,NA,NA,NA,NA,NA
"274","19-25464",NA,NA,NA,NA,NA,NA,NA,NA,3.42,NA,NA,NA,NA,NA,NA,NA,NA,NA,NA,NA,NA,NA,NA,NA,NA,NA,NA,NA,NA,NA,NA,NA,NA,NA,NA,NA,NA,NA,NA,NA,NA,NA,NA,NA,NA,NA,NA,NA,NA,NA,NA,NA
"275","19-25743",NA,NA,NA,NA,NA,NA,NA,NA,3.42,NA,NA,NA,NA,NA,NA,NA,NA,NA,NA,NA,NA,NA,NA,NA,NA,NA,NA,NA,NA,NA,NA,NA,NA,NA,NA,NA,NA,NA,NA,NA,NA,NA,NA,NA,NA,NA,NA,NA,NA,NA,NA,NA
"276","19-25764",NA,NA,NA,NA,NA,NA,NA,NA,3.6,NA,NA,NA,NA,NA,NA,NA,NA,NA,NA,NA,NA,NA,NA,NA,NA,NA,NA,NA,NA,NA,NA,NA,NA,NA,NA,NA,NA,NA,NA,NA,NA,NA,NA,NA,NA,NA,NA,NA,NA,NA,NA,NA
"277","19-27466",NA,NA,NA,NA,NA,NA,NA,NA,3.42,NA,NA,NA,NA,NA,NA,NA,NA,NA,NA,NA,NA,NA,NA,NA,NA,NA,NA,NA,NA,NA,NA,NA,NA,NA,NA,NA,NA,NA,NA,NA,NA,NA,NA,NA,NA,NA,NA,NA,NA,NA,NA,NA
"278","19-27478",NA,NA,NA,NA,NA,NA,NA,NA,3.42,NA,NA,NA,NA,NA,NA,NA,NA,NA,NA,NA,NA,NA,NA,NA,NA,NA,NA,NA,NA,NA,NA,NA,NA,NA,NA,NA,NA,NA,NA,NA,NA,NA,NA,NA,NA,NA,NA,NA,NA,NA,NA,NA
"279","19-27944",NA,NA,NA,NA,NA,NA,NA,NA,2.53,NA,NA,NA,NA,NA,NA,NA,NA,NA,NA,NA,NA,NA,NA,NA,NA,NA,NA,NA,NA,NA,NA,NA,NA,NA,NA,NA,NA,NA,NA,NA,NA,NA,NA,NA,NA,NA,NA,NA,NA,NA,NA,NA
"280","19-3502",NA,NA,NA,NA,NA,NA,NA,NA,2.89,NA,NA,NA,NA,NA,NA,NA,NA,NA,NA,NA,NA,NA,NA,NA,NA,NA,NA,NA,NA,NA,NA,NA,NA,NA,NA,NA,NA,NA,NA,NA,NA,NA,NA,NA,NA,NA,NA,NA,NA,NA,NA,NA
"281","19-3505",NA,NA,NA,NA,NA,NA,NA,NA,3.25,NA,NA,NA,NA,NA,NA,NA,NA,NA,NA,NA,NA,NA,NA,NA,NA,NA,NA,NA,NA,NA,NA,NA,NA,NA,NA,NA,NA,NA,NA,NA,NA,NA,NA,NA,NA,NA,NA,NA,NA,NA,NA,NA
"282","19-3510",NA,NA,NA,NA,NA,NA,NA,NA,3.78,NA,NA,NA,NA,NA,NA,NA,NA,NA,NA,NA,NA,NA,NA,NA,NA,NA,NA,NA,NA,NA,NA,NA,NA,NA,NA,NA,NA,NA,NA,NA,NA,NA,NA,NA,NA,NA,NA,NA,NA,NA,NA,NA
"283","19-3528",NA,NA,NA,NA,NA,NA,NA,NA,3.6,NA,NA,NA,NA,NA,NA,NA,NA,NA,NA,NA,NA,NA,NA,NA,NA,NA,NA,NA,NA,NA,NA,NA,NA,NA,NA,NA,NA,NA,NA,NA,NA,NA,NA,NA,NA,NA,NA,NA,NA,NA,NA,NA
"284","19-3538",NA,NA,NA,NA,NA,NA,NA,NA,3.6,NA,NA,NA,NA,NA,NA,NA,NA,NA,NA,NA,NA,NA,NA,NA,NA,NA,NA,NA,NA,NA,NA,NA,NA,NA,NA,NA,NA,NA,NA,NA,NA,NA,NA,NA,NA,NA,NA,NA,NA,NA,NA,NA
"285","19-3943",NA,NA,NA,NA,NA,NA,NA,NA,2.89,NA,NA,NA,NA,NA,NA,NA,NA,NA,NA,NA,NA,NA,NA,NA,NA,NA,NA,NA,NA,NA,NA,NA,NA,NA,NA,NA,NA,NA,NA,NA,NA,NA,NA,NA,NA,NA,NA,NA,NA,NA,NA,NA
"286","19-4014",NA,NA,NA,NA,NA,NA,NA,NA,3.07,NA,NA,NA,NA,NA,NA,NA,NA,NA,NA,NA,NA,NA,NA,NA,NA,NA,NA,NA,NA,NA,NA,NA,NA,NA,NA,NA,NA,NA,NA,NA,NA,NA,NA,NA,NA,NA,NA,NA,NA,NA,NA,NA
"287","19-4176",NA,NA,NA,NA,NA,NA,NA,NA,2.89,NA,NA,NA,NA,NA,NA,NA,NA,NA,NA,NA,NA,NA,NA,NA,NA,NA,NA,NA,NA,NA,NA,NA,NA,NA,NA,NA,NA,NA,NA,NA,NA,NA,NA,NA,NA,NA,NA,NA,NA,NA,NA,NA
"288","19-4238",NA,NA,NA,NA,NA,NA,NA,NA,3.25,NA,NA,NA,NA,NA,NA,NA,NA,NA,NA,NA,NA,NA,NA,NA,NA,NA,NA,NA,NA,NA,NA,NA,NA,NA,NA,NA,NA,NA,NA,NA,NA,NA,NA,NA,NA,NA,NA,NA,NA,NA,NA,NA
"289","19-5009",NA,NA,NA,NA,NA,NA,NA,NA,3.07,NA,NA,NA,NA,NA,NA,NA,NA,NA,NA,NA,NA,NA,NA,NA,NA,NA,NA,NA,NA,NA,NA,NA,NA,NA,NA,NA,NA,NA,NA,NA,NA,NA,NA,NA,NA,NA,NA,NA,NA,NA,NA,NA
"290","19-5041",NA,NA,NA,NA,NA,NA,NA,NA,2.9,NA,NA,NA,NA,NA,NA,NA,NA,NA,NA,NA,NA,NA,NA,NA,NA,NA,NA,NA,NA,NA,NA,NA,NA,NA,NA,NA,NA,NA,NA,NA,NA,NA,NA,NA,NA,NA,NA,NA,NA,NA,NA,NA
"291","19-5152",NA,NA,NA,NA,NA,NA,NA,NA,3.25,NA,NA,NA,NA,NA,NA,NA,NA,NA,NA,NA,NA,NA,NA,NA,NA,NA,NA,NA,NA,NA,NA,NA,NA,NA,NA,NA,NA,NA,NA,NA,NA,NA,NA,NA,NA,NA,NA,NA,NA,NA,NA,NA
"292","19-5466",NA,NA,NA,NA,NA,NA,NA,NA,3.42,NA,NA,NA,NA,NA,NA,NA,NA,NA,NA,NA,NA,NA,NA,NA,NA,NA,NA,NA,NA,NA,NA,NA,NA,NA,NA,NA,NA,NA,NA,NA,NA,NA,NA,NA,NA,NA,NA,NA,NA,NA,NA,NA
"293","19-6308",NA,NA,NA,NA,NA,NA,NA,NA,3.25,NA,NA,NA,NA,NA,NA,NA,NA,NA,NA,NA,NA,NA,NA,NA,NA,NA,NA,NA,NA,NA,NA,NA,NA,NA,NA,NA,NA,NA,NA,NA,NA,NA,NA,NA,NA,NA,NA,NA,NA,NA,NA,NA
"294","19-6704",NA,NA,NA,NA,NA,NA,NA,NA,3.78,NA,NA,NA,NA,NA,NA,NA,NA,NA,NA,NA,NA,NA,NA,NA,NA,NA,NA,NA,NA,NA,NA,NA,NA,NA,NA,NA,NA,NA,NA,NA,NA,NA,NA,NA,NA,NA,NA,NA,NA,NA,NA,NA
"295","19-8449",NA,NA,NA,NA,NA,NA,NA,NA,3.25,NA,NA,NA,NA,NA,NA,NA,NA,NA,NA,NA,NA,NA,NA,NA,NA,NA,NA,NA,NA,NA,NA,NA,NA,NA,NA,NA,NA,NA,NA,NA,NA,NA,NA,NA,NA,NA,NA,NA,NA,NA,NA,NA
"296","19-8870",NA,NA,NA,NA,NA,NA,NA,NA,3.07,NA,NA,NA,NA,NA,NA,NA,NA,NA,NA,NA,NA,NA,NA,NA,NA,NA,NA,NA,NA,NA,NA,NA,NA,NA,NA,NA,NA,NA,NA,NA,NA,NA,NA,NA,NA,NA,NA,NA,NA,NA,NA,NA
"297","19-8871",NA,NA,NA,NA,NA,NA,NA,NA,2.71,NA,NA,NA,NA,NA,NA,NA,NA,NA,NA,NA,NA,NA,NA,NA,NA,NA,NA,NA,NA,NA,NA,NA,NA,NA,NA,NA,NA,NA,NA,NA,NA,NA,NA,NA,NA,NA,NA,NA,NA,NA,NA,NA
"298","19-8909",NA,NA,NA,NA,NA,NA,NA,NA,3.07,NA,NA,NA,NA,NA,NA,NA,NA,NA,NA,NA,NA,NA,NA,NA,NA,NA,NA,NA,NA,NA,NA,NA,NA,NA,NA,NA,NA,NA,NA,NA,NA,NA,NA,NA,NA,NA,NA,NA,NA,NA,NA,NA
"299","19-9608",NA,NA,NA,NA,NA,NA,NA,NA,2.71,NA,NA,NA,NA,NA,NA,NA,NA,NA,NA,NA,NA,NA,NA,NA,NA,NA,NA,NA,NA,NA,NA,NA,NA,NA,NA,NA,NA,NA,NA,NA,NA,NA,NA,NA,NA,NA,NA,NA,NA,NA,NA,NA
"300","Rosette",NA,NA,NA,NA,NA,NA,NA,NA,4.72,NA,NA,NA,NA,NA,NA,NA,NA,NA,NA,NA,NA,NA,NA,NA,NA,NA,NA,NA,NA,NA,NA,NA,NA,NA,NA,NA,NA,NA,NA,NA,NA,NA,NA,NA,NA,NA,NA,NA,NA,NA,NA,NA
"301","US16-IL-061-032",NA,NA,NA,NA,NA,NA,NA,NA,3.25,NA,NA,NA,NA,NA,NA,NA,NA,NA,NA,NA,NA,NA,NA,NA,NA,NA,NA,NA,NA,NA,NA,NA,NA,NA,NA,NA,NA,NA,NA,NA,NA,NA,NA,NA,NA,NA,NA,NA,NA,NA,NA,NA
"302","US16-IL-061-068",NA,NA,NA,NA,NA,NA,NA,NA,2.89,NA,NA,NA,NA,NA,NA,NA,NA,NA,NA,NA,NA,NA,NA,NA,NA,NA,NA,NA,NA,NA,NA,NA,NA,NA,NA,NA,NA,NA,NA,NA,NA,NA,NA,NA,NA,NA,NA,NA,NA,NA,NA,NA
"303","US16-IL-063-026",NA,NA,NA,NA,NA,NA,NA,NA,3.25,NA,NA,NA,NA,NA,NA,NA,NA,NA,NA,NA,NA,NA,NA,NA,NA,NA,NA,NA,NA,NA,NA,NA,NA,NA,NA,NA,NA,NA,NA,NA,NA,NA,NA,NA,NA,NA,NA,NA,NA,NA,NA,NA
"304","US16-IL-063-063",NA,NA,NA,NA,NA,NA,NA,NA,2.89,NA,NA,NA,NA,NA,NA,NA,NA,NA,NA,NA,NA,NA,NA,NA,NA,NA,NA,NA,NA,NA,NA,NA,NA,NA,NA,NA,NA,NA,NA,NA,NA,NA,NA,NA,NA,NA,NA,NA,NA,NA,NA,NA
"305","US17-IL-108-039",NA,NA,NA,NA,NA,NA,NA,NA,2.71,NA,NA,NA,NA,NA,NA,NA,NA,NA,NA,NA,NA,NA,NA,NA,NA,NA,NA,NA,NA,NA,NA,NA,NA,NA,NA,NA,NA,NA,NA,NA,NA,NA,NA,NA,NA,NA,NA,NA,NA,NA,NA,NA
"306","US17-IL-108-067-3",NA,NA,NA,NA,NA,NA,NA,NA,3.78,NA,NA,NA,NA,NA,NA,NA,NA,NA,NA,NA,NA,NA,NA,NA,NA,NA,NA,NA,NA,NA,NA,NA,NA,NA,NA,NA,NA,NA,NA,NA,NA,NA,NA,NA,NA,NA,NA,NA,NA,NA,NA,NA
"307","US17-IL-108-070",NA,NA,NA,NA,NA,NA,NA,NA,3.96,NA,NA,NA,NA,NA,NA,NA,NA,NA,NA,NA,NA,NA,NA,NA,NA,NA,NA,NA,NA,NA,NA,NA,NA,NA,NA,NA,NA,NA,NA,NA,NA,NA,NA,NA,NA,NA,NA,NA,NA,NA,NA,NA
"308","US17-IL-111-005",NA,NA,NA,NA,NA,NA,NA,NA,3.07,NA,NA,NA,NA,NA,NA,NA,NA,NA,NA,NA,NA,NA,NA,NA,NA,NA,NA,NA,NA,NA,NA,NA,NA,NA,NA,NA,NA,NA,NA,NA,NA,NA,NA,NA,NA,NA,NA,NA,NA,NA,NA,NA
"309","US17-IL-111-006",NA,NA,NA,NA,NA,NA,NA,NA,3.96,NA,NA,NA,NA,NA,NA,NA,NA,NA,NA,NA,NA,NA,NA,NA,NA,NA,NA,NA,NA,NA,NA,NA,NA,NA,NA,NA,NA,NA,NA,NA,NA,NA,NA,NA,NA,NA,NA,NA,NA,NA,NA,NA
