,germplasmName,Weight..lb.,observationUnitName,notes,Decision,purdy pedigree
886,IL2022F3S-21701,5.15,SI_Urb_23-1477,"hd:E, obs:Fair",1,07-20728/17-23868
887,IL2022F3S-21704,4.5,SI_Urb_23-342,"hd:E, high tillering, big spikes, obs:Fair",1,07-20728/17-23868
888,IL2022F3S-21706,3.92,SI_Urb_23-415,obs:Fair,1,07-20728/17-23868
889,IL2022F3S-21804,6.44,SI_Urb_23-1413,"hd:E, obs:Normal",1,12-8512/15-4957
890,IL2022F3S-21903,4.2,SI_Urb_23-817,"hd:N, obs:Good",1,12-8512/16-11226
892,IL2022F3S-21905,5.3,SI_Urb_23-626,obs:Normal,1,12-8512/16-11226
893,IL2022F3S-21907,6.14,SI_Urb_23-1016,"hd:N, obs:Normal",1,12-8512/16-11226
894,IL2022F3S-22101,5.59,SI_Urb_23-1105,"hd:N, obs:Good",1,15-23803/17-23902
895,IL2022F3S-22102,5.5,SI_Urb_23-253,"big flag leaves, obs:Good",1,15-23803/17-23902
896,IL2022F3S-22103,4.97,SI_Urb_23-1020,"hd:N, obs:Normal",1,15-23803/17-23902
897,IL2022F3S-22104,5.94,SI_Urb_23-1097,"hd:N, obs:Normal",1,15-23803/17-23902
898,IL2022F3S-22105,4.48,SI_Urb_23-540,"hd:L, obs:Fair",1,15-23803/17-23902
899,IL2022F3S-22106,6.58,SI_Urb_23-1388,"hd:N, obs:Normal",1,15-23803/17-23902
900,IL2022F3S-22201,4.77,SI_Urb_23-514,"hd:L, obs:Normal",1,15-2639/15-27270
901,IL2022F3S-22202,6.66,SI_Urb_23-246,"hd:L, obs:Good",1,15-2639/15-27270
902,IL2022F3S-22203,6.42,SI_Urb_23-998,"hd:L, obs:Good",1,15-2639/15-27270
903,IL2022F3S-22301,3.84,SI_Urb_23-450,obs:Fair,1,15-2639/16-32772
905,IL2022F3S-22401,4.52,SI_Urb_23-126,"hd:L, obs:Good",1,15-2639/16-8048
906,IL2022F3S-22501,5.34,SI_Urb_23-632,obs:Fair,1,15-27270/15-23803
907,IL2022F3S-22502,5.02,SI_Urb_23-824,"hd:N, obs:Good",1,15-27270/15-23803
908,IL2022F3S-22601,5.02,SI_Urb_23-418,obs:Normal,1,15-27270/16-28753
909,IL2022F3S-22602,5.29,SI_Urb_23-1400,"hd:N, late, obs:Normal",1,15-27270/16-28753
910,IL2022F3S-22603,5.14,SI_Urb_23-800,"hd:N, obs:Normal",1,15-27270/16-28753
912,IL2022F3S-22702,5.2,SI_Urb_23-913,"hd:E, obs:Fair",1,15-27270/16-36048
913,IL2022F3S-22703,5.16,SI_Urb_23-333,obs:Good,1,15-27270/16-36048
914,IL2022F3S-22705,3.84,SI_Urb_23-66,"hd:N, obs:Fair",1,15-27270/16-36048
915,IL2022F3S-22901,4.4,SI_Urb_23-537,obs:Normal,1,16-11226/16-28753
916,IL2022F3S-22902,4.72,SI_Urb_23-1490,"hd:E, obs:Fair",1,16-11226/16-28753
918,IL2022F3S-22904,4.82,SI_Urb_23-1114,"hd:N, obs:Normal",1,16-11226/16-28753
919,IL2022F3S-23203,6.13,SI_Urb_23-928,"hd:N, obs:Good",1,16-8048/15-27270
920,IL2022F3S-23401,4.24,SI_Urb_23-522,obs:Good,1,16-8048/17-23902
921,IL2022F3S-23402,6.96,SI_Urb_23-1479,"hd:E, obs:Good",1,16-8048/17-23902
922,IL2022F3S-23501,5.24,SI_Urb_23-916,"hd:N, obs:Normal",1,17-12172/17-23904
923,IL2022F3S-23601,4.64,SI_Urb_23-163,"hd:E, obs:Good",1,17-13024/12-26004
924,IL2022F3S-23701,5.02,SI_Urb_23-1219,"hd:N, obs:Normal",1,17-18534/15-4957
925,IL2022F3S-23702,4.01,SI_Urb_23-706,obs:Normal,1,17-18534/15-4957
926,IL2022F3S-23901,5.16,SI_Urb_23-1023,"hd:E, obs:Fair",1,17-23902/15-4957
928,IL2022F3S-24203,3.65,SI_Urb_23-1277,"hd:E, obs:Fair",1,US16-IL-065-030/16-11226
929,IL2022F3S-24204,4.25,SI_Urb_23-509,obs:Normal,1,US16-IL-065-030/16-11226
930,IL2022F3S-24302,5.95,SI_Urb_23-832,"hd:N, late, obs:Normal",1,US16-IL-065-109/17-23868
931,IL2022F3S-24402,5.06,SI_Urb_23-548,obs:Normal,1,07-20728/12-26004//17-12172
932,IL2022F3S-24502,5.54,SI_Urb_23-1496,"hd:N, obs:Normal",1,F3_Fertile
933,IL2022F3S-24503,4.1,SI_Urb_23-534,obs:Good,1,F3_Fertile
934,IL2022F4S-10002,4.62,SI_Urb_23-1112,"hd:E, obs:Fair",1,17-7976/16-11226
935,IL2022F4S-10003,4.02,SI_Urb_23-33,"hd:L, obs:Normal",1,17-7976/16-11226
936,IL2022F4S-10004,5.21,SI_Urb_23-1295,"hd:N, obs:Normal",1,17-7976/16-11226
937,IL2022F4S-10005,4.52,SI_Urb_23-710,obs:Normal,1,17-7976/16-11226
938,IL2022F4S-1002,5.17,SI_Urb_23-343,obs:Fair,1,15-2639/15-4957
939,IL2022F4S-10101,4.87,SI_Urb_23-732,"hd:E, obs:Normal",1,17-8620/12-26004
940,IL2022F4S-10102,6.34,SI_Urb_23-899,"hd:N, obs:Excellent ",1,17-8620/12-26004
941,IL2022F4S-10103,4.4,SI_Urb_23-133,obs:Normal,1,17-8620/12-26004
942,IL2022F4S-10104,5.62,SI_Urb_23-323,"hd:E, obs:Good",1,17-8620/12-26004
943,IL2022F4S-10105,5.69,SI_Urb_23-45,"hd:N, obs:Good",1,17-8620/12-26004
944,IL2022F4S-10201,3.69,SI_Urb_23-157,obs:Good,1,17-8620/15-4957
945,IL2022F4S-10202,3.9,SI_Urb_23-439,"hd:E, obs:Normal",1,17-8620/15-4957
946,IL2022F4S-10203,4.52,SI_Urb_23-513,obs:Good,1,17-8620/15-4957
947,IL2022F4S-10204,7.11,SI_Urb_23-1472,"hd:N, obs:Normal",1,17-8620/15-4957
948,IL2022F4S-10205,4.4,SI_Urb_23-158,obs:Fair,1,17-8620/15-4957
949,IL2022F4S-10301,4.97,SI_Urb_23-50,"hd:N, obs:Good",1,17-8620/16-28802
950,IL2022F4S-10304,4.73,SI_Urb_23-1314,"hd:N, obs:Normal",1,17-8620/16-28802
951,IL2022F4S-10401,4.89,SI_Urb_23-830,"hd:E, obs:Fair",1,17-8626/16-28802
952,IL2022F4S-10402,5.4,SI_Urb_23-1015,"hd:N, obs:Fair",1,17-8626/16-28802
953,IL2022F4S-10502,3.66,SI_Urb_23-30,"hd:N, obs:Normal",1,17-8626/17-23868
954,IL2022F4S-10601,4.32,SI_Urb_23-709,obs:Fair,1,17-8626/17-23904
955,IL2022F4S-10602,4.83,SI_Urb_23-329,"hd:L, obs:Good",1,17-8626/17-23904
956,IL2022F4S-10603,4.01,SI_Urb_23-823,"hd:N, obs:Fair",1,17-8626/17-23904
957,IL2022F4S-10604,4.21,SI_Urb_23-46,"hd:N, obs:Fair",1,17-8626/17-23904
958,IL2022F4S-10605,6.02,SI_Urb_23-995,"hd:E, obs:Normal",1,17-8626/17-23904
959,IL2022F4S-10701,5.62,SI_Urb_23-703,"hd:E, obs:Fair",1,17-9663/16-11226
960,IL2022F4S-10702,5.38,SI_Urb_23-1216,"hd:N, obs:Normal",1,17-9663/16-11226
962,IL2022F4S-10704,5.72,SI_Urb_23-1203,"hd:N, obs:Normal",1,17-9663/16-11226
963,IL2022F4S-10705,5.15,SI_Urb_23-620,"hd:E, obs:Fair",1,17-9663/16-11226
965,IL2022F4S-10901,5.71,SI_Urb_23-996,"hd:L, obs:Normal",1,17-9839/16-11226
966,IL2022F4S-10902,4.71,SI_Urb_23-1394,"hd:N, late, obs:Normal",1,17-9839/16-11226
967,IL2022F4S-10903,6.02,SI_Urb_23-1374,"hd:N, obs:Normal",1,17-9839/16-11226
969,IL2022F4S-10905,5.32,SI_Urb_23-1111,"hd:N, obs:Good",1,17-9839/16-11226
970,IL2022F4S-11001,5.27,SI_Urb_23-619,"hd:E, obs:Fair",1,17-9839/17-23868
971,IL2022F4S-11002,5.65,SI_Urb_23-623,"hd:E, obs:Good",1,17-9839/17-23868
972,IL2022F4S-11003,5.77,SI_Urb_23-1391,"hd:E, late, obs:Normal",1,17-9839/17-23868
973,IL2022F4S-1102,4.85,SI_Urb_23-1488,"hd:L, obs:Normal",1,15-2639/16-11226
974,IL2022F4S-11202,5.8,SI_Urb_23-1276,"hd:E, obs:Normal",1,OH13-88-61/17-23868
975,IL2022F4S-11203,6,SI_Urb_23-1481,"hd:N, obs:Good",1,OH13-88-61/17-23868
976,IL2022F4S-11204,4.72,SI_Urb_23-617,"hd:L, obs:Normal",1,OH13-88-61/17-23868
977,IL2022F4S-11205,4.01,SI_Urb_23-443,obs:Fair,1,OH13-88-61/17-23868
978,IL2022F4S-11301,5.49,SI_Urb_23-1202,"hd:N, obs:Good",1,OH13-88-61/17-23904
979,IL2022F4S-11302,5.9,SI_Urb_23-1399,"hd:L, obs:Fair",1,OH13-88-61/17-23904
980,IL2022F4S-11303,6.76,SI_Urb_23-1486,"hd:L, obs:Normal",1,OH13-88-61/17-23904
981,IL2022F4S-11304,4.12,SI_Urb_23-256,"hd:L, obs:Fair",1,OH13-88-61/17-23904
986,IL2022F4S-11502,4.49,SI_Urb_23-231,"hd:L, obs:Normal",1,US16-IL-065-030/16-28802
987,IL2022F4S-11503,5.93,SI_Urb_23-917,"hd:L, full plot, obs:Fair",1,US16-IL-065-030/16-28802
989,IL2022F4S-11505,4.94,SI_Urb_23-1018,"hd:E, obs:Fair",1,US16-IL-065-030/16-28802
990,IL2022F4S-11506,4.82,SI_Urb_23-1471,"hd:N, obs:Normal",1,US16-IL-065-030/16-28802
991,IL2022F4S-11507,4.12,SI_Urb_23-449,obs:Fair,1,US16-IL-065-030/16-28802
992,IL2022F4S-11508,4.83,SI_Urb_23-1001,"hd:N, obs:Fair",1,US16-IL-065-030/16-28802
993,IL2022F4S-11602,6.23,SI_Urb_23-1480,"hd:E, obs:Normal",1,US16-IL-065-030/17-23868
994,IL2022F4S-11603,5.68,SI_Urb_23-704,"hd:E, obs:Normal",1,US16-IL-065-030/17-23868
995,IL2022F4S-11701,4.73,SI_Urb_23-1108,"hd:N, obs:Normal",1,US16-IL-065-030/17-23904
997,IL2022F4S-11703,6.79,SI_Urb_23-1474,"hd:N, obs:Good",1,US16-IL-065-030/17-23904
998,IL2022F4S-11704,6.05,SI_Urb_23-1393,"hd:N, obs:Fair",1,US16-IL-065-030/17-23904
999,IL2022F4S-11706,4.48,SI_Urb_23-1504,"hd:E, obs:Fair",1,US16-IL-065-030/17-23904
1000,IL2022F4S-11707,6.67,SI_Urb_23-1487,"hd:N, obs:Normal",1,US16-IL-065-030/17-23904
1001,IL2022F4S-11801,5.35,SI_Urb_23-521,"hd:L, obs:Good",1,US16-IL-065-109/15-4957
1002,IL2022F4S-11802,6.46,SI_Urb_23-1497,"hd:N, obs:Normal",1,US16-IL-065-109/15-4957
1003,IL2022F4S-11803,6.17,SI_Urb_23-716,"hd:E, obs:Normal",1,US16-IL-065-109/15-4957
1004,IL2022F4S-11804,5.24,SI_Urb_23-339,obs:Fair,1,US16-IL-065-109/15-4957
1005,IL2022F4S-11805,5.25,SI_Urb_23-1014,"hd:N, obs:Normal",1,US16-IL-065-109/15-4957
1006,IL2022F4S-11806,5.88,SI_Urb_23-1304,"hd:N, obs:Good",1,US16-IL-065-109/15-4957
1007,IL2022F4S-11807,5.57,SI_Urb_23-1392,"hd:N, obs:Normal",1,US16-IL-065-109/15-4957
1008,IL2022F4S-11901,4.56,SI_Urb_23-49,"hd:L, obs:Good",1,US16-IL-065-111/17-9839
1009,IL2022F4S-11902,5.57,SI_Urb_23-903,"hd:N, obs:Fair",1,US16-IL-065-111/17-9839
1010,IL2022F4S-11903,4.07,SI_Urb_23-717,"hd:E, obs:Good",1,US16-IL-065-111/17-9839
1011,IL2022F4S-11904,6.38,SI_Urb_23-538,obs:Good,1,US16-IL-065-111/17-9839
1012,IL2022F4S-12001,4.37,SI_Urb_23-152,obs:Excellent ,1,US16-IL-065-125/17-23868
1013,IL2022F4S-12101,4.4,SI_Urb_23-517,obs:Normal,1,US16-IL-065-125/17-23904
1014,IL2022F4S-12102,5.18,SI_Urb_23-1412,"hd:L, obs:Normal",1,US16-IL-065-125/17-23904
1015,IL2022F4S-12103,4.67,SI_Urb_23-707,"hd:E, obs:Normal",1,US16-IL-065-125/17-23904
1017,IL2022F4S-12202,5.1,SI_Urb_23-803,"hd:N, obs:Good",1,14-28307/LES15-1066//12-26004
1018,IL2022F4S-12203,5.28,SI_Urb_23-829,"hd:N, obs:Normal",1,14-28307/LES15-1066//12-26004
1019,IL2022F4S-12204,4.54,SI_Urb_23-225,obs:Normal,1,14-28307/LES15-1066//12-26004
1020,IL2022F4S-12205,5.35,SI_Urb_23-68,obs:Good,1,14-28307/LES15-1066//12-26004
1021,IL2022F4S-12206,4.3,SI_Urb_23-448,obs:Good,1,14-28307/LES15-1066//12-26004
1022,IL2022F4S-12301,4.53,SI_Urb_23-438,obs:Fair,1,14-28444/P0762A1-2-8//15-4957
1023,IL2022F4S-12302,4.33,SI_Urb_23-322,obs:Normal,1,14-28444/P0762A1-2-8//15-4957
1024,IL2022F4S-12303,6.1,SI_Urb_23-533,obs:Normal,1,14-28444/P0762A1-2-8//15-4957
1026,IL2022F4S-12305,4.67,SI_Urb_23-718,obs:Fair,1,14-28444/P0762A1-2-8//15-4957
1027,IL2022F4S-12401,5.3,SI_Urb_23-155,obs:Fair,1,14-DC-64-95-118/MO080104//12-26004
1028,IL2022F4S-12402,5.65,SI_Urb_23-924,"hd:N, obs:Fair",1,14-DC-64-95-118/MO080104//12-26004
1030,IL2022F4S-12406,4.94,SI_Urb_23-737,"hd:L, obs:Fair",1,14-DC-64-95-118/MO080104//12-26004
1032,IL2022F4S-12409,5.2,SI_Urb_23-535,"hd:L, obs:Fair",1,14-DC-64-95-118/MO080104//12-26004
1033,IL2022F4S-12501,6.61,SI_Urb_23-1396,"hd:E, obs:Excellent ",1,14-DC-64-95-118/MO080104//12-8512
1034,IL2022F4S-12502,5.88,SI_Urb_23-1106,"hd:N, obs:Normal",1,14-DC-64-95-118/MO080104//12-8512
1036,IL2022F4S-12504,4.84,SI_Urb_23-229,obs:Good,1,14-DC-64-95-118/MO080104//12-8512
1037,IL2022F4S-12505,5.85,SI_Urb_23-931,"hd:L, obs:Normal",1,14-DC-64-95-118/MO080104//12-8512
1038,IL2022F4S-12506,6.07,SI_Urb_23-1288,"hd:N, obs:Normal",1,14-DC-64-95-118/MO080104//12-8512
1039,IL2022F4S-12507,4.84,SI_Urb_23-240,obs:Fair,1,14-DC-64-95-118/MO080104//12-8512
1040,IL2022F4S-12508,6.48,SI_Urb_23-348,"hd:E, obs:Good",1,14-DC-64-95-118/MO080104//12-8512
1041,IL2022F4S-12509,5.3,SI_Urb_23-835,"hd:N, obs:Normal",1,14-DC-64-95-118/MO080104//12-8512
1042,IL2022F4S-12601,4.42,SI_Urb_23-433,obs:Normal,1,14-DC-64-95-118/P0762A1-2-8//16-10427
1043,IL2022F4S-12603,5.91,SI_Urb_23-516,obs:Good,1,14-DC-64-95-118/P0762A1-2-8//16-10427
1044,IL2022F4S-12604,5.72,SI_Urb_23-702,obs:Good,1,14-DC-64-95-118/P0762A1-2-8//16-10427
1045,IL2022F4S-12606,4.7,SI_Urb_23-733,"hd:N, obs:Good",1,14-DC-64-95-118/P0762A1-2-8//16-10427
1046,IL2022F4S-12701,6.6,SI_Urb_23-1107,"hd:N, obs:Good",1,OH14-112-34/12-26004//16-11226
1047,IL2022F4S-12702,6.05,SI_Urb_23-1012,"hd:N, obs:Normal",1,OH14-112-34/12-26004//16-11226
1048,IL2022F4S-12801,5.07,SI_Urb_23-821,"hd:E, obs:Fair",1,OH14-112-34/12-26004//17-23868
1049,IL2022F4S-12803,4.25,SI_Urb_23-731,"hd:E, obs:Normal",1,OH14-112-34/12-26004//17-23868
1050,IL2022F4S-12804,4.85,SI_Urb_23-252,"hd:E, obs:Normal",1,OH14-112-34/12-26004//17-23868
1051,IL2022F4S-12805,4.51,SI_Urb_23-1002,"hd:E, obs:Normal",1,OH14-112-34/12-26004//17-23868
1052,IL2022F4S-12806,5.77,SI_Urb_23-425,"hd:E, obs:Good",1,OH14-112-34/12-26004//17-23868
1053,IL2022F4S-12807,4.46,SI_Urb_23-226,"hd:E, obs:Fair",1,OH14-112-34/12-26004//17-23868
1054,IL2022F4S-12808,7.44,SI_Urb_23-929,"hd:E, obs:Normal",1,OH14-112-34/12-26004//17-23868
1055,IL2022F4S-12901,4.19,SI_Urb_23-799,"hd:N, obs:Normal",1,OH14-112-34/14-DC-64-95-118//16-11226
1056,IL2022F4S-13001,6.14,SI_Urb_23-1296,"hd:N, obs:Normal",1,OH14-112-34/16-36048//16-28802
1057,IL2022F4S-13002,5.21,SI_Urb_23-324,"hd:E, obs:Normal",1,OH14-112-34/16-36048//16-28802
1058,IL2022F4S-1302,4.02,SI_Urb_23-808,"hd:N, obs:Normal",1,15-2639/17-23868
1059,IL2022F4S-1303,4,SI_Urb_23-621,"hd:E, obs:Normal",1,15-2639/17-23868
1060,IL2022F4S-13101,4.46,SI_Urb_23-1209,"hd:N, obs:Normal",1,OH14-112-34/16-36048//17-23868
1061,IL2022F4S-13102,5.4,SI_Urb_23-711,obs:Good,1,OH14-112-34/16-36048//17-23868
1063,IL2022F4S-13104,6.28,SI_Urb_23-1017,"hd:N, obs:Good",1,OH14-112-34/16-36048//17-23868
1064,IL2022F4S-13105,4.56,SI_Urb_23-1217,"hd:N, obs:Fair",1,OH14-112-34/16-36048//17-23868
1065,IL2022F4S-13106,6.49,SI_Urb_23-1298,"hd:E, obs:Normal",1,OH14-112-34/16-36048//17-23868
1066,IL2022F4S-13107,4.28,SI_Urb_23-636,obs:Fair,1,OH14-112-34/16-36048//17-23868
1067,IL2022F4S-13201,6,SI_Urb_23-1004,"hd:N, obs:Normal",1,OH14-112-34/16-36048//17-8620
1068,IL2022F4S-13202,5.32,SI_Urb_23-826,"hd:N, obs:Normal",1,OH14-112-34/16-36048//17-8620
1069,IL2022F4S-13203,5.7,SI_Urb_23-1096,"hd:E, obs:Fair",1,OH14-112-34/16-36048//17-8620
1071,IL2022F4S-13302,4.49,SI_Urb_23-814,"hd:E, obs:Fair",1,15-30529/OH14-112-72//12-26004
1072,IL2022F4S-13303,7.36,SI_Urb_23-1119,"hd:N, obs:Excellent ",1,15-30529/OH14-112-72//12-26004
1073,IL2022F4S-13304,5.02,SI_Urb_23-249,obs:Normal,1,15-30529/OH14-112-72//12-26004
1074,IL2022F4S-13305,5.14,SI_Urb_23-150,"hd:L, obs:Normal",1,15-30529/OH14-112-72//12-26004
1075,IL2022F4S-13401,4.78,SI_Urb_23-423,obs:Fair,1,15-30529/OH14-112-72//17-7976
1076,IL2022F4S-13402,5.85,SI_Urb_23-1087,"hd:N, obs:Good",1,15-30529/OH14-112-72//17-7976
1077,IL2022F4S-13501,3.99,SI_Urb_23-611,obs:Fair,1,15-30529/LES15-1066//16-10427
1078,IL2022F4S-13502,5.51,SI_Urb_23-1191,"hd:L, obs:Normal",1,15-30529/LES15-1066//16-10427
1079,IL2022F4S-13503,5.04,SI_Urb_23-811,"hd:L, obs:Normal",1,15-30529/LES15-1066//16-10427
1082,IL2022F4S-13701,4.86,SI_Urb_23-627,"hd:E, obs:Good",1,15-30529/LES15-1066//17-7976
1083,IL2022F4S-13801,5.31,SI_Urb_23-328,obs:Fair,1,OH14-112-72/12-26004//17-23868
1084,IL2022F4S-13802,4.39,SI_Urb_23-904,"hd:E, obs:Good",1,OH14-112-72/12-26004//17-23868
1085,IL2022F4S-13803,5.15,SI_Urb_23-1207,"hd:E, obs:Fair",1,OH14-112-72/12-26004//17-23868
1086,IL2022F4S-13804,5.47,SI_Urb_23-1470,"hd:E, obs:Fair",1,OH14-112-72/12-26004//17-23868
1087,IL2022F4S-13805,7.44,SI_Urb_23-1194,"hd:N, obs:Good",1,OH14-112-72/12-26004//17-23868
1088,IL2022F4S-13806,7.31,SI_Urb_23-902,"hd:N, obs:Good",1,OH14-112-72/12-26004//17-23868
1089,IL2022F4S-13807,5.18,SI_Urb_23-446,obs:Good,1,OH14-112-72/12-26004//17-23868
1091,IL2022F4S-13902,5.97,SI_Urb_23-1022,"hd:N, obs:Normal",1,OH14-112-72/14-DC-64-95-118//12-26004
1092,IL2022F4S-13903,5.26,SI_Urb_23-344,obs:Normal,1,OH14-112-72/14-DC-64-95-118//12-26004
1093,IL2022F4S-13904,3.92,SI_Urb_23-725,"hd:N, obs:Normal",1,OH14-112-72/14-DC-64-95-118//12-26004
1094,IL2022F4S-14001,6.76,SI_Urb_23-1213,"hd:N, obs:Normal",1,OH14-112-72/14-DC-64-95-118//12-8512
1095,IL2022F4S-14002,4.1,SI_Urb_23-1184,"hd:L, obs:Good",1,OH14-112-72/14-DC-64-95-118//12-8512
1096,IL2022F4S-14003,3.99,SI_Urb_23-447,obs:Normal,1,OH14-112-72/14-DC-64-95-118//12-8512
1097,IL2022F4S-1401,4.66,SI_Urb_23-320,obs:Good,1,15-2639/17-23904
1098,IL2022F4S-1402,4.23,SI_Urb_23-927,"hd:N, obs:Normal",1,15-2639/17-23904
1099,IL2022F4S-1404,5.25,SI_Urb_23-1215,"hd:E, obs:Fair",1,15-2639/17-23904
1100,IL2022F4S-1407,6,SI_Urb_23-236,obs:Good,1,15-2639/17-23904
1102,IL2022F4S-14102,4.86,SI_Urb_23-427,obs:Fair,1,OH14-112-72/14-DC-64-95-118//17-23904
1103,IL2022F4S-14103,6.68,SI_Urb_23-1188,"hd:N, obs:Normal",1,OH14-112-72/14-DC-64-95-118//17-23904
1106,IL2022F4S-14201,5.16,SI_Urb_23-1489,"hd:N, obs:Normal",1,OH14-112-72/14-DC-64-95-118//17-8620
1107,IL2022F4S-14202,7.04,SI_Urb_23-1500,"hd:N, obs:Normal",1,OH14-112-72/14-DC-64-95-118//17-8620
1108,IL2022F4S-14203,6.34,SI_Urb_23-1308,"hd:L, obs:Normal",1,OH14-112-72/14-DC-64-95-118//17-8620
1109,IL2022F4S-14204,7.57,SI_Urb_23-1485,"hd:N, obs:Normal",1,OH14-112-72/14-DC-64-95-118//17-8620
1110,IL2022F4S-14301,4.23,SI_Urb_23-644,obs:Fair,1,OH14-112-72/16-21764//17-12172
1111,IL2022F4S-14302,5.14,SI_Urb_23-142,obs:Good,1,OH14-112-72/16-21764//17-12172
1112,IL2022F4S-14303,5.78,SI_Urb_23-1091,"hd:N, obs:Normal",1,OH14-112-72/16-21764//17-12172
1113,IL2022F4S-14401,4.73,SI_Urb_23-610,obs:Normal,1,16-21764/MO080104//17-23868
1114,IL2022F4S-14402,4.1,SI_Urb_23-520,obs:Normal,1,16-21764/MO080104//17-23868
1115,IL2022F4S-14403,5.58,SI_Urb_23-518,obs:Good,1,16-21764/MO080104//17-23868
1116,IL2022F4S-14404,4.31,SI_Urb_23-234,obs:Fair,1,16-21764/MO080104//17-23868
1117,IL2022F4S-14405,6.26,SI_Urb_23-1190,"hd:L, obs:Normal",1,16-21764/MO080104//17-23868
1118,IL2022F4S-14501,5.4,SI_Urb_23-127,"hd:L, obs:Good",1,16-21764/MO080104//17-7976
1119,IL2022F4S-14505,5.63,SI_Urb_23-901,"hd:N, obs:Normal",1,16-21764/MO080104//17-7976
1120,IL2022F4S-14506,7.2,SI_Urb_23-925,"hd:L, obs:Fair",1,16-21764/MO080104//17-7976
1121,IL2022F4S-14507,3.87,SI_Urb_23-137,"hd:L, obs:Normal",1,16-21764/MO080104//17-7976
1124,IL2022F4S-14605,5.35,SI_Urb_23-1289,"hd:N, obs:Fair",1,16-21776/MO080104//12-8512
1125,IL2022F4S-14702,4.31,SI_Urb_23-631,obs:Fair,1,16-21776/MO080104//17-12172
1126,IL2022F4S-14706,5.08,SI_Urb_23-708,"hd:E, obs:Fair",1,16-21776/MO080104//17-12172
1127,IL2022F4S-14802,4.2,SI_Urb_23-340,obs:Fair,1,16-21776/OH14-112-34//12-26004
1128,IL2022F4S-14804,5.84,SI_Urb_23-1507,"hd:N, obs:Fair",1,16-21776/OH14-112-34//12-26004
1129,IL2022F4S-14805,5.56,SI_Urb_23-1299,"hd:N, obs:Fair",1,16-21776/OH14-112-34//12-26004
1130,IL2022F4S-14807,4.62,SI_Urb_23-994,"hd:E, obs:Fair",1,16-21776/OH14-112-34//12-26004
1131,IL2022F4S-14808,5.53,SI_Urb_23-1010,"hd:N, obs:Fair",1,16-21776/OH14-112-34//12-26004
1132,IL2022F4S-14809,4.98,SI_Urb_23-1210,"hd:E, obs:Normal",1,16-21776/OH14-112-34//12-26004
1133,IL2022F4S-14901,5.83,SI_Urb_23-442,obs:Fair,1,16-36048/OH14-112-72//12-26004
1134,IL2022F4S-14902,4.68,SI_Urb_23-630,obs:Good,1,16-36048/OH14-112-72//12-26004
1136,IL2022F4S-14904,5.84,SI_Urb_23-1491,"hd:E, obs:Fair",1,16-36048/OH14-112-72//12-26004
1137,IL2022F4S-14905,5.5,SI_Urb_23-1208,"hd:E, obs:Fair",1,16-36048/OH14-112-72//12-26004
1138,IL2022F4S-14906,4.99,SI_Urb_23-641,"hd:E, obs:Good",1,16-36048/OH14-112-72//12-26004
1140,IL2022F4S-15003,4.87,SI_Urb_23-1186,"hd:N, obs:Good",1,P0762A1-2-8/15-2639//16-19346
1141,IL2022F4S-1501,4.49,SI_Urb_23-807,"hd:N, obs:Normal",1,15-27270/12-8512
1142,IL2022F4S-1502,4.28,SI_Urb_23-624,obs:Normal,1,15-27270/12-8512
1143,IL2022F4S-1503,5.54,SI_Urb_23-338,"hd:E, obs:Normal",1,15-27270/12-8512
1144,IL2022F4S-1504,6.8,SI_Urb_23-1385,"hd:E, obs:Normal",1,15-27270/12-8512
1146,IL2022F4S-15101,4.24,SI_Urb_23-815,"hd:N, obs:Fair",1,16-36048/LES15-1066//12-26004
1148,IL2022F4S-15103,5.09,SI_Urb_23-31,"hd:N, obs:Fair",1,16-36048/LES15-1066//12-26004
1152,IL2022F4S-15201,3.75,SI_Urb_23-1279,"hd:E, obs:Fair",1,16-36048/LES15-1066//16-10427
1153,IL2022F4S-15202,5.42,SI_Urb_23-1013,"hd:E, obs:Fair",1,16-36048/LES15-1066//16-10427
1154,IL2022F4S-15203,5.04,SI_Urb_23-635,"hd:E, obs:Fair",1,16-36048/LES15-1066//16-10427
1156,IL2022F4S-15301,5.4,SI_Urb_23-1390,"hd:N, obs:Fair",1,16-36048/LES15-1066//16-32772
1157,IL2022F4S-15302,4.48,SI_Urb_23-422,obs:Fair,1,16-36048/LES15-1066//16-32772
1158,IL2022F4S-15303,3.56,SI_Urb_23-41,"hd:L, obs:Normal",1,16-36048/LES15-1066//16-32772
1159,IL2022F4S-15304,4.73,SI_Urb_23-1398,"hd:N, obs:Normal",1,16-36048/LES15-1066//16-32772
1160,IL2022F4S-15305,5.94,SI_Urb_23-922,"hd:N, obs:Fair",1,16-36048/LES15-1066//16-32772
1162,IL2022F4S-15401,4.49,SI_Urb_23-161,"hd:E, obs:Good",1,16Ae358USDA/ND)/IL12-26004//17-23868
1163,IL2022F4S-15402,5.52,SI_Urb_23-1377,"hd:N, obs:Fair",1,16Ae358USDA/ND)/IL12-26004//17-23868
1164,IL2022F4S-15501,5.34,SI_Urb_23-991,"hd:E, obs:Normal",1,16Ae358USDA/ND)/IL12-26004//17-8620
1165,IL2022F4S-15502,4.5,SI_Urb_23-543,obs:Fair,1,16Ae358USDA/ND)/IL12-26004//17-8620
1166,IL2022F4S-15503,5.67,SI_Urb_23-1218,"hd:N, obs:Normal",1,16Ae358USDA/ND)/IL12-26004//17-8620
1167,IL2022F4S-15504,4.61,SI_Urb_23-510,obs:Normal,1,16Ae358USDA/ND)/IL12-26004//17-8620
1168,IL2022F4S-15505,6.17,SI_Urb_23-1508,"hd:N, obs:Fair",1,16Ae358USDA/ND)/IL12-26004//17-8620
1169,IL2022F4S-15506,4.64,SI_Urb_23-628,obs:Fair,1,16Ae358USDA/ND)/IL12-26004//17-8620
1170,IL2022F4S-15601,5.46,SI_Urb_23-1116,"hd:L, obs:Fair",1,16Ae358USDA/ND)/IL12-26004//P0762A1-2-8/16-8048
1171,IL2022F4S-15701,4.97,SI_Urb_23-352,obs:Normal,1,16Ae358USDA/ND)/IL14-28307//16-37107
1172,IL2022F4S-157010,5.07,SI_Urb_23-141,obs:Good,1,16Ae358USDA/ND)/IL14-28307//16-37107
1173,IL2022F4S-157011,5.39,SI_Urb_23-1404,"hd:E, obs:Normal",1,16Ae358USDA/ND)/IL14-28307//16-37107
1175,IL2022F4S-15704,6.25,SI_Urb_23-1220,"hd:N, obs:Normal",1,16Ae358USDA/ND)/IL14-28307//16-37107
1176,IL2022F4S-15705,5.83,SI_Urb_23-1284,"hd:L, obs:Fair",1,16Ae358USDA/ND)/IL14-28307//16-37107
1177,IL2022F4S-15706,5.38,SI_Urb_23-798,"hd:L, obs:Normal",1,16Ae358USDA/ND)/IL14-28307//16-37107
1178,IL2022F4S-15707,4.76,SI_Urb_23-434,"hd:E, obs:Normal",1,16Ae358USDA/ND)/IL14-28307//16-37107
1179,IL2022F4S-15708,6.31,SI_Urb_23-836,"hd:N, obs:Fair",1,16Ae358USDA/ND)/IL14-28307//16-37107
1180,IL2022F4S-15709,5.58,SI_Urb_23-1198,"hd:N, obs:Normal",1,16Ae358USDA/ND)/IL14-28307//16-37107
1181,IL2022F4S-15801,5.13,SI_Urb_23-820,"hd:E, obs:Good",1,16Ae358USDA/ND)/IL14-DC-64-95-118//17-23868
1182,IL2022F4S-15802,6.12,SI_Urb_23-1305,"hd:N, obs:Normal",1,16Ae358USDA/ND)/IL14-DC-64-95-118//17-23868
1183,IL2022F4S-15803,4.65,SI_Urb_23-1303,"hd:N, late, obs:Normal",1,16Ae358USDA/ND)/IL14-DC-64-95-118//17-23868
1184,IL2022F4S-15804,6.34,SI_Urb_23-1088,"hd:E, obs:Good",1,16Ae358USDA/ND)/IL14-DC-64-95-118//17-23868
1185,IL2022F4S-15903,5.35,SI_Urb_23-1212,"hd:E, obs:Fair",1,16Ae360USDA/ND)/IL16-8048//16-11226
1186,IL2022F4S-16001,4.89,SI_Urb_23-616,obs:Fair,1,16Ae360USDA/ND)/IL16-8048//17-7976
1187,IL2022F4S-16002,4.53,SI_Urb_23-930,"hd:N, obs:Fair",1,16Ae360USDA/ND)/IL16-8048//17-7976
1188,IL2022F4S-16003,5.99,SI_Urb_23-990,"hd:E, obs:Fair",1,16Ae360USDA/ND)/IL16-8048//17-7976
1189,IL2022F4S-16004,5.62,SI_Urb_23-327,"hd:L, obs:Good",1,16Ae360USDA/ND)/IL16-8048//17-7976
1190,IL2022F4S-16005,4.09,SI_Urb_23-436,"hd:L, obs:Good",1,16Ae360USDA/ND)/IL16-8048//17-7976
1191,IL2022F4S-16006,6.13,SI_Urb_23-894,"hd:N, obs:Fair",1,16Ae360USDA/ND)/IL16-8048//17-7976
1192,IL2022F4S-1602,4.63,SI_Urb_23-432,"hd:E, obs:Fair",1,15-27270/15-4957
1193,IL2022F4S-16101,3.64,SI_Urb_23-440,"hd:L, obs:Good",1,16Ae362USDA/ND)/IL07-2072816-28753
1194,IL2022F4S-16103,3.89,SI_Urb_23-156,"hd:L, obs:Normal",1,16Ae362USDA/ND)/IL07-2072816-28753
1195,IL2022F4S-16104,3.97,SI_Urb_23-997,"hd:N, obs:Fair",1,16Ae362USDA/ND)/IL07-2072816-28753
1196,IL2022F4S-16106,5.42,SI_Urb_23-1285,"hd:E, obs:Good",1,16Ae362USDA/ND)/IL07-2072816-28753
1197,IL2022F4S-16201,3.64,SI_Urb_23-51,"hd:L, pale green , obs:Fair",1,07-4415/16-33067//17-8620
1198,IL2022F4S-16401,7.19,SI_Urb_23-1495,"hd:E, obs:Normal",1,P0762A1-2-8/15-30529//12-26004
1199,IL2022F4S-16501,3.92,SI_Urb_23-1185,"hd:E, obs:Fair",1,P0762A1-2-8/15-30529//12-8512
1201,IL2022F4S-16801,4.63,SI_Urb_23-416,"hd:L, obs:Good",1,P0762A1-2-8/16-8048//17-23904
1202,IL2022F4S-17002,6.74,SI_Urb_23-1093,"hd:N, obs:Excellent ",1,P0762A1-2-8/16-21764//12-8512
1203,IL2022F4S-17004,3.55,SI_Urb_23-547,"hd:L, obs:Normal",1,P0762A1-2-8/16-21764//12-8512
1205,IL2022F4S-17302,4.88,SI_Urb_23-1115,"hd:N, obs:Normal",1,P0762A1-2-8/16-36048//17-12172
1207,IL2022F4S-17401,3.63,SI_Urb_23-727,"hd:N, obs:Fair",1,P0762A1-2-8/16-36048//17-23904
1209,IL2022F4S-17601,3.91,SI_Urb_23-1382,"hd:N, obs:Fair",1,LES15-1066/12-26004//17-12172
1212,IL2022F4S-17605,6.65,SI_Urb_23-914,"hd:L, obs:Fair",1,LES15-1066/12-26004//17-12172
1213,IL2022F4S-17701,3.53,SI_Urb_23-413,obs:Fair,1,LES15-1066/12-26004//17-23868
1214,IL2022F4S-17901,5.11,SI_Urb_23-53,"hd:N, obs:Good",1,LES15-1066/12-26004//P0762A1-2-8/15-30529
1215,IL2022F4S-17902,3.94,SI_Urb_23-132,"hd:L, obs:Fair",1,LES15-1066/12-26004//P0762A1-2-8/15-30529
1216,IL2022F4S-17903,3.63,SI_Urb_23-1201,"hd:N, obs:Fair",1,LES15-1066/12-26004//P0762A1-2-8/15-30529
1217,IL2022F4S-18001,4.44,SI_Urb_23-512,obs:Normal,1,LES15-1066/14-DC-64-95-118//17-23904
1219,IL2022F4S-1802,5.89,SI_Urb_23-1281,"hd:N, obs:Good",1,15-27270/16-11226
1221,IL2022F4S-18103,5.08,SI_Urb_23-812,"hd:N, obs:Fair",1,LES15-1066/14-DC-64-95-118//17-8620
1222,IL2022F4S-18104,4.7,SI_Urb_23-541,obs:Normal,1,LES15-1066/14-DC-64-95-118//17-8620
1223,IL2022F4S-18201,6.75,SI_Urb_23-1372,"hd:N, obs:Normal",1,LES15-1066/16-21764//16-11226
1224,IL2022F4S-18202,6.23,SI_Urb_23-1293,"hd:N, obs:Normal",1,LES15-1066/16-21764//16-11226
1225,IL2022F4S-18203,4.63,SI_Urb_23-258,obs:Fair,1,LES15-1066/16-21764//16-11226
1227,IL2022F4S-18301,5.35,SI_Urb_23-1027,"hd:N, obs:Fair",1,LES15-1066/16-21764//17-7976
1228,IL2022F4S-18401,6.62,SI_Urb_23-1401,"hd:N, obs:Normal",1,LES15-1066/16-21764//16Ae358USDA/ND)/IL12-26004
1229,IL2022F4S-18402,4.53,SI_Urb_23-353,"hd:L, obs:Good",1,LES15-1066/16-21764//16Ae358USDA/ND)/IL12-26004
1230,IL2022F4S-18403,3.8,SI_Urb_23-721,"hd:L, obs:Good",1,LES15-1066/16-21764//16Ae358USDA/ND)/IL12-26004
1231,IL2022F4S-18404,6.05,SI_Urb_23-1387,"hd:N, obs:Normal",1,LES15-1066/16-21764//16Ae358USDA/ND)/IL12-26004
1233,IL2022F4S-18501,7.13,SI_Urb_23-1025,"hd:L, obs:Normal",1,LES15-1066/16-21764//P0762A1-2-8/16-36048
1237,IL2022F4S-18505,4.71,SI_Urb_23-524,"hd:L, obs:Good",1,LES15-1066/16-21764//P0762A1-2-8/16-36048
1238,IL2022F4S-18506,6.1,SI_Urb_23-921,"hd:L, obs:Good",1,LES15-1066/16-21764//P0762A1-2-8/16-36048
1239,IL2022F4S-18601,4.03,SI_Urb_23-714,obs:Good,1,MO080104/16-36048//16-11226
1240,IL2022F4S-18701,3.84,SI_Urb_23-736,"hd:L, obs:Normal",1,MSFRSF2_21
1241,IL2022F4S-18702,5.38,SI_Urb_23-335,obs:Good,1,MSFRSF2_21
1242,IL2022F4S-18703,5.74,SI_Urb_23-1028,"hd:L, obs:Good",1,MSFRSF2_21
1244,IL2022F4S-18706,4.81,SI_Urb_23-819,"hd:L, obs:Good",1,MSFRSF2_21
1245,IL2022F4S-18707,4.7,SI_Urb_23-801,"hd:L, obs:Good",1,MSFRSF2_21
1246,IL2022F4S-18708,4.88,SI_Urb_23-67,"hd:L, obs:Normal",1,MSFRSF2_21
1247,IL2022F4S-18801,4.27,SI_Urb_23-810,"hd:N, obs:Fair",1,MSFRSF2_21
1248,IL2022F4S-18904,3.54,SI_Urb_23-149,obs:Fair,1,MSFRSF2_21
1249,IL2022F4S-19001,5.46,SI_Urb_23-834,"hd:N, obs:Good",1,MSFRSF2_21
1250,IL2022F4S-19002,5.56,SI_Urb_23-1506,"hd:N, obs:Normal",1,MSFRSF2_21
1251,IL2022F4S-19003,4.89,SI_Urb_23-715,obs:Normal,1,MSFRSF2_21
1252,IL2022F4S-19004,5.11,SI_Urb_23-1381,"hd:N, obs:Fair",1,MSFRSF2_21
1253,IL2022F4S-1901,4.67,SI_Urb_23-29,"hd:N, obs:Normal",1,15-27270/17-23868
1255,IL2022F4S-1904,4.51,SI_Urb_23-424,obs:Normal,1,15-27270/17-23868
1258,IL2022F4S-19204,5.63,SI_Urb_23-920,"hd:E, obs:Normal",1,MSFRSF2_21
1259,IL2022F4S-19301,5.52,SI_Urb_23-905,"hd:N, obs:Good",1,MSFRSF2_21
1260,IL2022F4S-19302,4.75,SI_Urb_23-816,"hd:L, late, obs:Normal",1,MSFRSF2_21
1261,IL2022F4S-19303,4.64,SI_Urb_23-351,"hd:N, obs:Good",1,MSFRSF2_21
1262,IL2022F4S-19304,6.64,SI_Urb_23-1395,"hd:L, late, obs:Normal",1,MSFRSF2_21
1263,IL2022F4S-19305,6.58,SI_Urb_23-1406,"hd:N, obs:Normal",1,MSFRSF2_21
1264,IL2022F4S-19306,4.91,SI_Urb_23-527,obs:Good,1,MSFRSF2_21
1265,IL2022F4S-19307,6.4,SI_Urb_23-992,"hd:N, obs:Normal",1,MSFRSF2_21
1266,IL2022F4S-19308,4.8,SI_Urb_23-545,obs:Good,1,MSFRSF2_21
1267,IL2022F4S-19309,6.35,SI_Urb_23-911,"hd:N, obs:Normal",1,MSFRSF2_21
1268,IL2022F4S-19402,4.61,SI_Urb_23-1124,"hd:N, obs:Normal",1,MSFRSF2_21
1270,IL2022F4S-19501,4.2,SI_Urb_23-532,obs:Good,1,MSFRSF2_21
1271,IL2022F4S-19503,4.74,SI_Urb_23-1090,"hd:N, obs:Fair",1,MSFRSF2_21
1272,IL2022F4S-19601,4.4,SI_Urb_23-1009,"hd:N, obs:Normal",1,MSFRSF2_21
1273,IL2022F4S-19603,4.8,SI_Urb_23-1493,"hd:N, obs:Normal",1,MSFRSF2_21
1274,IL2022F4S-19604,4.63,SI_Urb_23-923,"hd:N, obs:Fair",1,MSFRSF2_21
1275,IL2022F4S-19701,4.81,SI_Urb_23-251,"hd:L, obs:Good",1,MSFRSF2_21
1276,IL2022F4S-19702,7.73,SI_Urb_23-1502,"hd:N, obs:Normal",1,MSFRSF2_21
1277,IL2022F4S-19703,7.01,SI_Urb_23-1306,"hd:N, obs:Good",1,MSFRSF2_21
1278,IL2022F4S-19704,5.34,SI_Urb_23-42,"hd:L, obs:Excellent ",1,MSFRSF2_21
1279,IL2022F4S-19705,4.68,SI_Urb_23-128,obs:Fair,1,MSFRSF2_21
1280,IL2022F4S-19706,5.39,SI_Urb_23-908,"hd:L, obs:Normal",1,MSFRSF2_21
1281,IL2022F4S-19707,6.68,SI_Urb_23-428,obs:Good,1,MSFRSF2_21
1282,IL2022F4S-19708,6.79,SI_Urb_23-896,"hd:N, obs:Normal",1,MSFRSF2_21
1283,IL2022F4S-19709,5.31,SI_Urb_23-1379,"hd:N, obs:Normal",1,MSFRSF2_21
1287,IL2022F4S-19903,6.81,SI_Urb_23-1205,"hd:N, obs:Fair",1,MSFRSF2_21
1289,IL2022F4S-20002,5,SI_Urb_23-223,"hd:L, obs:Good",1,MSFRSF2_21
1290,IL2022F4S-20003,6.69,SI_Urb_23-1501,"hd:N, obs:Normal",1,MSFRSF2_21
1292,IL2022F4S-2002,5.15,SI_Urb_23-906,"hd:N, obs:Good",1,15-27270/17-23904
1293,IL2022F4S-2003,5.69,SI_Urb_23-1286,"hd:N, obs:Fair",1,15-27270/17-23904
1294,IL2022F4S-20101,7.52,SI_Urb_23-1505,"hd:L, obs:Normal",1,MSFRSF2_21
1295,IL2022F4S-20102,3.88,SI_Urb_23-542,obs:Fair,1,MSFRSF2_21
1297,IL2022F4S-20104,7.44,SI_Urb_23-1407,"hd:N, obs:Normal",1,MSFRSF2_21
1298,IL2022F4S-20105,3.64,SI_Urb_23-136,"hd:L, obs:Good",1,MSFRSF2_21
1299,IL2022F4S-20106,5.99,SI_Urb_23-332,"hd:L, obs:Normal",1,MSFRSF2_21
1300,IL2022F4S-20107,3.64,SI_Urb_23-536,"hd:L, obs:Fair",1,MSFRSF2_21
1301,IL2022F4S-20108,5.74,SI_Urb_23-833,"hd:E, obs:Good",1,MSFRSF2_21
1302,IL2022F4S-20201,4.39,SI_Urb_23-1311,"hd:E, obs:Fair",1,MSFRSF2_21
1303,IL2022F4S-20202,3.52,SI_Urb_23-54,"hd:E, obs:Excellent ",1,MSFRSF2_21
1304,IL2022F4S-20203,3.94,SI_Urb_23-34,"hd:N, obs:Normal",1,MSFRSF2_21
1305,IL2022F4S-20301,4.81,SI_Urb_23-1389,"hd:N, obs:Normal",1,MSFRSF2_21
1306,IL2022F4S-20302,3.91,SI_Urb_23-1403,"hd:N, obs:Normal",1,MSFRSF2_21
1307,IL2022F4S-20303,3.76,SI_Urb_23-224,"hd:L, obs:Good",1,MSFRSF2_21
1308,IL2022F4S-20304,3.52,SI_Urb_23-57,obs:Fair,1,MSFRSF2_21
1310,IL2022F4S-20401,3.91,SI_Urb_23-65,"hd:N, obs:Good",1,MSFRSF2_21
1311,IL2022F4S-20403,5.74,SI_Urb_23-1085,"hd:N, obs:Normal",1,MSFRSF2_21
1312,IL2022F4S-20404,4.85,SI_Urb_23-1297,"hd:N, obs:Good",1,MSFRSF2_21
1313,IL2022F4S-205,4.03,SI_Urb_23-1378,"hd:N, obs:Normal",1,12-26004/17-23868
1314,IL2022F4S-20501,3.83,SI_Urb_23-55,"hd:L, obs:Good",1,MSFRSF2_21
1315,IL2022F4S-20502,4.95,SI_Urb_23-248,obs:Normal,1,MSFRSF2_21
1316,IL2022F4S-20503,3.89,SI_Urb_23-143,obs:Fair,1,MSFRSF2_21
1317,IL2022F4S-20504,3.6,SI_Urb_23-897,"hd:N, obs:Good",1,MSFRSF2_21
1318,IL2022F4S-20505,4.98,SI_Urb_23-1468,"hd:N, obs:Good",1,MSFRSF2_21
1319,IL2022F4S-20506,4.84,SI_Urb_23-910,"hd:N, obs:Normal",1,MSFRSF2_21
1320,IL2022F4S-20507,4.33,SI_Urb_23-420,obs:Good,1,MSFRSF2_21
1321,IL2022F4S-20701,4.97,SI_Urb_23-347,obs:Good,1,MSFRSF2_21
1322,IL2022F4S-20902,5.81,SI_Urb_23-1199,"hd:N, obs:Normal",1,MSFRSF2_21
1323,IL2022F4S-20903,6.38,SI_Urb_23-546,obs:Good,1,MSFRSF2_21
1324,IL2022F4S-21001,6.07,SI_Urb_23-63,"hd:N, obs:Excellent ",1,MSFRSF2_21
1325,IL2022F4S-210010,5.35,SI_Urb_23-154,"hd:L, obs:Good",1,MSFRSF2_21
1326,IL2022F4S-21002,4.94,SI_Urb_23-642,obs:Good,1,MSFRSF2_21
1327,IL2022F4S-21003,6.03,SI_Urb_23-1110,"hd:N, obs:Good",1,MSFRSF2_21
1328,IL2022F4S-21004,5.51,SI_Urb_23-356,obs:Good,1,MSFRSF2_21
1329,IL2022F4S-21005,6.08,SI_Urb_23-1000,"hd:L, obs:Normal",1,MSFRSF2_21
1330,IL2022F4S-21006,6.81,SI_Urb_23-1182,"hd:N, obs:Good",1,MSFRSF2_21
1331,IL2022F4S-21007,4.86,SI_Urb_23-1019,"hd:N, obs:Fair",1,MSFRSF2_21
1332,IL2022F4S-21008,5.99,SI_Urb_23-341,obs:Fair,1,MSFRSF2_21
1333,IL2022F4S-21009,5.93,SI_Urb_23-719,obs:Good,1,MSFRSF2_21
1334,IL2022F4S-2101,5.02,SI_Urb_23-519,obs:Good,1,15-27270/17-29544
1335,IL2022F4S-2102,4.86,SI_Urb_23-350,obs:Good,1,15-27270/17-29544
1336,IL2022F4S-2103,4.52,SI_Urb_23-806,"hd:N, obs:Normal",1,15-27270/17-29544
1337,IL2022F4S-2104,6.12,SI_Urb_23-893,"hd:N, obs:Good",1,15-27270/17-29544
1338,IL2022F4S-2105,4.46,SI_Urb_23-735,"hd:N, obs:Normal",1,15-27270/17-29544
1339,IL2022F4S-2106,5.69,SI_Urb_23-321,obs:Good,1,15-27270/17-29544
1341,IL2022F4S-21102,5.06,SI_Urb_23-1084,"hd:N, obs:Fair",1,MSFRSF2_21
1342,IL2022F4S-21103,5.39,SI_Urb_23-805,"hd:E, obs:Good",1,MSFRSF2_21
1344,IL2022F4S-21201,5.28,SI_Urb_23-1221,"hd:N, bearded , obs:Good",1,MSFRSF2_21
1345,IL2022F4S-21202,4.22,SI_Urb_23-151,"hd:E, obs:Good",1,MSFRSF2_21
1346,IL2022F4S-21203,5.81,SI_Urb_23-1375,"hd:E, obs:Good",1,MSFRSF2_21
1347,IL2022F4S-21204,6.27,SI_Urb_23-1282,"hd:E, bearded , obs:Excellent ",1,MSFRSF2_21
1348,IL2022F4S-21205,5.19,SI_Urb_23-643,obs:Good,1,MSFRSF2_21
1349,IL2022F4S-21302,5.26,SI_Urb_23-544,obs:Normal,1,MSFRSF2_21
1350,IL2022F4S-21303,3.9,SI_Urb_23-813,"hd:L, obs:Fair",1,MSFRSF2_21
1351,IL2022F4S-21305,6.61,SI_Urb_23-239,obs:Good,1,MSFRSF2_21
1352,IL2022F4S-21306,4.68,SI_Urb_23-515,obs:Normal,1,MSFRSF2_21
1353,IL2022F4S-21601,5.67,SI_Urb_23-1098,"hd:L, obs:Normal",1,MSFRSF2_21
1354,IL2022F4S-2202,3.94,SI_Urb_23-228,"hd:L, obs:Normal",1,15-27270/17-9839
1355,IL2022F4S-2401,4.33,SI_Urb_23-250,"big heads, high tillering, obs:Fair",1,15-27666/16-11226
1356,IL2022F4S-2402,4.71,SI_Urb_23-421,obs:Fair,1,15-27666/16-11226
1357,IL2022F4S-2501,4.91,SI_Urb_23-530,obs:Fair,1,15-27666/16-28802
1358,IL2022F4S-2503,3.73,SI_Urb_23-723,"hd:E, obs:Normal",1,15-27666/16-28802
1359,IL2022F4S-2504,4.56,SI_Urb_23-726,"hd:E, obs:Normal",1,15-27666/16-28802
1360,IL2022F4S-2601,5.6,SI_Urb_23-1499,"hd:E, obs:Normal",1,15-27666/17-23868
1362,IL2022F4S-2704,6.26,SI_Urb_23-1026,"hd:E, obs:Excellent ",1,15-30529/17-23868
1363,IL2022F4S-2802,5.07,SI_Urb_23-430,obs:Good,1,15-4957/16-36176
1364,IL2022F4S-2902,5.1,SI_Urb_23-1092,"hd:N, obs:Fair",1,15-4957/16-37107
1365,IL2022F4S-3011,4.42,SI_Urb_23-232,obs:Fair,1,12-26004/17-23904
1366,IL2022F4S-3012,4.85,SI_Urb_23-431,"hd:E, obs:Fair",1,12-26004/17-23904
1367,IL2022F4S-3202,4.93,SI_Urb_23-346,"hd:L, obs:Normal",1,16-10427/17-23904
1368,IL2022F4S-3204,5.48,SI_Urb_23-999,"hd:N, obs:Normal",1,16-10427/17-23904
1369,IL2022F4S-3205,3.77,SI_Urb_23-638,obs:Normal,1,16-10427/17-23904
1370,IL2022F4S-3206,4.6,SI_Urb_23-243,obs:Fair,1,16-10427/17-23904
1374,IL2022F4S-3401,3.55,SI_Urb_23-355,"sprawling, obs:Fair",1,16-11226/12-26004
1377,IL2022F4S-3503,5.26,SI_Urb_23-606,obs:Fair,1,16-11226/16-28802
1381,IL2022F4S-3801,5.03,SI_Urb_23-1307,"hd:E, obs:Fair",1,16-12770//LES15-1066/16-21764
1382,IL2022F4S-3901,4.34,SI_Urb_23-1310,"hd:E, obs:Fair",1,16-19346/17-23904
1383,IL2022F4S-3903,6.55,SI_Urb_23-1011,"hd:E, obs:Normal",1,16-19346/17-23904
1384,IL2022F4S-3904,5.68,SI_Urb_23-40,"hd:N, obs:Normal",1,16-19346/17-23904
1385,IL2022F4S-3905,3.68,SI_Urb_23-640,obs:Normal,1,16-19346/17-23904
1386,IL2022F4S-3906,3.84,SI_Urb_23-701,obs:Fair,1,16-19346/17-23904
1389,IL2022F4S-4202,4.33,SI_Urb_23-912,"hd:N, obs:Good",1,16-28753/16-36176
1390,IL2022F4S-4401,4.87,SI_Urb_23-1086,"hd:N, obs:Fair",1,16-28802/17-12172
1391,IL2022F4S-4402,5.88,SI_Urb_23-633,obs:Normal,1,16-28802/17-12172
1392,IL2022F4S-4403,4.73,SI_Urb_23-1193,"hd:N, obs:Fair",1,16-28802/17-12172
1394,IL2022F4S-4501,4.28,SI_Urb_23-235,"hd:E, obs:Fair",1,16-28802/17-23868
1395,IL2022F4S-4502,4.66,SI_Urb_23-1183,"hd:N, obs:Good",1,16-28802/17-23868
1396,IL2022F4S-4504,5.57,SI_Urb_23-915,"hd:E, obs:Normal",1,16-28802/17-23868
1397,IL2022F4S-4505,5.28,SI_Urb_23-1101,"hd:E, obs:Normal",1,16-28802/17-23868
1398,IL2022F4S-4602,6.26,SI_Urb_23-1383,"hd:E, obs:Normal",1,16-28802/17-23902
1399,IL2022F4S-4604,5.52,SI_Urb_23-1301,"hd:E, obs:Fair",1,16-28802/17-23902
1400,IL2022F4S-4802,4.82,SI_Urb_23-625,obs:Normal,1,16-28802//OH14-112-34/16-36048
1402,IL2022F4S-4902,3.56,SI_Urb_23-1494,"hd:N, obs:Fair",1,16-36048/15-4957
1403,IL2022F4S-4903,5.11,SI_Urb_23-1021,"hd:N, obs:Normal",1,16-36048/15-4957
1405,IL2022F4S-5003,4.5,SI_Urb_23-259,obs:Fair,1,16-36048/16-11226
1406,IL2022F4S-5004,6.34,SI_Urb_23-1113,"hd:E, obs:Normal",1,16-36048/16-11226
1407,IL2022F4S-501,6.4,SI_Urb_23-1211,"hd:N, obs:Fair",1,15-23803/12-8512
1408,IL2022F4S-503,4.72,SI_Urb_23-511,obs:Good,1,15-23803/12-8512
1409,IL2022F4S-5101,5.62,SI_Urb_23-705,obs:Fair,1,16-36048/16-28802
1410,IL2022F4S-5102,4.43,SI_Urb_23-1287,"hd:E, obs:Fair",1,16-36048/16-28802
1411,IL2022F4S-5103,5.32,SI_Urb_23-1384,"hd:E, obs:Normal",1,16-36048/16-28802
1412,IL2022F4S-5104,4.76,SI_Urb_23-1386,"hd:E, obs:Fair",1,16-36048/16-28802
1413,IL2022F4S-5106,5.11,SI_Urb_23-1300,"hd:E, obs:Fair",1,16-36048/16-28802
1415,IL2022F4S-5201,3.62,SI_Urb_23-609,obs:Normal,1,16-36048/17-23868
1416,IL2022F4S-5202,4.57,SI_Urb_23-435,obs:Fair,1,16-36048/17-23868
1418,IL2022F4S-5204,3.97,SI_Urb_23-414,obs:Normal,1,16-36048/17-23868
1419,IL2022F4S-5301,5.06,SI_Urb_23-241,obs:Normal,1,16-36048/17-23902
1420,IL2022F4S-5302,7.08,SI_Urb_23-1294,"hd:N, obs:Fair",1,16-36048/17-23902
1421,IL2022F4S-5303,5.4,SI_Urb_23-247,obs:Normal,1,16-36048/17-23902
1422,IL2022F4S-5403,4.85,SI_Urb_23-1099,"hd:N, obs:Fair",1,16-36048/17-23904
1423,IL2022F4S-5503,5.49,SI_Urb_23-1180,"hd:N, obs:Normal",1,16-36176/16-11226
1424,IL2022F4S-5601,5.34,SI_Urb_23-608,"hd:E, obs:Good",1,16-36206/12-26004
1426,IL2022F4S-5603,6.04,SI_Urb_23-1197,"hd:E, short, obs:Normal",1,16-36206/12-26004
1427,IL2022F4S-5604,7.41,SI_Urb_23-1125,"hd:N, obs:Good",1,16-36206/12-26004
1428,IL2022F4S-5701,5.75,SI_Urb_23-932,"hd:N, obs:Fair",1,16-36206/16-11226
1429,IL2022F4S-5702,6.27,SI_Urb_23-1291,"hd:E, obs:Normal",1,16-36206/16-11226
1430,IL2022F4S-5703,3.68,SI_Urb_23-257,obs:Fair,1,16-36206/16-11226
1431,IL2022F4S-5801,6.44,SI_Urb_23-1029,"hd:E, obs:Good",1,16-36206/17-23868
1432,IL2022F4S-6001,4.88,SI_Urb_23-526,"hd:E, obs:Fair",1,16-37107/16-11226
1433,IL2022F4S-6003,4.11,SI_Urb_23-622,obs:Fair,1,16-37107/16-11226
1434,IL2022F4S-6201,6.72,SI_Urb_23-1309,"hd:E, obs:Fair",1,16-37107/17-23904
1435,IL2022F4S-6301,7.31,SI_Urb_23-895,"hd:L, obs:Good",1,16-8048/15-2639
1436,IL2022F4S-6302,7.57,SI_Urb_23-1192,hd:L,1,16-8048/15-2639
1437,IL2022F4S-6303,6,SI_Urb_23-1117,"hd:N, obs:Good",1,16-8048/15-2639
1438,IL2022F4S-6401,6.12,SI_Urb_23-1410,"hd:N, obs:Normal",1,16-8048/15-4957
1439,IL2022F4S-6402,5.34,SI_Urb_23-898,"hd:N, obs:Good",1,16-8048/15-4957
1440,IL2022F4S-6403,5.64,SI_Urb_23-1006,"hd:N, obs:Good",1,16-8048/15-4957
1441,IL2022F4S-6404,5.75,SI_Urb_23-429,obs:Good,1,16-8048/15-4957
1442,IL2022F4S-6501,4.54,SI_Urb_23-529,"hd:L, obs:Normal",1,16-8048/16-11226
1443,IL2022F4S-6602,5.1,SI_Urb_23-900,"hd:N, obs:Fair",1,16-8048/16-28802
1444,IL2022F4S-6604,5.27,SI_Urb_23-337,"hd:L, thick, obs:Good",1,16-8048/16-28802
1445,IL2022F4S-6605,3.91,SI_Urb_23-222,obs:Normal,1,16-8048/16-28802
1446,IL2022F4S-6701,3.65,SI_Urb_23-145,"hd:L, obs:Good",1,16-8048/17-13024
1447,IL2022F4S-6702,5,SI_Urb_23-720,obs:Good,1,16-8048/17-13024
1448,IL2022F4S-6703,3.71,SI_Urb_23-730,"hd:N, obs:Fair",1,16-8048/17-13024
1449,IL2022F4S-6801,6.47,SI_Urb_23-1492,"hd:N, obs:Normal",1,16-8048/17-23904
1450,IL2022F4S-6802,5.31,SI_Urb_23-1109,"hd:L, obs:Good",1,16-8048/17-23904
1451,IL2022F4S-6803,5.46,SI_Urb_23-907,"hd:L, obs:Good",1,16-8048/17-23904
1452,IL2022F4S-6805,6.33,SI_Urb_23-1189,"hd:L, obs:Fair",1,16-8048/17-23904
1453,IL2022F4S-6902,6.25,SI_Urb_23-1007,"hd:E, obs:Normal",1,16-8605/15-23803
1454,IL2022F4S-701,5.61,SI_Urb_23-1278,"hd:N, obs:Normal",1,15-23803/16-28802
1455,IL2022F4S-7401,5.82,SI_Urb_23-1005,"hd:E, obs:Normal",1,17-12172/12-26004
1456,IL2022F4S-7402,4.12,SI_Urb_23-445,obs:Normal,1,17-12172/12-26004
1457,IL2022F4S-7602,5.48,SI_Urb_23-1024,"hd:L, obs:Normal",1,17-12172/15-4957
1459,IL2022F4S-8001,5.94,SI_Urb_23-330,"hd:E, obs:Fair",1,17-13024/17-23868
1460,IL2022F4S-801,5.72,SI_Urb_23-926,"hd:E, obs:Normal",1,15-23803/17-23868
1464,IL2022F4S-808,5.61,SI_Urb_23-612,"super short , obs:Excellent ",1,15-23803/17-23868
1465,IL2022F4S-809,4.22,SI_Urb_23-160,obs:Good,1,15-23803/17-23868
1468,IL2022F4S-8103,4.07,SI_Urb_23-345,"hd:E, obs:Normal",1,17-13024/17-23904
1469,IL2022F4S-8201,4.5,SI_Urb_23-1280,"hd:N, obs:Normal",1,17-18534/16-28802
1470,IL2022F4S-8202,4.82,SI_Urb_23-441,obs:Good,1,17-18534/16-28802
1471,IL2022F4S-8203,4.84,SI_Urb_23-919,"hd:L, obs:Normal",1,17-18534/16-28802
1472,IL2022F4S-8204,4.51,SI_Urb_23-531,obs:Fair,1,17-18534/16-28802
1473,IL2022F4S-8205,4.48,SI_Urb_23-47,"hd:N, obs:Normal",1,17-18534/16-28802
1474,IL2022F4S-8301,3.66,SI_Urb_23-419,"hd:E, obs:Good",1,17-18534/17-23868
1475,IL2022F4S-8302,6.02,SI_Urb_23-1121,"hd:E, obs:Normal",1,17-18534/17-23868
1476,IL2022F4S-8401,4.68,SI_Urb_23-336,"hd:E, obs:Fair",1,17-23868/12-8512
1478,IL2022F4S-8502,3.7,SI_Urb_23-539,obs:Fair,1,17-23868/17-23904
1479,IL2022F4S-8503,5.75,SI_Urb_23-1195,"hd:E, obs:Fair",1,17-23868/17-23904
1480,IL2022F4S-8601,4.19,SI_Urb_23-1094,"hd:N, obs:Fair",1,17-23868/17-7976
1481,IL2022F4S-8701,4.59,SI_Urb_23-1469,"hd:E, obs:Normal",1,17-23868//OH14-112-72/14-DC-64-95-118
1482,IL2022F4S-8703,4.8,SI_Urb_23-1313,"hd:N, obs:Normal",1,17-23868//OH14-112-72/14-DC-64-95-118
1484,IL2022F4S-8803,4.78,SI_Urb_23-831,"hd:E, obs:Fair",1,17-23902/12-26004
1485,IL2022F4S-8804,6.5,SI_Urb_23-334,"hd:E, obs:Good",1,17-23902/12-26004
1486,IL2022F4S-8805,7.17,SI_Urb_23-1380,"hd:N, obs:Normal",1,17-23902/12-26004
1487,IL2022F4S-8806,4.91,SI_Urb_23-227,"hd:E, obs:Normal",1,17-23902/12-26004
1488,IL2022F4S-8902,4.63,SI_Urb_23-52,"hd:L, obs:Good",1,17-23902/16-12770
1489,IL2022F4S-8903,5.7,SI_Urb_23-827,"hd:N, obs:Fair",1,17-23902/16-12770
1490,IL2022F4S-8904,4.08,SI_Urb_23-35,"hd:L, obs:Good",1,17-23902/16-12770
1492,IL2022F4S-902,5.24,SI_Urb_23-804,"hd:L, late, obs:Normal",1,15-23803/17-23904
1493,IL2022F4S-904,4.75,SI_Urb_23-634,"hd:L, obs:Good",1,15-23803/17-23904
1494,IL2022F4S-905,4.75,SI_Urb_23-523,obs:Good,1,15-23803/17-23904
1495,IL2022F4S-906,4.03,SI_Urb_23-909,"hd:N, obs:Normal",1,15-23803/17-23904
1496,IL2022F4S-9101,5.05,SI_Urb_23-828,"hd:N, obs:Normal",1,17-23902/16-36206
1497,IL2022F4S-9102,4.48,SI_Urb_23-325,obs:Normal,1,17-23902/16-36206
1498,IL2022F4S-9103,6.24,SI_Urb_23-1120,"hd:E, obs:Good",1,17-23902/16-36206
1499,IL2022F4S-9105,7.15,SI_Urb_23-1003,"hd:N, obs:Fair",1,17-23902/16-36206
1500,IL2022F4S-9106,5.51,SI_Urb_23-637,obs:Fair,1,17-23902/16-36206
1501,IL2022F4S-9301,4.17,SI_Urb_23-230,obs:Normal,1,17-23904//15-30529/LES15-1066
1502,IL2022F4S-9302,4.13,SI_Urb_23-254,obs:Fair,1,17-23904//15-30529/LES15-1066
1503,IL2022F4S-9303,4.78,SI_Urb_23-1206,"hd:N, obs:Fair",1,17-23904//15-30529/LES15-1066
1504,IL2022F4S-9304,5.94,SI_Urb_23-825,"hd:N, obs:Normal",1,17-23904//15-30529/LES15-1066
1505,IL2022F4S-9306,6.05,SI_Urb_23-242,obs:Normal,1,17-23904//15-30529/LES15-1066
1507,IL2022F4S-9308,6.02,SI_Urb_23-64,"hd:N, obs:Good",1,17-23904//15-30529/LES15-1066
1508,IL2022F4S-9309,5.31,SI_Urb_23-1478,"hd:N, obs:Fair",1,17-23904//15-30529/LES15-1066
1510,IL2022F4S-9402,3.95,SI_Urb_23-444,"hd:E, obs:Fair",1,17-23904//LES15-1066/12-26004
1511,IL2022F4S-9403,4.74,SI_Urb_23-130,obs:Fair,1,17-23904//LES15-1066/12-26004
1512,IL2022F4S-9404,4.97,SI_Urb_23-1122,"hd:N, obs:Fair",1,17-23904//LES15-1066/12-26004
1514,IL2022F4S-9406,6,SI_Urb_23-437,obs:Fair,1,17-23904//LES15-1066/12-26004
1515,IL2022F4S-9501,7.01,SI_Urb_23-1473,"hd:E, obs:Normal",1,17-23904//LES15-1066/16-21764
1516,IL2022F4S-9502,4.63,SI_Urb_23-1204,"hd:N, obs:Fair",1,17-23904//LES15-1066/16-21764
1518,IL2022F4S-9506,4.54,SI_Urb_23-354,obs:Normal,1,17-23904//LES15-1066/16-21764
1519,IL2022F4S-9507,5.27,SI_Urb_23-918,"hd:N, obs:Fair",1,17-23904//LES15-1066/16-21764
1520,IL2022F4S-9601,5.99,SI_Urb_23-1482,"hd:E, obs:Fair",1,17-27914/16-11226
1522,IL2022F4S-9603,5.19,SI_Urb_23-1283,"hd:E, obs:Good",1,17-27914/16-11226
1523,IL2022F4S-9604,3.85,SI_Urb_23-38,"hd:L, obs:Good",1,17-27914/16-11226
1524,IL2022F4S-9607,5.92,SI_Urb_23-1312,"hd:E, obs:Normal",1,17-27914/16-11226
1525,IL2022F4S-9701,3.75,SI_Urb_23-159,obs:Fair,1,17-27914/17-23868
1526,IL2022F4S-9704,6.08,SI_Urb_23-1104,"hd:E, obs:Fair",1,17-27914/17-23868
1527,IL2022F4S-9705,6.61,SI_Urb_23-1008,"hd:E, obs:Normal",1,17-27914/17-23868
1528,IL2022F4S-9706,4.65,SI_Urb_23-802,"hd:E, obs:Normal",1,17-27914/17-23868
1529,IL2022F4S-9801,4.27,SI_Urb_23-614,"hd:E, obs:Fair",1,17-29544/16-11226
1530,IL2022F4S-9802,6.15,SI_Urb_23-1408,"hd:E, obs:Fair",1,17-29544/16-11226
1533,IL2022F4S-9806,4.5,SI_Urb_23-615,obs:Fair,1,17-29544/16-11226
1534,IL2022F4S-9901,5,SI_Urb_23-639,"hd:E, obs:Fair",1,17-29544/17-23868
1535,IL2022F4S-9902,4.78,SI_Urb_23-629,"hd:E, obs:Fair",1,17-29544/17-23868
1536,IL2022F4S-9903,4.21,SI_Urb_23-618,"hd:E, obs:Fair",1,17-29544/17-23868
891,IL2022F3S-21904,3.32,SI_Urb_23-739,"hd:N, obs:Fair",0,12-8512/16-11226
904,IL2022F3S-22302,4.56,SI_Urb_23-1475,"hd:L, obs:Poor",0,15-2639/16-32772
911,IL2022F3S-22701,3.74,SI_Urb_23-147,obs:Poor,0,15-27270/16-36048
917,IL2022F3S-22903,3.22,SI_Urb_23-349,"hd:L, obs:Normal",0,16-11226/16-28753
927,IL2022F3S-24202,3.34,SI_Urb_23-58,obs:Fair,0,US16-IL-065-030/16-11226
961,IL2022F4S-10703,3.41,SI_Urb_23-238,obs:Fair,0,17-9663/16-11226
964,IL2022F4S-10801,2.59,SI_Urb_23-39,"hd:N, obs:Fair",0,17-9663/17-23868
968,IL2022F4S-10904,3.41,SI_Urb_23-164,"hd:L, obs:Good",0,17-9839/16-11226
982,IL2022F4S-11305,5.03,SI_Urb_23-1376,"hd:N, obs:Poor",0,OH13-88-61/17-23904
983,IL2022F4S-11306,6.39,SI_Urb_23-1402,"hd:N, obs:Poor",0,OH13-88-61/17-23904
984,IL2022F4S-11401,3.04,SI_Urb_23-1089,"hd:N, obs:Normal",0,OH15-191-52/12-26004
985,IL2022F4S-11501,3.19,SI_Urb_23-44,"hd:L, obs:Good",0,US16-IL-065-030/16-28802
988,IL2022F4S-11504,2.98,SI_Urb_23-61,"hd:L, obs:Normal",0,US16-IL-065-030/16-28802
996,IL2022F4S-11702,2.91,SI_Urb_23-134,obs:Normal,0,US16-IL-065-030/17-23904
1016,IL2022F4S-12104,4.72,SI_Urb_23-1103,"hd:E, obs:Poor",0,US16-IL-065-125/17-23904
1025,IL2022F4S-12304,2.88,SI_Urb_23-451,"hd:L, obs:Normal",0,14-28444/P0762A1-2-8//15-4957
1029,IL2022F4S-12405,5.73,SI_Urb_23-1405,"hd:N, obs:Poor",0,14-DC-64-95-118/MO080104//12-26004
1031,IL2022F4S-12407,3.86,SI_Urb_23-146,obs:Poor,0,14-DC-64-95-118/MO080104//12-26004
1035,IL2022F4S-12503,2.3,SI_Urb_23-131,"hd:L, obs:Poor",0,14-DC-64-95-118/MO080104//12-8512
1062,IL2022F4S-13103,5.19,SI_Urb_23-331,"hd:E, obs:Poor",0,OH14-112-34/16-36048//17-23868
1070,IL2022F4S-13301,3.42,SI_Urb_23-48,obs:Poor,0,15-30529/OH14-112-72//12-26004
1080,IL2022F4S-13504,4.62,SI_Urb_23-1181,"hd:N, obs:Poor",0,15-30529/LES15-1066//16-10427
1081,IL2022F4S-13601,3.27,SI_Urb_23-713,obs:Fair,0,15-30529/LES15-1066//17-12172
1090,IL2022F4S-13901,3.58,SI_Urb_23-1118,"hd:L, low vigor, obs:Poor",0,OH14-112-72/14-DC-64-95-118//12-26004
1101,IL2022F4S-14101,3.01,SI_Urb_23-1214,"hd:L, late, obs:Normal",0,OH14-112-72/14-DC-64-95-118//17-23904
1104,IL2022F4S-14104,3.36,SI_Urb_23-125,obs:Fair,0,OH14-112-72/14-DC-64-95-118//17-23904
1105,IL2022F4S-14105,4.81,SI_Urb_23-1397,"hd:L, obs:Poor",0,OH14-112-72/14-DC-64-95-118//17-23904
1122,IL2022F4S-14602,4.87,SI_Urb_23-1102,"hd:L, obs:Poor",0,16-21776/MO080104//12-8512
1123,IL2022F4S-14603,2.85,SI_Urb_23-318,"hd:L, obs:Poor",0,16-21776/MO080104//12-8512
1135,IL2022F4S-14903,5,SI_Urb_23-1373,"hd:E, vigor full plot, obs:Poor",0,16-36048/OH14-112-72//12-26004
1139,IL2022F4S-15002,2.35,SI_Urb_23-728,"hd:N, obs:Fair",0,P0762A1-2-8/15-2639//16-19346
1145,IL2022F4S-1505,2.69,SI_Urb_23-740,"hd:L, obs:Normal",0,15-27270/12-8512
1147,IL2022F4S-15102,3.99,SI_Urb_23-525,"hd:L, obs:Poor",0,16-36048/LES15-1066//12-26004
1149,IL2022F4S-15104,3.1,SI_Urb_23-452,"hd:L, obs:Fair",0,16-36048/LES15-1066//12-26004
1150,IL2022F4S-15105,6.18,SI_Urb_23-1200,"hd:N, obs:Poor",0,16-36048/LES15-1066//12-26004
1151,IL2022F4S-15106,3.45,SI_Urb_23-233,obs:Normal,0,16-36048/LES15-1066//12-26004
1155,IL2022F4S-15204,4.11,SI_Urb_23-60,"hd:E, obs:Poor",0,16-36048/LES15-1066//16-10427
1161,IL2022F4S-15306,5.99,SI_Urb_23-1123,"hd:N, obs:Poor",0,16-36048/LES15-1066//16-32772
1174,IL2022F4S-15703,4.59,SI_Urb_23-607,obs:Poor,0,16Ae358USDA/ND)/IL14-28307//16-37107
1200,IL2022F4S-16502,5.61,SI_Urb_23-1484,"hd:N, obs:Poor",0,P0762A1-2-8/15-30529//12-8512
1204,IL2022F4S-17301,4.87,SI_Urb_23-36,"hd:N, seg, obs:Poor",0,P0762A1-2-8/16-36048//17-12172
1206,IL2022F4S-17303,3.4,SI_Urb_23-1290,"hd:L, short, obs:Normal",0,P0762A1-2-8/16-36048//17-12172
1208,IL2022F4S-17402,2.41,SI_Urb_23-255,"hd:E, obs:Poor",0,P0762A1-2-8/16-36048//17-23904
1210,IL2022F4S-17602,2.94,SI_Urb_23-43,"hd:L, obs:Poor",0,LES15-1066/12-26004//17-12172
1211,IL2022F4S-17603,4.32,SI_Urb_23-1187,"hd:N, obs:Poor",0,LES15-1066/12-26004//17-12172
1218,IL2022F4S-18002,6.42,SI_Urb_23-1498,"hd:L, obs:Poor",0,LES15-1066/14-DC-64-95-118//17-23904
1220,IL2022F4S-18101,5.77,SI_Urb_23-1483,"hd:N, obs:Poor",0,LES15-1066/14-DC-64-95-118//17-8620
1226,IL2022F4S-18204,5.86,SI_Urb_23-822,"hd:E, full plot, obs:Poor",0,LES15-1066/16-21764//16-11226
1232,IL2022F4S-18405,3.92,SI_Urb_23-244,"hd:L, obs:Poor",0,LES15-1066/16-21764//16Ae358USDA/ND)/IL12-26004
1234,IL2022F4S-18502,5.42,SI_Urb_23-818,"hd:N, obs:Poor",0,LES15-1066/16-21764//P0762A1-2-8/16-36048
1235,IL2022F4S-18503,3.56,SI_Urb_23-326,"hd:L, obs:Poor",0,LES15-1066/16-21764//P0762A1-2-8/16-36048
1236,IL2022F4S-18504,3.49,SI_Urb_23-140,"hd:L, obs:Fair",0,LES15-1066/16-21764//P0762A1-2-8/16-36048
1243,IL2022F4S-18705,3.3,SI_Urb_23-135,"hd:L, obs:Fair",0,MSFRSF2_21
1254,IL2022F4S-1902,2.66,SI_Urb_23-56,"hd:L, obs:Fair",0,15-27270/17-23868
1256,IL2022F4S-19101,3.21,SI_Urb_23-317,obs:Fair,0,MSFRSF2_21
1257,IL2022F4S-19102,5.37,SI_Urb_23-1292,"hd:E, obs:Poor",0,MSFRSF2_21
1269,IL2022F4S-19403,3.31,SI_Urb_23-809,"hd:L, late, obs:Normal",0,MSFRSF2_21
1284,IL2022F4S-19801,3.23,SI_Urb_23-162,"hd:L, obs:Poor",0,MSFRSF2_21
1285,IL2022F4S-19901,3.56,SI_Urb_23-1196,"hd:E, obs:Poor",0,MSFRSF2_21
1286,IL2022F4S-19902,4.89,SI_Urb_23-989,"hd:N, obs:Poor",0,MSFRSF2_21
1288,IL2022F4S-20001,4.88,SI_Urb_23-245,obs:Poor,0,MSFRSF2_21
1291,IL2022F4S-2001,2.92,SI_Urb_23-139,"hd:L, obs:Fair",0,15-27270/17-23904
1296,IL2022F4S-20103,3.1,SI_Urb_23-260,obs:Fair,0,MSFRSF2_21
1309,IL2022F4S-20305,3.44,SI_Urb_23-144,"hd:L, obs:Fair",0,MSFRSF2_21
1340,IL2022F4S-21101,6.42,SI_Urb_23-1503,"hd:E, obs:Poor",0,MSFRSF2_21
1343,IL2022F4S-21104,7.02,SI_Urb_23-1317,"hd:N, obs:Poor",0,MSFRSF2_21
1361,IL2022F4S-2701,3.4,SI_Urb_23-797,"hd:N, obs:Normal",0,15-30529/17-23868
1371,IL2022F4S-3302,3.96,SI_Urb_23-1315,"hd:N, obs:Poor",0,16-10427//LES15-1066/12-26004
1372,IL2022F4S-3303,3.98,SI_Urb_23-1509,"hd:N, obs:Poor",0,16-10427//LES15-1066/12-26004
1373,IL2022F4S-3304,3.17,SI_Urb_23-1409,"hd:N, very low seeding, obs:Normal",0,16-10427//LES15-1066/12-26004
1375,IL2022F4S-3501,3.32,SI_Urb_23-426,"hd:E, obs:Fair",0,16-11226/16-28802
1376,IL2022F4S-3502,3.11,SI_Urb_23-722,"hd:L, obs:Fair",0,16-11226/16-28802
1378,IL2022F4S-3701,5.28,SI_Urb_23-1476,"hd:N, obs:Poor",0,16-11226//16-36048/LES15-1066
1379,IL2022F4S-3702,2.74,SI_Urb_23-712,obs:Fair,0,16-11226//16-36048/LES15-1066
1380,IL2022F4S-3703,4.85,SI_Urb_23-1316,"hd:N, obs:Poor",0,16-11226//16-36048/LES15-1066
1387,IL2022F4S-4001,3.32,SI_Urb_23-32,"hd:N, obs:Fair",0,16-23766/17-23868
1388,IL2022F4S-401,3.19,SI_Urb_23-62,"hd:E, obs:Good",0,14-DC-64-95-118/17-23868
1393,IL2022F4S-4404,3.53,SI_Urb_23-153,obs:Poor,0,16-28802/17-12172
1401,IL2022F4S-4901,3.01,SI_Urb_23-417,obs:Fair,0,16-36048/15-4957
1404,IL2022F4S-5001,2.99,SI_Urb_23-734,"hd:N, obs:Good",0,16-36048/16-11226
1414,IL2022F4S-5107,2.94,SI_Urb_23-59,obs:Fair,0,16-36048/16-28802
1417,IL2022F4S-5203,3.17,SI_Urb_23-148,obs:Normal,0,16-36048/17-23868
1425,IL2022F4S-5602,3.09,SI_Urb_23-729,"hd:N, obs:Normal",0,16-36206/12-26004
1458,IL2022F4S-7701,3.14,SI_Urb_23-237,obs:Fair,0,17-12172/16-11226
1461,IL2022F4S-804,5.39,SI_Urb_23-1302,"hd:L, obs:Poor",0,15-23803/17-23868
1462,IL2022F4S-805,3.36,SI_Urb_23-528,obs:Fair,0,15-23803/17-23868
1463,IL2022F4S-807,3.4,SI_Urb_23-129,"hd:L, obs:Poor",0,15-23803/17-23868
1466,IL2022F4S-8101,2.38,SI_Urb_23-724,"hd:E, obs:Fair",0,17-13024/17-23904
1467,IL2022F4S-8102,4.17,SI_Urb_23-613,"hd:E, obs:Poor",0,17-13024/17-23904
1477,IL2022F4S-8501,3.16,SI_Urb_23-319,"hd:N, obs:Fair",0,17-23868/17-23904
1483,IL2022F4S-8801,6.23,SI_Urb_23-1095,"hd:E, obs:Poor",0,17-23902/12-26004
1491,IL2022F4S-901,2.18,SI_Urb_23-221,"hd:L, obs:Normal",0,15-23803/17-23904
1506,IL2022F4S-9307,5.68,SI_Urb_23-1411,"hd:N, obs:Poor",0,17-23904//15-30529/LES15-1066
1509,IL2022F4S-9401,5.7,SI_Urb_23-1100,"hd:N, obs:Poor",0,17-23904//LES15-1066/12-26004
1513,IL2022F4S-9405,5.08,SI_Urb_23-605,obs:Poor,0,17-23904//LES15-1066/12-26004
1517,IL2022F4S-9503,3.91,SI_Urb_23-993,"hd:N, obs:Poor",0,17-23904//LES15-1066/16-21764
1521,IL2022F4S-9602,4.12,SI_Urb_23-138,obs:Poor,0,17-27914/16-11226
1531,IL2022F4S-9803,3.2,SI_Urb_23-37,"hd:N, obs:Normal",0,17-29544/16-11226
1532,IL2022F4S-9805,3.45,SI_Urb_23-738,"hd:N, obs:Fair",0,17-29544/16-11226