"","germplasmName","DON","Heading","Height","Lodging","Maturity","TestWeight","Yield","Weight..lb.","notes.x","notes.y"
"1","07-19334",1.62,134.58,38.62,2.96,170.35,59.15,90.64,NA,NA,""
"2","07-19334",1.62,134.58,38.62,2.96,170.35,59.15,90.64,NA,NA,""
"3","16-8048",1.47,132.82,37.19,0.88,167.21,58.98,90.89,NA,NA,""
"4","16-8048",1.47,132.82,37.19,0.88,167.21,58.98,90.89,NA,NA,""
"5","IL2022-10006",1.58,132.15,39.34,2.13,167.27,58.38,93.06,7.4,"obs:Normal",""
"6","IL2022-1005",1.32,131.15,36.82,1.28,166.87,60.32,86.25,7.37,"obs:Good",NA
"7","IL2022-10072",2.23,131.6,36.37,2.04,168,59.44,96.49,8.07,"hd:E, obs:Normal",""
"8","IL2022-10131",1.67,132.08,36.95,1.82,168.39,60.14,89.26,6.64,"hd:N, obs:Fair",""
"9","IL2022-10176",1.64,132.02,39.34,1.52,166.68,58.83,88.75,6.89,"hd:N, obs:Normal",""
"10","IL2022-10178",1.82,132.29,38.17,2.07,167.17,57.69,82.61,7.3,"obs:Good",NA
"11","IL2022-1018",1.48,130,37.37,2.03,164.83,58.49,76.1,6.47,"hd:E, obs:Fair",""
"12","IL2022-10212",1.56,130.81,35.9,1.83,166.39,57.94,81.41,6.61,"hd:N, obs:Normal",""
"13","IL2022-10225",1.93,133.2,38.42,1.63,165.81,57.61,88.6,6.7,"hd:N, obs:Normal",NA
"14","IL2022-10232",1.25,132.48,34.44,-0.15,166.47,55.28,82.88,7.86,"hd:N, npt, obs:Good",NA
"15","IL2022-10239",2.16,133.3,33.55,0.66,166.9,56.56,83.13,7.04,"hd:N, obs:Good",""
"16","IL2022-10244",1.71,134.73,35.52,1.41,168.33,56.2,86.7,7.55,"hd:E, obs:Normal",NA
"17","IL2022-10260",1.5,133.64,34.92,0.99,167.06,58.37,90.18,7.59,"hd:L, obs:Normal",""
"18","IL2022-10264",1.87,134.62,34.81,1.18,169.12,56.21,79.29,6.05,"hd:E, obs:Normal",NA
"19","IL2022-10310",2.01,132.88,34.58,0.11,166.36,54.39,87.74,6.65,"obs:Good",NA
"20","IL2022-10318",2.15,132.45,33.22,1.07,166.91,56.43,86.33,6.68,"hd:L, obs:Good",NA
"21","IL2022-10352",1.61,133.5,35.73,0.44,167.95,55.65,84.24,6.31,"hd:L",""
"22","IL2022-10376",1.73,132.15,35.92,1.41,164.22,57.62,85.97,6.68,"hd:N, obs:Normal",""
"23","IL2022-10377",1.58,129.02,34.53,1.78,164.23,54.89,78.61,5.6,"hd:E, obs:Good",""
"24","IL2022-10404",1.98,132.85,35.2,0.99,168.08,58.94,97.48,7.55,"obs:Normal",""
"25","IL2022-10405",1.99,132.49,34.46,0.87,168.21,57.41,94.72,8.82,"hd:N, late, obs:Good","npt, later"
"26","IL2022-10413",1.94,133.53,35.68,1.32,168.19,59.02,99.16,7.96,"obs:Normal",NA
"27","IL2022-10450",1.38,133.21,36.32,1.26,169.08,58.56,95.25,8,"obs:Good",""
"28","IL2022-10460",1.58,133.37,35.44,1.39,169.14,59.08,91.34,7.32,"obs:Normal",""
"29","IL2022-10508",1.18,128.91,37.2,1.99,165.78,57.52,74.54,5.4,"hd:E, ve, obs:Normal",""
"30","IL2022-1056",0.87,131.8,39.04,3.12,166.59,57.79,84.65,7.42,"hd:N, obs:Poor",""
"31","IL2022-10577",1.75,133.4,34.79,2.28,165.05,58.24,88.29,6.65,"hd:N, obs:Good","npt"
"32","IL2022-10625",2.03,132.21,35.43,1.25,168.19,56.99,87.18,6.77,"obs:Fair",""
"33","IL2022-10648",1.9,132.58,36,1.47,167.41,59.11,93.86,6.46,"hd:N, obs:Fair",""
"34","IL2022-10669",2.11,131.42,37.97,2.14,166.3,57.64,94.09,7.45,"obs:Normal",""
"35","IL2022-10703",1.95,131.57,37.42,2.59,165.35,58.69,86.99,7.22,"hd:N, obs:Normal",""
"36","IL2022-10716",1.78,131.78,36.53,1.94,168.46,57.01,93.4,7.18,"obs:Good",""
"37","IL2022-10744",1.96,131.71,38.51,1.65,166.49,59.08,92.55,7.4,"hd:N, obs:Fair",NA
"38","IL2022-10817",1.35,132.63,35.96,1.96,164.94,58.51,92.39,6.62,"hd:E, obs:Good",""
"39","IL2022-10821",1.27,130.18,38.41,2.49,166.52,58.56,81.68,7.98,"hd:N, obs:Poor",NA
"40","IL2022-10829",1.88,131.03,35.87,2.29,164.74,58.28,91.28,7.35,"hd:E, obs:Normal",NA
"41","IL2022-10832",1.15,133.4,37.91,2.3,164.58,57.48,83.9,5.9,"obs:Normal",NA
"42","IL2022-10834",1.67,130.64,37.27,1.85,166.2,59.56,80.19,6.85,"obs:Fair",""
"43","IL2022-10837",1.87,131.49,36.67,1.89,166.65,57.72,82.36,6.97,"obs:Fair",""
"44","IL2022-10841",1.82,131.14,35.5,2.65,165.81,57.7,82.41,6.64,"hd:N, obs:Normal",NA
"45","IL2022-10948",1.24,131.12,37.56,3.02,167.56,58.34,96.69,8.61,"hd:N, obs:Normal",NA
"46","IL2022-11003",1.95,130.3,36.92,2.38,165.54,57.74,87.96,7.67,"hd:E, obs:Good",""
"47","IL2022-11016",2.53,130.15,34.82,1.6,166.39,57.9,88.99,7.29,"hd:E, obs:Normal",NA
"48","IL2022-11020",1.48,130.68,33.93,2.6,166.33,57.52,79.04,6.68,"hd:N, obs:Normal",""
"49","IL2022-11028",2.51,129.47,34.7,1.86,165.2,57.97,83.48,7.2,"hd:E, obs:Good","thick"
"50","IL2022-11032",2.73,131.4,35.95,1.94,166.21,58.34,90.15,8.34,"obs:Fair","npt"
"51","IL2022-11058",2.45,133.56,35.71,1.81,169.38,53.47,94.26,6.19,"hd:N, obs:Poor","late, bronze"
"52","IL2022-11064",1.94,132.32,36.55,2,167.63,56.67,83.99,6.65,"obs:Good",""
"53","IL2022-11109",1.9,130.36,35.35,0.8,167.41,58.83,89.26,8.75,"hd:E, obs:Good",""
"54","IL2022-11165",1.88,132.14,35.92,1.87,167,59.99,89.01,7.11,"hd:N, obs:Normal",""
"55","IL2022-11205",1.58,130.95,39.77,2.09,165.74,58.29,90.11,6.33,"obs:Normal",""
"56","IL2022-11220",1.2,134.2,36.63,3.32,167.59,58.43,96.26,8.21,"hd:N, obs:Normal",NA
"57","IL2022-11251",1.42,132.13,36.54,2.13,166.95,60.09,74.64,6.55,"obs:Fair",NA
"58","IL2022-11306",1.61,131.98,38.2,2.82,165.96,60.32,84.35,7.77,"hd:N, obs:Poor",""
"59","IL2022-11324",1.85,131.69,38.97,3.19,167.46,59.77,76.59,7.36,"hd:N, obs:Normal",NA
"60","IL2022-11331",1.68,131.33,37.62,2.32,166.51,58.72,75.09,7.57,"hd:N, obs:Fair",""
"61","IL2022-11334",1.96,130.29,37.33,1.94,166.02,60.71,77.28,6.58,"hd:E, obs:Normal",""
"62","IL2022-11337",1.55,131.73,38.28,1.94,166.95,59.58,84.48,8.83,"hd:N, high biomass, obs:Poor",NA
"63","IL2022-11348",1.84,131.41,36.02,2.52,165.76,61.58,79.69,5.94,"hd:E, obs:Fair",""
"64","IL2022-11349",2.2,130.68,37.42,2.5,168.29,60.83,72.35,5.67,"hd:E, obs:Poor",NA
"65","IL2022-11443",1.14,132.29,37.84,4.26,166.44,58.42,84.5,7.36,"hd:E, obs:Normal",""
"66","IL2022-11457",2.01,132.24,36,2.23,167.15,58.63,81.28,6.42,"obs:Fair",""
"67","IL2022-11462",1.29,130.75,35.59,2.49,169.44,57.45,84.33,8.12,"hd:E, obs:Fair",NA
"68","IL2022-11465",1.46,131.22,38.2,2.38,167.79,59.16,88.04,6.85,"hd:N, obs:Normal",NA
"69","IL2022-11469",1.56,131.58,38.31,2.27,167.23,57.54,78,6.67,"hd:E, obs:Fair",NA
"70","IL2022-11479",1.56,131.55,37.4,4.86,167.36,57.07,85.24,7.61,"hd:E, obs:Poor",""
"71","IL2022-11508",1.48,129.14,35.72,2.21,165.83,59.24,90.54,7.44,"hd:E, thick, obs:Excellent ",NA
"72","IL2022-11520",1.65,129.66,36.77,1.78,167.12,59.16,81.71,6.03,"hd:E, obs:Fair",NA
"73","IL2022-11527",1.41,128.94,37.27,2.36,165.8,57.44,85.52,6.7,"hd:E, obs:Excellent ",NA
"74","IL2022-11535",1.48,128.03,37.3,2.16,163.52,58.19,83.73,6.51,"hd:E, obs:Normal",""
"75","IL2022-11561",1.53,130.69,37.44,2.15,167.38,57.96,77.48,6.76,"hd:E, obs:Excellent ","thick"
"76","IL2022-11566",1.54,130.57,38.58,3.2,166.44,56.73,82.95,6.49,"hd:N, obs:Fair",""
"77","IL2022-11571",1.71,130.99,37.99,2.86,167.29,56.39,93.99,6.54,"obs:Good",""
"78","IL2022-11602",1.83,128.5,36.72,2.21,164.7,57.3,84.13,8.14,"obs:Poor",""
"79","IL2022-11621",1.86,127.09,36.04,2.63,164,56.42,72.02,5.94,"hd:E, obs:Normal",""
"80","IL2022-11669",1.19,133.2,37.02,2.6,164.82,58.61,86.9,7.64,"hd:N, obs:Normal",NA
"81","IL2022-11724",1.51,132.37,38.23,1.9,167.58,60.21,89.22,6.75,"hd:N, obs:Normal",""
"82","IL2022-11816",1.44,131.96,35.56,2.84,167.01,58.25,87.66,7.01,"obs:Normal",NA
"83","IL2022-11818",1.11,131.13,36.89,3.43,165.23,58.44,88.82,6.06,"obs:Fair",""
"84","IL2022-11828",1.55,131.93,36.91,1.58,169.01,58.45,82.5,6.56,"hd:N, obs:Poor",""
"85","IL2022-11908",1.23,131.67,39.65,3.89,167.69,57.1,74.82,6.06,"obs:Poor",""
"86","IL2022-11918",1.2,133,37.83,2.11,166.42,59.1,82.65,7.55,"looks good, obs:Good","npt, bearded"
"87","IL2022-11938",1.37,130.81,35.94,2.59,166.82,59.58,65.49,5.74,"hd:N, bearded, obs:Fair",NA
"88","IL2022-11971",2.09,129.88,36.35,2.27,165.37,58.79,92.18,7.5,"hd:E, obs:Good",""
"89","IL2022-120",1.63,132.35,39.37,2.64,166.55,58.98,92.76,7.66,"hd:N, obs:Fair",""
"90","IL2022-12028",1.88,132.42,37.51,1.65,168.75,58.17,93.67,8.23,"obs:Good",NA
"91","IL2022-12030",1.98,129.85,38.96,2.01,166.68,61.13,90.32,7.09,"obs:Normal",""
"92","IL2022-12034",1.48,130.45,37.7,1.97,164.93,58.51,88.76,8.26,"hd:E, obs:Fair",NA
"93","IL2022-12044",1.24,132.14,37.01,3.18,164.76,59.52,93.48,6.1,"hd:N, obs:Fair",NA
"94","IL2022-12047",1.55,131.34,37.6,2.88,166.91,59.75,90,7.64,"hd:E, mixed, obs:Normal","mixed"
"95","IL2022-12064",1.54,129.48,39.29,2.31,165.07,58.38,81.06,7.42,"hd:E, obs:Poor",""
"96","IL2022-12067",1.37,131.33,38.91,2.04,165.35,56.85,83.41,6.4,"hd:E",""
"97","IL2022-12079",1.55,132.28,36.74,2.13,169.34,58.23,81.98,7.05,"obs:Fair",NA
"98","IL2022-12112",2.14,130.64,37.05,2.44,167.43,58.27,81.08,8.04,"hd:N, obs:Fair",NA
"99","IL2022-12170",1.63,131.22,35.75,1.6,168.41,57.01,84.38,6.56,"obs:Normal",""
"100","IL2022-12203",1.92,132.79,34.96,1.15,168.86,57.9,84.6,5.57,"hd:N, obs:Fair",""
"101","IL2022-1224",1.98,130.48,37,1.97,166.23,59.31,85.35,7.01,"hd:E, obs:Normal",NA
"102","IL2022-12263",2.24,133.27,35.63,1.43,167.9,57.81,82.23,7.52,"obs:Normal",""
"103","IL2022-12347",1.28,129.53,36.75,2.26,163.71,58.6,86.31,7.83,"hd:E, obs:Normal",""
"104","IL2022-12349",1.63,131.34,36.47,2.33,165.69,55.99,93.1,7.33,"obs:Good",NA
"105","IL2022-12353",1.49,130.18,36.88,2.51,164.57,57.11,89.78,7.43,"hd:E, obs:Poor",NA
"106","IL2022-12364",1.51,130.76,34.98,2.55,164.2,57.09,90.61,7.87,"hd:E, obs:Normal",""
"107","IL2022-12417",1.42,131.1,36.33,1.91,165.07,56.18,83.46,6.04,"hd:E, obs:Normal",""
"108","IL2022-12621",1.76,131.72,37.78,2.37,167.1,59.55,86.52,6.05,"obs:Normal",""
"109","IL2022-12637",1.83,131.56,36.12,3.18,164.35,57.62,78.74,7.53,"obs:Normal",NA
"110","IL2022-12644",2.14,130.79,38,2.53,165.36,58.8,75.02,5.84,"hd:E, obs:Normal",""
"111","IL2022-12650",1.61,127.89,37.92,2.34,164.64,57.02,77.59,5.35,"hd:E, freeze damage, tall, obs:Fair",""
"112","IL2022-12654",1.65,129.38,39.07,2.13,166.02,57.85,79.3,6.07,"hd:E, obs:Poor",NA
"113","IL2022-12702",0.98,131.45,36.6,1.77,167.4,57.19,86.23,7.96,"hd:E, obs:Normal","has triticale"
"114","IL2022-12713",1.7,132.08,38.29,1.75,168.95,57.84,87.92,8.08,"hd:N, mixed, obs:Normal",""
"115","IL2022-12728",1.64,133.09,35.56,1.05,169.58,58.2,88.14,8.19,"obs:Normal",NA
"116","IL2022-12730",1.57,132.99,37.61,2.29,167.43,60.17,79.63,8.08,"obs:Poor",NA
"117","IL2022-12753",1.52,131.9,34.51,1.28,169.13,59.68,81.65,7.51,"hd:N, obs:Good",NA
"118","IL2022-12832",1.89,134.25,35.75,1.5,168.65,56.79,91.6,6.83,"obs:Good",""
"119","IL2022-12879",1.22,131.98,34.12,2.68,167.06,57.64,76.27,6.75,"hd:N, obs:Fair",NA
"120","IL2022-12903",1.31,131.34,34.56,1.62,167.76,58.53,85.88,6.87,"hd:N, obs:Good",NA
"121","IL2022-12920",1.47,131.71,36.65,2.63,168,57.88,84.68,6.78,"obs:Normal",""
"122","IL2022-12926",1.62,131.33,32.73,1.59,167.81,57.77,88.62,8.3,"hd:E, obs:Good",NA
"123","IL2022-12929",1.18,132.3,34.65,1.51,166.05,58.68,81.48,6.42,"hd:E, vve, obs:Normal",NA
"124","IL2022-12933",1.03,133.04,33.34,2.23,166.17,59.06,93.42,7.58,"obs:Good",""
"125","IL2022-12935",1.63,130.25,31.39,0.71,166.01,56.96,87.4,5.97,"hd:E, obs:Normal",NA
"126","IL2022-12948",1.54,129.89,36.44,1.23,164.79,59.35,70.52,5.62,"hd:E, obs:Fair",""
"127","IL2022-12949",1.36,131.52,37.57,1.82,165.58,58.33,86.34,6.86,"hd:N, obs:Fair",""
"128","IL2022-13016",1.64,129.67,36.18,1.62,167.35,58.98,78.39,6.62,"hd:E, obs:Normal",NA
"129","IL2022-13050",0.72,130.62,39.99,2.44,163.56,58.6,85.8,5.91,"hd:E, obs:Normal",""
"130","IL2022-13055",0.79,132.52,37.58,1.69,166.82,58.67,83.94,8.42,"hd:N, obs:Normal",""
"131","IL2022-13060",1.52,130.82,38.23,2.41,166.19,58.43,80.64,6.53,"hd:E, obs:Fair",""
"132","IL2022-13113",1.43,129.48,39.07,2.5,165.57,58.34,80.2,6.76,"hd:E, VE, obs:Normal",NA
"133","IL2022-1312",2.06,132.07,36.51,2.24,165.27,59.15,86.43,7.53,"hd:E, obs:Fair",""
"134","IL2022-13138",1.51,130.89,39.34,2.35,166.4,58.14,80.75,6.74,"hd:E, obs:Normal","thick, tall"
"135","IL2022-13149",1.38,131.2,37.21,2.6,165.29,58.14,81.36,7.83,"hd:N, obs:Good",""
"136","IL2022-13172",1.42,130.54,37.59,2.08,165.01,58.5,88.99,7.02,"hd:E, seg, obs:Good",""
"137","IL2022-13243",2.08,131.55,38.58,5.58,166.47,58.59,84.69,5.04,"obs:Poor",""
"138","IL2022-13361",1.77,131.53,37.97,2.74,164.04,60.68,90.95,7.57,"hd:E, obs:Poor",NA
"139","IL2022-13428",1.51,131.8,37.08,2.89,166.09,60.23,80.58,6.27,"hd:E, obs:Good",""
"140","IL2022-13464",2.01,133.48,37.18,2.03,165.76,58.02,74.18,6.8,"many heads, obs:Good",NA
"141","IL2022-13468",1.71,131.98,35.77,2.2,165.99,58.72,91.04,7.01,"obs:Normal",""
"142","IL2022-13476",1.76,131.26,38,2.78,166.62,59,93.86,6.37,"obs:Normal",""
"143","IL2022-13512",2.05,132.05,37.39,2.07,166.52,58.91,88.68,5.99,"hd:N, obs:Fair",NA
"144","IL2022-13524",1.46,129.88,36.09,3.58,165.74,58.73,83.91,6.83,"hd:N, obs:Normal",NA
"145","IL2022-13548",1.94,129.89,34.92,1.57,165.98,56.87,75.08,6.72,"obs:Normal",""
"146","IL2022-13554",1.43,127.19,36.2,2.16,164.31,57.01,77.03,6.71,"hd:E, obs:Good",""
"147","IL2022-13558",1.57,129.71,37.36,2.39,165.31,57.21,81.54,6.53,"hd:E, segregating, obs:Normal",""
"148","IL2022-13572",1.47,130.52,36.48,2.18,167.67,59.55,82.59,7.63,"hd:N, segregating, obs:Fair",NA
"149","IL2022-13604",2.23,131.46,35.73,2.23,168.14,57.41,88.05,7.2,"hd:N, obs:Normal",""
"150","IL2022-13608",2.42,132.36,37.29,2.41,166.78,59.48,88.02,6.87,"hd:L, obs:Fair",NA
"151","IL2022-13613",1.75,131.79,36.09,2.08,167.47,58.1,82.89,6.69,"obs:Normal",NA
"152","IL2022-13732",1.41,134.31,38.62,2.57,168.02,57.27,89.17,7.91,"hd:L, obs:Fair",""
"153","IL2022-13738",2.38,131.92,37.36,1.42,168.01,58.78,86.16,6.92,"obs:Fair",NA
"154","IL2022-13739",2.12,133.01,36.24,2.74,168.4,57.47,79.82,6.16,"obs:Normal",""
"155","IL2022-13746",2.3,130.32,36.39,2.51,168.68,58.03,80.2,7.05,"hd:E, obs:Normal",NA
"156","IL2022-13751",2.03,133.59,33.78,1.24,168.95,59.16,80.04,7.1,"hd:N, obs:Normal",NA
"157","IL2022-13756",2.01,132.78,34.28,2.31,167.9,57.99,80.54,6.7,"hd:N, obs:Fair",""
"158","IL2022-13771",2.02,133.16,34.76,1.7,166.89,56.73,83.1,7.51,"hd:N, obs:Good",NA
"159","IL2022-13776",2.48,132.5,37.73,1.99,169.5,57.76,85.54,6.6,"hd:N, bearded, obs:Normal","bearded, thick"
"160","IL2022-13824",2.39,133.12,37.2,1.67,168.92,59.01,90.1,6.69,"hd:N, segregating , obs:Normal",""
"161","IL2022-13835",1.41,131.61,37.73,1.67,166.73,57.36,85.92,8.12,"hd:N, obs:Fair",NA
"162","IL2022-13869",1.56,130.92,39.86,2.72,166.27,58.9,90.32,7.41,"hd:N, obs:Poor",""
"163","IL2022-13912",1.01,131.85,38.3,2.07,166.8,58.57,84.89,7.76,"hd:E, obs:Fair",""
"164","IL2022-13915",1.65,131.44,37.12,2.11,166.61,58.7,82,6.87,"obs:Good",""
"165","IL2022-13939",0.84,131.5,36.24,2.33,167.08,59.94,82.22,7.25,"hd:N, obs:Fair",""
"166","IL2022-13959",0.97,131.47,37.99,1.71,167.49,59.49,81.71,7.02,"hd:E, obs:Good",""
"167","IL2022-14012",1.14,129.28,37.96,2.46,164.62,58.08,81.68,5.96,"hd:E, obs:Normal",""
"168","IL2022-14110",1.56,133,37.87,2.12,167.11,59.93,80.38,8.6,"obs:Normal","very dark green, npt"
"169","IL2022-14119",1.65,130.4,35.71,1.5,166.29,59.37,79.81,6.29,"hd:E, obs:Normal",""
"170","IL2022-14137",1.87,131.8,37.36,1.33,166.74,58.7,85.16,6.97,"hd:E, obs:Normal",""
"171","IL2022-14172",1.41,132.68,36.77,1.97,167.48,58.87,83.94,6.45,"obs:Normal",""
"172","IL2022-14223",1.73,132.64,35.09,1.52,167.12,58.81,83.18,7.19,"hd:E, obs:Normal","npt"
"173","IL2022-14232",2.26,131.48,39.01,2.29,167.71,58.63,76.52,5.41,"hd:N, obs:Poor",""
"174","IL2022-14264",2.26,131,36.77,3.1,166.27,61.49,82.72,7.37,"hd:N, obs:Normal",""
"175","IL2022-14268",1.54,131.07,35.3,2.82,167.16,58.99,80.05,7.91,"obs:Normal",""
"176","IL2022-14271",2.23,130.41,35.82,3.24,167.39,59.97,75.22,5.31,"obs:Normal",NA
"177","IL2022-14306",1.68,133.26,39.09,2.73,166.94,56.29,80.8,6.35,"obs:Fair",NA
"178","IL2022-14315",1.59,132.62,38.52,2.85,165.31,56.98,73.44,6.31,"hd:N, obs:Poor",NA
"179","IL2022-14320",1.73,130.12,34.75,1.73,165.52,58.45,83.69,7.07,"hd:E, obs:Good",""
"180","IL2022-14347",1.8,130.75,35.88,2,166.11,59.54,77.61,7.31,"hd:E, obs:Good",NA
"181","IL2022-14361",0.94,128.99,37.85,2.02,168.18,57.55,82.36,6.99,"hd:E, obs:Good",NA
"182","IL2022-14401",1.99,129.42,38.41,1.83,164.6,57.05,86.1,6.74,"hd:E, obs:Normal",""
"183","IL2022-14421",1.95,130.87,36.03,1.91,167.17,58.67,95.03,7.77,"obs:Normal",""
"184","IL2022-14575",0.86,130.52,39.82,3.63,166.68,58.04,83.61,7.34,"hd:E, obs:Normal","seg bearded, tall"
"185","IL2022-1464",0.59,131.1,38.48,1.17,166.08,59.28,89.85,8.85,"hd:N, obs:Poor",NA
"186","IL2022-14756",1.38,130.28,36.42,2.87,165.16,58.09,79.86,6.75,"hd:E, obs:Fair",""
"187","IL2022-14804",1.28,129.14,38.24,2.29,164.6,59.76,80.97,6.71,"hd:E, obs:Normal",NA
"188","IL2022-14832",1.76,130.46,36.89,1.9,168.07,56.25,84.59,7.42,"hd:N, obs:Normal",NA
"189","IL2022-14846",0.88,130.35,38.09,2.07,166.54,58.37,78.72,6.61,"hd:E, obs:Normal",NA
"190","IL2022-14871",1.44,130.29,36.64,2.22,166.71,60.86,79.1,7.34,"hd:E, obs:Fair",""
"191","IL2022-14912",1.6,131.08,36.9,2.02,165.64,59.16,82.19,8.45,"hd:N, obs:Normal",NA
"192","IL2022-14913",1.33,132.27,37.35,3.56,164.53,58.5,83.58,7.46,"obs:Poor",""
"193","IL2022-14924",1.64,127.13,36.47,2.21,163.35,59.09,75.96,6.56,"hd:E, obs:Poor",""
"194","IL2022-14944",2.08,132.47,36.72,2.71,166.46,58.15,80.77,7.37,"hd:N, obs:Normal",NA
"195","IL2022-14945",1.75,131.71,39.82,3.07,167.85,57.59,90.11,7.54,"obs:Fair",""
"196","IL2022-14949",1.91,130.84,36.32,2.9,166.7,56.4,87.12,8.11,"obs:Poor",NA
"197","IL2022-15005",1.58,130.78,38.84,1.44,165.38,59.97,84.64,5.91,"hd:E, obs:Fair",NA
"198","IL2022-15017",1.08,132.18,37.98,2.22,168.79,59.51,79.61,5.99,"hd:E, obs:Good",NA
"199","IL2022-15028",1.01,132.33,35.89,1.84,168.47,60,86.25,7.86,"hd:N, obs:Normal",""
"200","IL2022-15043",1.38,130.14,35.85,2.06,167.07,59.32,90.21,5.62,"obs:Good",""
"201","IL2022-15074",1.89,131.36,37.42,1.67,166.25,58.4,77.25,5.78,"obs:Fair",""
"202","IL2022-15108",1.79,130.87,36.69,2.21,167.22,58.51,85.56,6.1,"hd:E, obs:Good",""
"203","IL2022-15115",1.66,127.65,37.29,2.22,165.53,57.95,77.15,5.86,"hd:E, obs:Normal",""
"204","IL2022-15148",1.48,128.62,37.69,2.03,166.98,57.99,82.14,6.44,"hd:E, obs:Good",NA
"205","IL2022-15151",2.2,130.06,35.69,1.72,167.73,58.16,84.96,7.13,"hd:N, obs:Normal",NA
"206","IL2022-15167",2.08,131.77,39.18,1.71,166.13,57.44,85.87,7.35,"obs:Good","seg"
"207","IL2022-15174",2.14,131.7,38.06,2.19,167.12,59.8,93.12,7.86,"hd:E, obs:Fair",""
"208","IL2022-15179",1.69,131.06,37.42,2.43,166.08,58.74,88.42,6.49,"hd:N, bronze, obs:Normal",NA
"209","IL2022-1521",0.91,129.94,38.91,1.82,165.09,58.76,87.53,7.68,"obs:Poor",""
"210","IL2022-15227",1.55,130.98,38.24,2.71,167.4,60.89,78.04,6.87,"hd:E, obs:Normal",NA
"211","IL2022-15320",1.44,129.88,36.5,2.68,165.01,58.6,87.88,7.67,"hd:E, obs:Normal",NA
"212","IL2022-15360",2.01,129.99,34.29,2.07,164.85,57.54,84.2,7.5,"obs:Fair",NA
"213","IL2022-1541",1.32,132.63,37.44,1.29,169.43,59.02,93.06,7.94,"obs:Poor",NA
"214","IL2022-15419",1.44,128.84,37.76,2.25,163.89,58.49,83.14,6.61,"hd:E, obs:Normal",""
"215","IL2022-15423",2.15,131.02,36.96,1.01,169.05,60.34,78.01,6.91,"obs:Fair",NA
"216","IL2022-15425",1.87,133.15,36.42,2.16,167.29,58.31,78.86,7.17,"hd:L, obs:Good",NA
"217","IL2022-15471",2.01,129.42,37.33,1.19,166.65,58.4,77.15,7.07,"obs:Fair",NA
"218","IL2022-15515",1.98,132.02,36.92,3.32,166.81,61.66,80.71,6.88,"hd:E, obs:Normal",NA
"219","IL2022-15520",1.93,132.11,36.46,1.91,169.21,57.01,79.07,7.56,"obs:Good",""
"220","IL2022-15524",1.27,132.15,37.19,1.51,167.47,54.65,94.57,7.9,"hd:N, obs:Normal",NA
"221","IL2022-15526",1.14,133.36,38.02,1.23,166.36,58.04,85.32,5.31,"obs:Fair",""
"222","IL2022-15539",1.91,130.7,36.06,1.56,166.09,56.11,77.75,4.57,"obs:Normal",""
"223","IL2022-15550",1.88,132.47,37.45,3.01,168.55,58.48,87.26,6.43,"obs:Poor",""
"224","IL2022-15564",1.58,133.21,40.45,3.57,165.11,57.43,90.57,7.01,"hd:E, obs:Fair",""
"225","IL2022-15578",1.66,129.05,35.25,2.75,167.82,57.14,66.29,8.29,"hd:E, obs:Normal",NA
"226","IL2022-15602",1.44,130.01,38.05,1.64,165.53,58.97,89.41,8.02,"hd:E, obs:Poor",""
"227","IL2022-15615",1.45,132.68,35.17,1.97,167.28,57.38,95.3,7.5,"hd:N, obs:Normal",NA
"228","IL2022-15620",1.34,130.49,37.98,1.49,166,57.56,81.37,5.35,"hd:E, obs:Poor",NA
"229","IL2022-15630",1.56,131.24,37.74,1.54,165.92,56.36,95.6,7.91,"hd:E, obs:Good",""
"230","IL2022-15672",0.93,129.97,37.47,1.69,166.01,56.42,92.76,8.75,"hd:N, obs:Normal",""
"231","IL2022-1570",0.77,129.74,38.35,2.26,165.86,58.67,88.46,8.66,"hd:N, obs:Normal",NA
"232","IL2022-15703",1.45,130.41,37.51,1.03,166.74,59.14,87.31,6.9,"obs:Normal",""
"233","IL2022-15708",2.14,133.19,34.03,1.3,168.54,57.09,86.85,7.47,"hd:N, obs:Good",NA
"234","IL2022-15711",0.9,131.61,36.3,0.81,169.77,58.53,82.4,6.93,"obs:Normal","late"
"235","IL2022-15713",1.5,132.85,37.69,1.01,167.84,58.76,85.09,6.87,"obs:Normal",""
"236","IL2022-15717",1.69,131.6,37.25,0.71,168.22,58.44,89.98,6.89,"obs:Good",NA
"237","IL2022-15733",1.47,134.05,35.01,0.87,167.44,58.16,87.15,7.19,"obs:Good",""
"238","IL2022-15743",1.58,132.52,34.44,0.69,168.23,58.44,80.18,7.39,"obs:Normal",NA
"239","IL2022-15751",0.91,131.81,33.71,0.76,169.25,58.84,83.95,6.54,"obs:Good",NA
"240","IL2022-15760",1.55,134.07,36.66,1.41,169.45,59.34,86.2,7.78,"obs:Normal",NA
"241","IL2022-15767",1.57,131.98,33.11,1.24,170.53,57.54,86.76,6.51,"hd:L, obs:Normal","large flag leaf, dark green, long spikes"
"242","IL2022-15776",1.3,133.73,37.34,0.76,168.78,57.59,91.34,7.4,"obs:Normal",NA
"243","IL2022-15777",1.3,132.1,34.66,1.22,167.65,58.88,92,7.74,"obs:Good",""
"244","IL2022-15779",1.65,131.94,35.9,0.35,167.94,58.91,89.95,7.83,"obs:Normal",NA
"245","IL2022-15802",1.66,132.25,34.94,1.31,167.23,58.04,94.79,6.32,"",""
"246","IL2022-15944",2.33,132.2,37.87,3.95,169.76,58.61,96.45,7.44,"obs:Excellent ","late, bearded"
"247","IL2022-15947",2.63,132.06,36.13,3.06,166.38,58.71,82.37,6.85,"hd:N, obs:Poor",""
"248","IL2022-15961",2.03,131.69,36.38,2.07,168.48,59.73,90.01,7.64,"hd:N, obs:Normal",""
"249","IL2022-15968",1.55,131.78,37.94,3.04,167.11,57.82,85.06,6.08,"obs:Fair",""
"250","IL2022-16032",1.4,130.94,40.29,2.03,166.98,58.59,83.86,6.51,"obs:Fair",""
"251","IL2022-16171",2.3,132.8,34.95,1.81,168.66,58.14,96.63,7.57,"obs:Fair",""
"252","IL2022-16201",1.98,131.16,39.34,2.3,165.98,58.39,79.43,7.17,"hd:E, obs:Normal",""
"253","IL2022-16308",1.3,133.05,35.76,2.51,167.44,57.87,78.71,7.37,"hd:N, obs:Fair",NA
"254","IL2022-16344",1.76,131.28,35.53,2.74,167.5,59.3,86.8,6.78,"hd:N, obs:Poor",NA
"255","IL2022-16348",1.41,131.33,36.22,3.29,165.85,57.58,87.08,6.53,"obs:Fair",NA
"256","IL2022-16374",1.74,132.71,36.93,1.82,169.42,57.48,90.46,7.77,"obs:Normal",""
"257","IL2022-16411",2.16,130.91,36.83,1.92,167.63,58.94,92.07,8.01,"hd:N, obs:Normal",""
"258","IL2022-16436",1.95,133.45,37.91,2.39,169.39,59.61,91.44,7.34,"hd:N, obs:Normal",""
"259","IL2022-1645",1.03,127.92,37.73,2.57,165.7,57.3,85.79,6.38,"hd:E, obs:Fair",NA
"260","IL2022-16451",2.32,132.54,37.03,1.64,167.43,58.47,83.18,7.25,"hd:L, obs:Poor",NA
"261","IL2022-16454",1.81,134.4,39.27,2.38,167.6,59.13,81.81,7.14,"hd:N, obs:Poor",NA
"262","IL2022-16476",1.83,132.2,38.07,3.03,168.06,59.71,84.2,6.47,"hd:L, obs:Fair",""
"263","IL2022-16516",2.22,133.73,37.05,2.89,166.47,59.81,81.33,6.78,"hd:E, obs:Fair",NA
"264","IL2022-16525",1.98,132.13,37.02,2.29,166.58,58.47,85.27,6.5,"hd:E, obs:Normal",""
"265","IL2022-16557",2.07,131.93,36.47,2.44,167.51,56.51,84.17,5.54,"obs:Fair",""
"266","IL2022-16561",1.89,131.84,37.06,2.81,168.59,59.19,86.99,6.6,"obs:Normal",NA
"267","IL2022-16566",2.22,132.8,36.9,1.97,166.53,59.08,83.98,7.28,"hd:N, obs:Normal",NA
"268","IL2022-16572",1.58,132.15,37.05,2.56,167.84,58.62,92.4,6.1,"obs:Good",""
"269","IL2022-16613",1.75,130.3,35.41,2.86,167.05,58.54,86.47,6.75,"obs:Poor",""
"270","IL2022-16617",2.31,132.91,37.02,2.2,167.65,56.55,86.32,7.21,"obs:Fair",""
"271","IL2022-16620",1.55,131.83,35.05,2.43,168.36,59.6,86.15,7.25,"hd:N, obs:Fair",""
"272","IL2022-16662",2.25,129.91,36,2.08,166.8,59.47,80.49,6.51,"hd:E, obs:Normal",NA
"273","IL2022-16720",1.37,130.13,38.06,1.48,166.47,59.66,82.16,6.69,"hd:E, obs:Poor",""
"274","IL2022-16725",1.44,130.48,35.81,1.79,167.48,57.17,84.55,6.86,"hd:E, obs:Fair",""
"275","IL2022-16748",1.58,131.8,39.2,2.65,165.03,58.03,90.81,5.86,"hd:E, obs:Fair",""
"276","IL2022-1675",1.27,132.46,35.7,2.08,165.03,57.25,89.43,7.44,"hd:E, obs:Fair",""
"277","IL2022-16756",1.39,132.43,38.44,3.29,164.57,57.85,82.42,5.79,"obs:Normal",""
"278","IL2022-16777",1.24,133.24,37.76,3,165.51,58.68,82.74,5.79,"obs:Fair",NA
"279","IL2022-16849",1.33,133.61,37.25,2.63,166.04,59.73,85.02,7.54,"hd:N, obs:Fair",""
"280","IL2022-16865",1.39,132.94,38.26,3.81,167.5,58.47,84.95,7.88,"hd:N, obs:Poor",NA
"281","IL2022-16870",1.84,132.45,39.66,2.28,167.77,58.02,89.6,7.28,"obs:Poor",""
"282","IL2022-16961",1.71,131.46,36.59,2.28,168.26,61.51,86.31,0.13,"hd:N, obs:Poor",NA
"283","IL2022-16979",1.88,131.75,36.56,2.23,167.26,61.77,85.3,8.26,"obs:Poor",""
"284","IL2022-17009",1.69,132.41,37.28,1.53,169.32,59.63,92.48,8.05,"hd:N, obs:Fair",""
"285","IL2022-1701",1.6,131.3,36.27,2.82,164.39,56.1,88.24,8.18,"hd:E, obs:Fair",NA
"286","IL2022-17011",2.03,131.7,35.49,2.31,165.56,59.62,83.09,7.09,"hd:E, obs:Poor",""
"287","IL2022-17014",1.63,131.71,34.91,2.8,167.05,62,87.62,8.14,"hd:N, obs:Fair",""
"288","IL2022-17039",1.63,132.95,37.86,2.75,167.08,59.21,99.45,7.9,"hd:N, obs:Fair",""
"289","IL2022-17063",1.92,132.58,37.57,2.65,169.04,59.26,82.86,8.2,"hd:N, obs:Normal",""
"290","IL2022-17066",2.6,131.27,35.41,1.35,168.21,59.72,86.55,8.08,"obs:Normal",NA
"291","IL2022-17103",1.89,132.68,37.6,2.23,166.33,58.72,85.16,7.55,"obs:Normal",NA
"292","IL2022-17137",1.32,133.49,34.44,2.02,168.65,61.36,88.72,8.18,"hd:N, obs:Normal",NA
"293","IL2022-17148",0.85,132.61,37.33,1.68,167.87,60.4,84.54,7.35,"hd:N, obs:Normal",NA
"294","IL2022-17152",0.94,132.29,34.98,1.08,169.05,60,91.05,9.05,"hd:N, obs:Normal",""
"295","IL2022-17208",1.12,132.71,36.77,2.02,166.52,59.42,85.07,8.06,"hd:N, obs:Normal",""
"296","IL2022-17228",0.87,131.92,39.06,1.81,167.65,60.84,90.85,7.26,"hd:N, obs:Normal",""
"297","IL2022-17244",1.47,130.87,36.79,2,167.16,60.57,91.04,6.57,"hd:E, obs:Fair",NA
"298","IL2022-17314",1.41,130.53,34.7,2.44,165.64,58.98,82.73,6.77,"hd:E, obs:Fair","mixed"
"299","IL2022-17322",1.58,132.01,35.43,2.44,167.87,59.12,91.09,7.77,"hd:N, obs:Normal",NA
"300","IL2022-17329",1.43,131.51,34.86,2.06,168.03,58.82,80.5,7.25,"hd:E, obs:Normal",""
"301","IL2022-17337",1.35,129.84,35.4,2.55,165.97,58.91,86.08,6.5,"hd:E, obs:Fair",NA
"302","IL2022-17346",1.74,131.75,35.35,3.06,168.7,58.48,89.85,5.39,"obs:Good",NA
"303","IL2022-17452",1.34,132.63,36.9,2.2,167.5,58.95,89.4,7.45,"obs:Normal",""
"304","IL2022-17455",0.93,132.43,37.95,2.53,167.52,59.67,76.21,7.63,"hd:N, obs:Fair",""
"305","IL2022-17471",1.36,131.51,35.39,1.83,166.8,60.73,80.07,7.51,"hd:N, obs:Normal",NA
"306","IL2022-17507",1.58,130.39,38.29,2.18,168.25,59.85,91.76,8.04,"hd:E, obs:Good",NA
"307","IL2022-17515",1.78,131.5,38.61,1.7,168.14,60.22,75.06,6.57,"hd:N, obs:Normal",NA
"308","IL2022-17575",2.12,129.36,36.35,2.66,167.25,58.85,81.92,6.96,"obs:Normal",NA
"309","IL2022-17620",1.66,134.09,37.14,2.94,167.24,60.72,83.18,8.14,"hd:N, obs:Normal",NA
"310","IL2022-17621",2.1,133.02,36.26,2.37,166.24,58.93,81.88,7.82,"hd:N, obs:Normal","thick, seg"
"311","IL2022-17624",1.73,134.12,37.88,2.82,169.1,60.48,88.05,7.85,"hd:L, obs:Normal",NA
"312","IL2022-17625",1.92,133.05,38.35,3.39,167.55,59.82,79.57,6.04,"obs:Normal",""
"313","IL2022-17664",1.54,130.99,37.06,2.29,165.98,59.41,87.41,6.42,"hd:E, obs:Fair",""
"314","IL2022-17738",1.48,132.69,38.5,1.63,168.36,58.85,81.39,7.88,"hd:N, obs:Poor",""
"315","IL2022-17769",1.39,133.19,38.13,2.32,167.3,59.59,83.37,7.37,"hd:E, obs:Fair",""
"316","IL2022-17816",2.42,134.77,37.11,3.01,169.3,58.27,88.88,7.64,"obs:Good",NA
"317","IL2022-17844",1.05,131.81,38.34,3.54,166.12,59.36,83.33,7.84,"hd:N, obs:Fair",""
"318","IL2022-17861",1.56,130.17,35.81,0.88,166.81,56.43,89.23,6.12,"hd:E, obs:Normal",NA
"319","IL2022-17869",1.86,129.94,37.08,2.44,165.49,58.36,88.23,8.08,"hd:E, obs:Normal",NA
"320","IL2022-17915",1.68,131.93,35.82,1.54,166.13,59.21,84.91,7.87,"obs:Normal",NA
"321","IL2022-17929",1.85,130.36,35.7,0.78,166.9,60.41,74.56,7.25,"hd:E, obs:Normal",NA
"322","IL2022-17934",1.78,132.1,37.7,2.1,168.13,60.73,84.19,7.33,"hd:E, obs:Normal",""
"323","IL2022-17935",1.48,131.31,38.01,0.89,166.17,60.69,83.04,7.12,"hd:E, obs:Normal",""
"324","IL2022-18009",1.63,132.28,36.7,0.51,167.23,59.62,81.61,7.41,"obs:Good",NA
"325","IL2022-18037",2,129.6,37.84,0.78,166.06,60.74,90.15,8.47,"hd:E, obs:Normal",NA
"326","IL2022-18049",1.88,130.63,38.06,2.46,169.46,60.44,90.68,8.07,"hd:N, obs:Good",""
"327","IL2022-1806",1.84,131.37,36.77,2.64,165.9,57.54,76.59,6.77,"hd:E, obs:Normal",""
"328","IL2022-18061",1.37,133.28,38.57,1.96,168.91,57.31,95.59,7.54,"hd:N, obs:Normal",""
"329","IL2022-18101",1.56,130.8,39.81,1.55,166.2,59.01,83.34,7.59,"hd:N, obs:Normal",""
"330","IL2022-18139",1.42,131.98,36.26,3,167.89,56.09,97.76,8.05,"hd:N, obs:Normal",NA
"331","IL2022-1816",1.22,129.47,37.29,2.49,164.59,56.45,80.49,7.72,"hd:E, obs:Fair",""
"332","IL2022-18225",1.28,130.46,37.85,2.69,166.05,59.08,82.86,7.12,"hd:E, obs:Fair",""
"333","IL2022-1829",1.6,130.99,38.9,2.48,165.46,57.71,78.48,6.55,"hd:E, obs:Poor",""
"334","IL2022-1834",1.08,131.78,37.35,3.2,166.17,57.96,82.87,6.31,"obs:Good",NA
"335","IL2022-18345",1.38,132.44,39.09,2.25,168.28,57.81,91.68,7.56,"see down row",""
"336","IL2022-18377",0.95,129.39,37.16,2.34,166.51,58.53,81.36,7.04,"hd:E, obs:Poor",""
"337","IL2022-18573",1.72,131.58,37.15,1.56,167.13,58.58,74.15,7.71,"hd:L, dense, big flag leaf, obs:Normal",""
"338","IL2022-18613",0.95,130.74,38.81,2.66,164.1,59.39,78.58,5.85,"hd:E, obs:Poor",""
"339","IL2022-18632",0.97,131.29,39.21,2.53,165.43,59.36,81.14,6.94,"hd:E, obs:Normal",""
"340","IL2022-18655",1.39,132.9,36.44,1.55,166.92,59.89,87.74,7.66,"hd:N, obs:Normal",NA
"341","IL2022-18736",1.42,131.56,36.75,0.79,166.82,60.29,82.44,6.28,"hd:N, obs:Fair",NA
"342","IL2022-18751",1.86,133.61,37.32,2.08,168.86,60.33,89.58,7.36,"hd:N, obs:Normal",NA
"343","IL2022-18755",1.73,133.69,35.83,1.62,167.71,58.86,82.32,6.13,"hd:L, obs:Normal",NA
"344","IL2022-18763",1.29,132.72,35.99,1.13,166.85,60.64,85.06,8.09,"hd:N, obs:Good",""
"345","IL2022-18768",1.16,132.3,36.39,0.99,167.87,60.86,82.84,6.37,"obs:Fair",""
"346","IL2022-18769",1.84,132.14,37.58,1.57,166.45,59.36,85.74,7.62,"obs:Normal",""
"347","IL2022-18772",1.71,132.73,36.89,1.57,167.02,59.81,89.95,6.48,"obs:Normal",""
"348","IL2022-18801",1.76,131.38,37.33,0.85,166.51,59.21,86.15,7.13,"hd:N, obs:Normal",""
"349","IL2022-18811",1.53,130.79,38.27,1.79,167.22,60.11,85.57,6.15,"obs:Normal",""
"350","IL2022-18820",1.46,131.81,39.47,1.62,167.84,59.81,90.67,7.96,"obs:Normal",""
"351","IL2022-18823",1.47,130.53,38.01,1.7,165.21,59.89,77.92,7.13,"obs:Fair",""
"352","IL2022-18868",1.69,132.75,36.78,1.32,166.62,58.24,88.72,6.76,"hd:N, obs:Good",NA
"353","IL2022-18869",1.65,132.05,36.77,2,167.5,57.91,80.61,6.79,"hd:N, obs:Normal",""
"354","IL2022-18908",1.38,134.71,37.07,2.07,167.82,59.04,86.24,5.63,"hd:N, obs:Poor",""
"355","IL2022-18920",2.02,133.4,35.02,2.8,168.31,57.11,85.45,7.14,"obs:Poor",""
"356","IL2022-18929",1.81,132.59,33.82,2.84,168.68,57.51,76.5,7.32,"hd:N, obs:Normal",""
"357","IL2022-18954",1.95,134.04,35.48,3.07,166.58,57.61,79.71,7.55,"hd:L, obs:Normal",NA
"358","IL2022-19026",2.14,133.7,36.48,3.14,166.62,60.17,85.61,6.45,"obs:Normal",NA
"359","IL2022-19036",2.01,134.66,35.63,2.06,168.29,60.01,79.17,6.74,"hd:N, obs:Fair",NA
"360","IL2022-19043",1.8,133.36,35.33,2.29,168.6,59.22,78.34,8.28,"hd:N, obs:Good",NA
"361","IL2022-1906",1.49,130,38.39,4.31,165.98,55.73,78.98,8.39,"hd:E, obs:Poor",""
"362","IL2022-19116",1.14,128.68,37.33,1.35,165.7,58.89,81.77,6.11,"hd:E, obs:Fair",""
"363","IL2022-19141",1.3,132.03,36.47,1.62,167.15,58.25,77.95,7.56,"hd:E, obs:Normal",""
"364","IL2022-19142",1.75,129.55,36.87,1.55,166.21,57.47,78.87,6.98,"hd:E, obs:Normal",NA
"365","IL2022-19160",1.12,129.59,37.44,1.5,166.49,58.73,84.78,6.34,"obs:Normal",NA
"366","IL2022-19169",1.71,129.96,38.94,1.36,167.22,57.19,84.47,6.49,"hd:E, obs:Fair",NA
"367","IL2022-1917",2.04,131.37,39.63,2.92,166.66,58.79,84.41,7.43,"hd:N, obs:Fair",NA
"368","IL2022-19216",1.02,129.34,36.72,2.23,164.76,57.54,79.55,5.35,"hd:E, obs:Normal",""
"369","IL2022-19249",0.81,129.65,36.54,1.2,165.16,58.52,83.54,6.5,"hd:E, obs:Normal",NA
"370","IL2022-19268",1.41,130.14,35.82,2.08,163.64,57.3,85.27,6.22,"hd:E, obs:Normal",""
"371","IL2022-19273",1.7,129.76,37.38,2.04,165.3,57.35,79.37,6.49,"obs:Normal",""
"372","IL2022-19278",1.19,130.47,37.1,1.45,164.94,59.69,80.57,5.65,"hd:E, obs:Fair",NA
"373","IL2022-19302",1.33,131.76,35.48,1.79,166.47,59.08,86.99,8.2,"hd:L, obs:Normal",""
"374","IL2022-19306",1.22,130.7,37.89,1.28,166.9,58.68,84.51,6.72,"hd:E, obs:Normal",NA
"375","IL2022-19422",2.08,130.28,34.8,2.17,167.96,58.64,80.66,7.07,"hd:E, obs:Normal",""
"376","IL2022-19442",1.79,133.1,38.47,2.97,166.55,56.99,87.12,6.82,"obs:Fair",""
"377","IL2022-19446",1.67,134.8,36.74,2.05,167.23,59.58,92.34,7.12,"hd:N, obs:Normal",""
"378","IL2022-19456",2.34,134.84,35.48,2.65,169.07,59.29,83,7.93,"hd:L, late, obs:Good",NA
"379","IL2022-19457",1.93,135.55,37.91,2.29,167.96,60.19,78.34,6.56,"hd:N, obs:Fair",NA
"380","IL2022-19470",2.17,132.28,37.45,2.77,168.21,60.7,89.46,7.14,"obs:Fair",""
"381","IL2022-19508",1.95,133.09,34.89,3.18,168.49,60.05,78.11,6.62,"lots of heads, obs:Poor",NA
"382","IL2022-19520",2.22,133.02,37.94,3.12,167.61,58.17,94.61,8.07,"hd:N, obs:Normal","good canopy closure"
"383","IL2022-19528",2.52,134.97,35.81,2.98,168.3,58.08,84.45,7.59,"hd:N, obs:Good",""
"384","IL2022-19531",1.8,132.93,36.86,2.64,166.98,60.3,78.82,8.08,"hd:N, obs:Normal",NA
"385","IL2022-19539",2.15,133.39,37.25,2.59,169.45,59.75,87.92,7.68,"obs:Poor",""
"386","IL2022-19542",1.89,133.48,34.79,2.99,167.37,58.97,85.97,6.04,"obs:Fair",""
"387","IL2022-19572",1.52,134.36,36.38,1.87,167.05,59.31,90.08,7.08,"hd:L, obs:Normal","thick"
"388","IL2022-19749",1.61,130.78,35.94,2.06,166.41,58.71,87.08,6.89,"obs:Good",NA
"389","IL2022-19766",1.64,132.79,38.45,2.48,167.39,58.39,83.75,7.43,"hd:N, obs:Fair",""
"390","IL2022-19769",1.25,129.76,37.85,1.71,166.3,57.09,76.83,6.54,"hd:N, obs:Normal",NA
"391","IL2022-19777",1.38,130.5,35.87,2.07,167.93,56.45,82.31,6.86,"hd:E, obs:Fair",""
"392","IL2022-19803",1.23,130.76,36.63,2.28,166.51,59.04,78.7,8.09,"hd:E, obs:Fair",NA
"393","IL2022-19869",1.84,132.96,37.06,2.52,168.63,59.48,91.81,6.4,"obs:Good",""
"394","IL2022-19879",1.53,131.2,35.37,2.31,167.75,57.66,85.71,7.34,"obs:Normal","lots of heads"
"395","IL2022-19921",1.77,133.08,36.96,2.06,168.41,58.62,84.19,6.79,"hd:N, obs:Fair","mixed"
"396","IL2022-19927",1.89,131.27,37.02,2.92,170.31,56.78,72.35,6.35,"obs:Normal",NA
"397","IL2022-19937",1.56,133.29,36.54,2.53,170.14,58.28,84.04,7.82,"obs:Good",NA
"398","IL2022-19944",1.63,132.16,35.19,2.57,167.96,59.61,83.7,7.42,"obs:Normal",""
"399","IL2022-20026",1.95,132.81,38.29,2.84,168.17,57.54,65.78,5.43,"hd:N, segregating, obs:Poor",NA
"400","IL2022-20076",1.68,132.44,36.34,1.76,167.58,60.89,82.86,7.89,"hd:N, obs:Fair","mixed"
"401","IL2022-20122",1.4,130.58,35.4,2.09,167.68,61.1,82.17,8.08,"hd:N, obs:Normal",NA
"402","IL2022-20155",1.76,133.43,36,2.76,167.52,59.95,81.78,7.59,"hd:N, obs:Fair","mixe"
"403","IL2022-20165",1.29,133.25,37.99,2.88,169.3,61.09,83.8,7.96,"hd:N, obs:Normal",NA
"404","IL2022-20179",1.44,132.4,38.64,2.99,169.15,59.05,81.4,5.5,"hd:N, obs:Fair",""
"405","IL2022-20264",1.39,131.72,39.52,3.58,166.62,57.63,82.16,7.65,"hd:N, obs:Fair",NA
"406","IL2022-20305",1.91,130.03,37.15,3.36,166.28,56.85,82.61,7.77,"obs:Fair",NA
"407","IL2022-20314",1.72,132.15,37.19,3.57,166.56,58.23,81.08,6.81,"hd:N, obs:Normal",""
"408","IL2022-20325",1.48,131.82,36.98,3.55,165.62,58.9,95.55,7.1,"hd:E, obs:Normal",NA
"409","IL2022-20372",1.54,130.79,38.18,3.58,166.34,58.84,78.28,6.21,"hd:E, obs:Normal",NA
"410","IL2022-20401",1.69,130.36,38.9,3.36,165.05,58.68,77.11,7.05,"hd:E, obs:Fair",""
"411","IL2022-20420",2.13,129.9,38.83,1.88,166.97,57.69,83.03,7.58,"hd:N, obs:Fair",""
"412","IL2022-20421",1.66,130.78,37.79,2,168.49,60.42,93.08,8.54,"hd:N, obs:Fair",""
"413","IL2022-20424",1.96,131.57,38.31,2.6,166.24,58.19,86.65,7.32,"hd:E, obs:Normal",NA
"414","IL2022-20427",1.85,132.79,38.42,1.95,167.23,58.44,89.23,8.64,"hd:N, obs:Fair",""
"415","IL2022-20435",1.62,129.47,38.31,1.6,164.86,60.07,79.72,6.28,"hd:E, obs:Normal",NA
"416","IL2022-20441",1.59,130.3,38.7,2.1,164.9,58.81,86.17,5.11,"hd:E, obs:Normal",""
"417","IL2022-20504",1.94,129.56,36.62,2.1,167.38,57.6,88.75,6.36,"hd:E, obs:Fair",""
"418","IL2022-20509",1.89,131,38.14,1.84,167.06,58.83,81.53,6.92,"hd:E, obs:Fair",""
"419","IL2022-20670",1.07,132.71,38.64,3.36,167.41,59.57,91.79,7.43,"obs:Normal",NA
"420","IL2022-2068",1.38,129.38,35.95,2.13,165.36,56.57,87.31,7.31,"hd:E, obs:Good",NA
"421","IL2022-20730",1.78,132.77,39.32,4.47,166.44,59.8,77.43,7.23,"hd:N, obs:Poor",NA
"422","IL2022-20741",2.08,133.67,36.91,4.26,167.37,57.86,90.22,6.72,"hd:N, obs:Fair","thick, npt"
"423","IL2022-20744",2.39,132.35,36.85,2.91,168.05,60.52,88.3,7.59,"hd:N, obs:Normal",NA
"424","IL2022-20757",1.81,131.75,35.57,3.12,166.33,60.17,83.72,7.3,"hd:N, obs:Normal",""
"425","IL2022-20830",1.7,132.42,33.98,1.08,165.88,58.95,83.93,6.57,"hd:N, obs:Good",""
"426","IL2022-20844",1.59,132.55,33.61,1.15,167.27,58.55,88.87,7.47,"hd:N, obs:Good",NA
"427","IL2022-20848",1.4,131.49,35.37,1.06,167.54,59.47,81.44,7.45,"obs:Good",""
"428","IL2022-20874",1.95,132.23,35.49,1.65,167.41,58.8,85.73,7.91,"hd:N, obs:Good",""
"429","IL2022-20878",1.71,130.74,35.01,1.33,165.58,58.1,86.81,6.71,"hd:E, npt, obs:Normal",NA
"430","IL2022-20936",1.61,126.87,38.25,2.51,163.94,59.6,73.44,5.24,"hd:E, obs:Normal",""
"431","IL2022-20953",1.23,130.23,37.38,1.67,167.33,61.19,84.44,7.97,"hd:N, obs:Fair",NA
"432","IL2022-20959",1.68,132.04,36.3,1.57,167.34,59.81,86.12,7.39,"obs:Good","thick"
"433","IL2022-21008",1.77,130.5,37.35,1.68,166.35,57.98,90.24,7.74,"hd:E, obs:Normal",NA
"434","IL2022-21018",1.31,131.91,35.2,1.16,168.2,57.21,92.08,8.31,"hd:E, obs:Normal",""
"435","IL2022-2109",1.35,131.54,39.31,3.29,165.5,56.85,85.19,7.14,"hd:E, obs:Poor",""
"436","IL2022-21128",1.76,128.03,37.24,3.36,165.65,57.02,82.43,5.9,"hd:E, obs:Poor",NA
"437","IL2022-21130",1.7,129.81,36.15,2.39,167.05,57.59,82.05,6.54,"hd:E, obs:Fair",""
"438","IL2022-21133",1.59,129.05,37.18,3.06,165.84,57.75,82.32,7,"hd:E, obs:Fair",NA
"439","IL2022-21211",1.76,132.14,38.18,2.73,167.77,58.74,88.75,7.3,"hd:N, obs:Normal",""
"440","IL2022-21238",2.17,132.26,38.97,2.43,168,59.53,89.46,6.98,"hd:N, segregation or offtypes?, mixed, obs:Fair","segregating"
"441","IL2022-21272",1.68,131.32,36.47,2.16,165.9,57.91,83.62,7.29,"hd:N, obs:Normal",""
"442","IL2022-21310",1.27,132.52,37.17,1.75,166.08,56.98,90.39,6.54,"obs:Fair",""
"443","IL2022-21312",1.5,129.94,37.9,1.83,166.16,58.83,81.51,6.88,"hd:E, obs:Normal",NA
"444","IL2022-21348",1.5,129.74,35.95,2.49,165.23,57.54,90.11,7.04,"obs:Fair",NA
"445","IL2022-21528",1.7,133.12,38.63,2.6,167.14,57.58,84.49,7.98,"hd:N, obs:Poor",NA
"446","IL2022-21535",1.69,130.38,38.98,3.09,165.82,56.8,83.16,6.91,"hd:N, obs:Normal",""
"447","IL2022-21538",1.4,133.25,38.02,3.19,165.77,57.24,81.81,7.78,"obs:Poor",""
"448","IL2022-2156",1.02,131.1,37.81,3.83,165.15,56.96,76.59,7.46,"obs:Fair","thick"
"449","IL2022-2157",1.19,130.48,40.27,4.13,165.35,57.82,84.31,7.89,"hd:E, obs:Poor",""
"450","IL2022-21618",1.64,133.82,37.33,2.32,169.11,59.61,92.81,7.63,"obs:Normal",""
"451","IL2022-21629",1.7,132.14,37.42,2.37,168.11,60.51,91.09,7.4,"hd:L, obs:Fair",""
"452","IL2022-21633",2.15,133.93,36.54,2.43,168.54,60.27,92.63,8.12,"hd:L, obs:Normal",NA
"453","IL2022-21643",1.51,133.68,35.25,2.51,169.74,59.42,93.13,7.93,"hd:L, obs:Normal",""
"454","IL2022-21666",2.01,132.28,37.75,2.65,167.23,59.09,94.85,6.99,"obs:Normal",""
"455","IL2022-21673",1.93,133.76,37.9,2.81,167.13,58.81,94,5.21,"hd:L, obs:Fair",""
"456","IL2022-21754",2.38,131.39,37.36,1.8,169.68,60.36,81.78,8.04,"hd:N, obs:Normal",NA
"457","IL2022-21758",2.16,132.66,35.84,1.78,169.64,59.36,92.36,8.48,"hd:N, obs:Normal",""
"458","IL2022-21774",1.79,130.1,34.88,1.74,165.99,56.61,80.55,6.78,"hd:E, obs:Good",""
"459","IL2022-2178",1.71,132.06,37.97,2.5,166.31,58.04,83.06,5.68,"obs:Normal",""
"460","IL2022-21804",1.94,128.95,35.95,2.59,166.21,59.07,82.48,6.59,"hd:E, obs:Normal",NA
"461","IL2022-21879",0.74,131.05,36.32,1.85,165.59,59.9,82.52,7.62,"obs:Normal",NA
"462","IL2022-21937",1.34,129.83,39.53,2.9,165.6,59.08,90.99,7.14,"hd:N, obs:Normal",NA
"463","IL2022-21974",1.72,131.4,37.95,2.39,167.24,59.42,86.05,7.64,"hd:E, obs:Normal",""
"464","IL2022-22012",1.35,131.95,38.57,4.15,166.97,60.18,89.57,8.01,"hd:N, obs:Fair",""
"465","IL2022-2202",1.76,131.95,37.64,2.89,167.37,58.12,77.41,7.03,"hd:N, obs:Fair",""
"466","IL2022-22021",1.81,130.85,35.47,2.83,166.92,58.59,81.85,6.4,"hd:E, obs:Fair",NA
"467","IL2022-22035",1.21,132.68,38.25,3.29,168.07,60.81,89.18,7.99,"hd:N, obs:Normal",""
"468","IL2022-22045",1.44,132.53,36.73,2.75,166.61,59.7,86.73,7.63,"obs:Fair",""
"469","IL2022-2206",1.36,130.39,39.75,3.5,165.73,57.11,88.28,7.11,"hd:N, obs:Poor",""
"470","IL2022-22078",1.25,131.93,35.64,3.25,167.17,59.09,87.01,7.03,"hd:E, obs:Good",NA
"471","IL2022-22115",1.21,132.35,37.21,2.52,168.32,59.58,89.7,7.04,"hd:N, obs:Fair",""
"472","IL2022-22124",1.34,132.68,38.08,2.22,167.21,58.92,84.38,6.99,"hd:N, obs:Normal",NA
"473","IL2022-22142",2.03,132.28,36.74,1.93,167.2,57.58,89.95,8.68,"hd:E, obs:Good",""
"474","IL2022-22145",1.94,130.27,38.15,2.22,168.4,58.98,82.61,6.48,"hd:E, obs:Fair",NA
"475","IL2022-22147",1.58,133.29,35.31,2.33,167.88,59.99,82.66,7.13,"sprawling, obs:Poor",""
"476","IL2022-22150",1.44,130.56,35.85,2.81,164.44,59.66,92.17,7.52,"hd:E, ve, obs:Excellent ",""
"477","IL2022-22210",1.37,132.36,37.13,1.94,166.49,59.31,85.69,7.76,"hd:N, obs:Good",""
"478","IL2022-22222",1.62,131.14,35.77,2.36,166.29,59.05,86.22,8.12,"obs:Normal",NA
"479","IL2022-22257",1.11,133.11,36.84,1.8,165.78,58.33,84.52,7.99,"hd:N, obs:Normal",NA
"480","IL2022-22335",1.75,131.44,39.58,2.66,165.82,58.28,81.99,6.59,"obs:Fair",""
"481","IL2022-22341",1.5,131.73,38.39,2.9,166.8,61.5,70.33,6.7,"obs:Normal",NA
"482","IL2022-22416",1.33,130.66,39.63,1.8,167.53,58.53,81.2,7.69,"obs:Fair",""
"483","IL2022-22458",2.51,135.17,34.78,1.27,170.77,56.67,89.36,7.08,"hd:N, obs:Good",""
"484","IL2022-22472",2.47,134.88,35.92,1.46,169.78,58.65,94.62,7.09,"obs:Good",NA
"485","IL2022-22508",2.18,131.92,37.5,1.35,167.86,59.23,92.99,7.5,"obs:Normal",""
"486","IL2022-22525",2.52,134.74,35.26,1.47,169.32,58.94,87.75,7.73,"hd:L, obs:Normal",NA
"487","IL2022-22527",2.07,133.03,37.17,1.87,168.39,56.97,89.76,8.25,"obs:Good",""
"488","IL2022-2254",1.64,130.99,38.55,2.19,167.29,57.78,93.92,7.17,"hd:N, obs:Fair",NA
"489","IL2022-22541",2.83,135.23,35.45,1.14,170.99,55.29,92.88,9.18,"hd:L, obs:Good",""
"490","IL2022-22556",2.68,135.67,35.86,1.77,170.27,59.42,89.54,7.55,"hd:L, late, obs:Good",NA
"491","IL2022-22603",2.18,131.63,36,2.35,167.97,58.62,86.6,6.18,"hd:E, obs:Good",""
"492","IL2022-22609",1.72,131.41,38.13,2.48,166.29,58.76,80.44,7.39,"hd:E, obs:Normal",""
"493","IL2022-22629",2.63,130.99,36.89,2.62,167.69,57.83,87.74,7.91,"obs:Fair","mixed"
"494","IL2022-22637",1.97,134.2,37.89,2.21,167.43,58.06,83.28,6.83,"obs:Fair",NA
"495","IL2022-22651",1.9,135.17,37.93,2.11,169.34,58,84.83,6.35,"big flag, erect, obs:Normal",""
"496","IL2022-22670",1.9,134.75,38.84,2.44,167.86,59.05,88.38,6.29,"obs:Normal",NA
"497","IL2022-2270",2.02,132.34,35.86,2.7,167.26,57.93,84.93,7.33,"hd:N, obs:Fair",NA
"498","IL2022-22770",2,130.96,40.23,3.05,165.84,58.07,86.32,6.37,"hd:E, obs:Fair",""
"499","IL2022-22771",2.2,131.81,36.73,1.98,168.58,57.38,83.4,5.47,"obs:Normal",""
"500","IL2022-22774",1.26,129.43,36.49,3.64,163.48,58.89,81.31,5.64,"hd:E, obs:Good",""
"501","IL2022-22812",1.15,131.02,37.38,5.27,164.74,58.05,83.72,6.37,"hd:E, obs:Poor","bearded, wow factor, sprawling"
"502","IL2022-22816",1.66,131.52,36.95,2.44,165.33,59.89,83.84,7.62,"hd:N, obs:Fair","bronze"
"503","IL2022-22870",1.92,131.19,39.87,2.44,165.37,60.13,83.98,5.92,"hd:N, obs:Fair",""
"504","IL2022-22930",1.54,131.98,39.68,1.89,167.9,58.2,93.48,7.17,"hd:N, obs:Good",NA
"505","IL2022-23037",1.87,130.82,38.63,2.05,167.36,60,89.98,8.2,"hd:E, obs:Fair",NA
"506","IL2022-23101",2.03,131.21,39.23,1.85,166.78,60.46,82.28,6.53,"hd:E, obs:Good",""
"507","IL2022-23178",1.61,131.12,37.08,2.54,166.86,58.76,88.77,6.24,"hd:E, obs:Normal",""
"508","IL2022-2320",1.02,132.26,37.52,2.12,169.67,59.7,79.55,7.31,"obs:Fair",""
"509","IL2022-23204",1.7,129.47,34.96,3.63,168.3,58.23,81.83,5.29,"seg height , obs:Excellent ",NA
"510","IL2022-23207",1.39,132.09,37.49,2.77,168.03,58.48,80.95,6.23,"obs:Normal",""
"511","IL2022-23210",1.7,133.21,36.46,3.12,169.32,59,84.83,7.13,"obs:Fair",""
"512","IL2022-23224",1.95,133.38,35.74,2.69,167.51,59.92,85.25,7.71,"hd:L, obs:Fair",""
"513","IL2022-2324",1.11,132.78,37.61,1.53,168.92,59.87,88.37,8.12,"obs:Normal",""
"514","IL2022-23246",1.51,133.96,36.59,1.72,170.8,58.67,89.65,7.33,"hd:L, obs:Normal",""
"515","IL2022-23259",1.64,132.04,34.68,2.1,170.17,61.75,86.25,8.17,"hd:L, late, obs:Normal","late"
"516","IL2022-23305",2.01,133.32,38.06,2.74,167.2,56.27,85.18,7.45,"hd:L, obs:Fair",NA
"517","IL2022-23316",1.71,132.38,37.08,2.21,170.14,58.37,86.75,8.25,"hd:N, obs:Normal",NA
"518","IL2022-23344",1.75,128.7,37.22,1.99,167.14,57.73,79.34,7.78,"hd:E, obs:Normal","viral symptoms "
"519","IL2022-23362",1.34,130.29,37.36,1.66,165.37,58.08,82.92,7.86,"hd:E, obs:Fair",""
"520","IL2022-2339",0.84,131.4,37.3,1.53,167.14,58.09,85.76,7.52,"obs:Normal",""
"521","IL2022-23406",1.01,131.85,38.2,3.8,167.06,58.26,78.73,7.36,"hd:N, obs:Poor",""
"522","IL2022-23424",1.52,128.74,34.37,1.37,165.86,57.72,81.61,6.69,"hd:E, obs:Good",""
"523","IL2022-23425",1.35,131.99,35.97,1.91,166.89,58.64,84.61,6.44,"hd:N, obs:Fair",NA
"524","IL2022-23473",2.3,129.04,37.79,3,167.43,57.52,73.52,6.87,"hd:E, obs:Poor",""
"525","IL2022-23516",1.61,132.01,37.58,2.06,166.83,56.78,80.43,6.97,"hd:N, obs:Normal",""
"526","IL2022-23524",1.05,130.5,35.92,3.1,165.43,58.72,87.77,7.21,"hd:E, obs:Poor",""
"527","IL2022-23531",2.05,131.11,37.56,2.04,166.19,60.46,88.87,7.58,"hd:N, obs:Normal",""
"528","IL2022-23625",1.5,131.57,38.02,2.55,167.52,57.87,94.08,7.37,"hd:N, obs:Fair",""
"529","IL2022-23677",2.45,134.23,38.57,2.47,167.74,58.33,87.39,7.88,"hd:N, obs:Fair",NA
"530","IL2022-23808",2.21,129.87,34.94,2.03,165.79,60.66,82.03,7.31,"hd:E, npt, obs:Normal",NA
"531","IL2022-23823",1.54,132.4,39.36,3.02,163.94,58.78,73.42,6.15,"hd:N, obs:Fair",NA
"532","IL2022-23979",1.98,133.81,37,2.34,170.22,58.67,84.2,7.65,"hd:N, obs:Normal",NA
"533","IL2022-24032",2.11,132.94,36.64,2.04,170.32,59.1,85.47,6.06,"obs:Normal",""
"534","IL2022-24039",1.9,132.27,38.25,2.66,166.49,59.33,83.16,6.78,"obs:Normal",NA
"535","IL2022-24058",1.92,132.03,36.02,1.83,169.37,59.55,78.25,6.86,"hd:N, obs:Normal",""
"536","IL2022-24061",1.96,132.62,36.92,2.4,166.99,59.44,79.38,6.22,"hd:N, obs:Good",NA
"537","IL2022-24102",1.65,128.64,37.04,1.56,165.86,58.15,85.29,6.25,"hd:E, obs:Normal",""
"538","IL2022-24110",1.71,131.27,38.11,2.08,167.26,57.35,84.99,7.94,"hd:E, obs:Fair",""
"539","IL2022-2412",1.72,132.84,40.14,3.73,167.23,58.56,84.94,5.88,"obs:Poor",NA
"540","IL2022-24144",2.52,131.18,36.08,2.42,166.8,58.38,79.82,5.53,"obs:Fair",""
"541","IL2022-24151",1.1,131.28,38.82,2.14,166.79,59.31,82.34,6.67,"hd:E, obs:Fair",""
"542","IL2022-24171",1.91,132.25,37.49,2.48,167.6,58.83,83.44,7.14,"obs:Fair",NA
"543","IL2022-24204",1.21,132.46,39.16,1.87,166.15,58.24,83.37,6.87,"obs:Fair",""
"544","IL2022-2503",1.32,131.3,38.83,2.93,166.24,59.6,81.9,7.08,"obs:Good",""
"545","IL2022-2511",1.24,132.96,37.7,2.63,167.31,57.29,82.76,8.4,"hd:N, obs:Normal",""
"546","IL2022-2514",1.09,129.72,38.07,2.11,167.4,58.86,86.21,7.13,"hd:E, obs:Fair",NA
"547","IL2022-2535",1.45,131.95,37.23,4.65,166.24,57.58,85.71,7.35,"hd:N, obs:Poor",""
"548","IL2022-2544",1.12,131.47,34.63,3.25,165.33,59.59,80,7.08,"obs:Fair",NA
"549","IL2022-2604",1.98,131.05,34.31,0.85,166.54,59.43,91.63,8.08,"uniform, obs:Good",NA
"550","IL2022-2616",1.47,132.43,37.39,2.95,167.18,57.88,85.23,7.36,"hd:N, obs:Normal",NA
"551","IL2022-2654",2.13,133.53,35.97,1.5,169.04,59.96,89.25,7.14,"obs:Good","late"
"552","IL2022-2704",1.85,131.88,36.07,1.51,168.81,59.57,85.92,8.15,"obs:Normal",""
"553","IL2022-2749",1.64,132.59,37.32,1.22,168.22,58.34,92.87,8.23,"hd:N, obs:Normal",""
"554","IL2022-2920",2.38,133.94,35.83,1.81,167.53,58.66,88.05,7.45,"hd:L, obs:Fair",""
"555","IL2022-2922",0.89,131.78,40.66,3.39,165.21,59.49,84.15,7.85,"hd:N, obs:Poor",""
"556","IL2022-2933",0.21,133.33,39.97,2.45,167.83,57.26,85.21,7.45,"obs:Fair",""
"557","IL2022-2937",1.66,133,36.63,2.62,167.04,57.91,89.74,6.72,"hd:N, obs:Fair",NA
"558","IL2022-3013",1.43,130.41,36.52,2.25,165.8,58.18,83.4,7.51,"hd:N, obs:Normal",""
"559","IL2022-3033",1.31,132.77,36.17,2.95,165.9,56.91,89.06,8.59,"hd:N, obs:Fair",NA
"560","IL2022-3075",0.85,130.84,38.82,2.49,166.81,56.13,82.56,8.15,"hd:E, obs:Normal",NA
"561","IL2022-310",1.76,130.57,37.4,1.4,165.78,57.64,87.32,7.07,"obs:Fair",""
"562","IL2022-3110",1.51,132.77,36.48,2.77,166.67,58.13,85.79,6.28,"obs:Normal",""
"563","IL2022-3117",1.91,131.57,40.74,2.59,167.5,58.42,87.33,6.87,"hd:N, obs:Fair",""
"564","IL2022-3153",1.43,132.47,36.77,2.05,168.67,59.4,78.15,7.21,"hd:N, obs:Fair",""
"565","IL2022-3164",1.3,131.64,39,2.54,167.31,59.41,84.69,7.39,"hd:N, obs:Normal","mixed"
"566","IL2022-3177",1.58,131.17,36.32,2.05,166.32,58.34,88.78,6.82,"hd:N, obs:Normal",NA
"567","IL2022-3228",1.51,133.63,37.03,2.75,164.49,59.63,87.03,7.83,"hd:L, obs:Normal",NA
"568","IL2022-3242",1.74,133.02,37.92,2.08,167.8,60.37,81.33,8.05,"obs:Normal",""
"569","IL2022-3262",1.75,131.44,36.99,1.57,167.42,58.72,94.22,7.44,"obs:Good",""
"570","IL2022-3265",1.65,131.3,39.79,3.28,167.28,58.57,83.25,7.11,"hd:N, obs:Fair",""
"571","IL2022-3277",2.21,134.12,36.46,2.87,168.71,57.83,101.51,3.64,"hd:L, obs:Poor",NA
"572","IL2022-3306",1.77,132.65,34.71,1.89,166.16,57.16,92.44,9.15,"hd:N, obs:Normal",NA
"573","IL2022-3320",2.21,131.96,37.45,2.17,168.68,56.46,91.59,7.07,"obs:Fair",""
"574","IL2022-3321",1.95,131.75,37.34,1.94,166.48,58.47,85.05,7.8,"obs:Fair",NA
"575","IL2022-3324",1.86,132.37,36.96,3.06,166.13,60.41,96.49,4.92,"obs:Poor",""
"576","IL2022-3329",1.14,131.79,36.66,2.23,167.37,57.19,87.06,6.19,"hd:E, obs:Good",NA
"577","IL2022-3333",1.17,130.13,36.96,2.16,166.41,57.13,84.9,8.1,"hd:E, obs:Normal",""
"578","IL2022-3345",0.64,131.48,39.4,2.12,167.42,57.12,81.13,7.34,"obs:Fair",""
"579","IL2022-3418",1.99,132.05,38.17,2.64,168.15,58.34,90.02,7.75,"obs:Poor",""
"580","IL2022-3421",1.87,134.17,38.05,1.77,168.7,59.53,83.96,7.58,"hd:L, obs:Normal","late"
"581","IL2022-3429",2.01,135.63,39.55,1.49,169.03,59.06,94.44,6.46,"obs:Normal",NA
"582","IL2022-3439",2.13,135.16,36.38,2.21,170.37,59.77,92.32,6.81,"hd:L, obs:Normal",NA
"583","IL2022-345",2.33,131.21,38.98,1.63,165.22,59.32,90.08,7.02,"hd:E, obs:Normal",""
"584","IL2022-3450",2.26,133.57,35.58,1.81,169.02,60.15,88.36,7.36,"hd:N, obs:Normal",""
"585","IL2022-3463",2.09,134.79,38.69,2.7,169.41,58.08,90.66,7.26,"hd:N, obs:Poor",""
"586","IL2022-3465",2.4,135.64,38.81,2.24,168.78,59.53,92.36,7.47,"obs:Normal",NA
"587","IL2022-3476",1.67,134.66,38.93,1.82,166.17,58.33,83.53,8.18,"hd:N, obs:Normal",NA
"588","IL2022-3513",2.37,134.66,38.11,2.35,169.26,58.86,87.33,7.64,"hd:L, obs:Normal",NA
"589","IL2022-3523",1.72,133.76,38.49,2.11,168.22,59.08,96.03,7.95,"obs:Fair",""
"590","IL2022-3544",2.12,134.79,38.06,2.46,168.89,60.24,82.53,6.77,"obs:Fair",NA
"591","IL2022-3611",1.95,133.11,37.09,1.73,169.51,60.02,88.39,7.95,"obs:Excellent ",""
"592","IL2022-3705",1.81,130.65,38.01,2.43,166.71,58.56,82.09,7.52,"hd:E, obs:Normal","segregating"
"593","IL2022-3708",1.58,130.12,37.91,3.12,164.09,58,82.57,6.65,"hd:E, obs:Good",""
"594","IL2022-3720",1.27,130.49,37.86,2.27,164.57,57.72,86.93,6.5,"hd:E, obs:Normal",NA
"595","IL2022-3724",1.15,129.85,35.09,2.46,164.59,59.51,85.97,7.13,"hd:N, obs:Fair",NA
"596","IL2022-3736",1.95,129.16,39.62,2.83,164.81,57.05,87.28,6.8,"hd:E, obs:Fair",""
"597","IL2022-3746",1.75,129.12,37.43,2.81,165.76,60.75,83.15,6.57,"hd:E, obs:Fair",NA
"598","IL2022-3818",1.65,130.06,38.89,3.07,165.42,57.01,86.13,7.01,"obs:Fair",""
"599","IL2022-3822",1.86,130.05,36.52,2.6,166.31,57.91,86.1,6.86,"hd:E, obs:Normal",NA
"600","IL2022-3837",1.54,131.33,40.75,2.79,165.19,59.81,76.6,7.09,"hd:N, obs:Fair",NA
"601","IL2022-3862",1.26,132.16,38.63,2.18,168.61,58.26,85.31,7.14,"hd:E, obs:Fair",""
"602","IL2022-3866",2.27,131.09,39.4,2.88,166.16,59.29,83.68,6.08,"hd:E, obs:Fair","tall, mixed"
"603","IL2022-3936",1.83,131.35,38.19,2.67,165.79,60.37,80.35,7.22,"hd:E, obs:Fair",""
"604","IL2022-3948",1.48,135.62,36.79,3.52,168.48,60.01,75.63,5.77,"obs:Fair",NA
"605","IL2022-3950",1.36,132.05,37.89,2.68,167.04,58.29,77.6,7.67,"hd:E, obs:Fair",""
"606","IL2022-3976",2.26,132.38,37.86,1.07,169.97,59.69,84.26,6.57,"hd:N, obs:Good",""
"607","IL2022-4032",1.26,130.66,39.27,2.49,167.68,58.87,83.2,7.31,"hd:E, obs:Fair",NA
"608","IL2022-4044",1.65,134.17,37.66,2,170.25,59.45,81.84,6.9,"obs:Good",""
"609","IL2022-4054",1.67,132.33,38.23,1.98,168.58,59.36,82.73,7.96,"hd:N, obs:Normal",""
"610","IL2022-4061",1.33,134.49,38.39,1.62,169.21,59.84,90.16,8.23,"obs:Poor",""
"611","IL2022-4078",1.01,133.61,37.25,1.79,168.33,59.31,86.32,8.28,"hd:N, obs:Good",""
"612","IL2022-4127",1.6,131.44,37.46,2.63,168.39,57.16,81.38,6.82,"hd:N, obs:Fair",""
"613","IL2022-4133",1.05,133.63,37.3,2.89,167.75,61.06,89.04,7.42,"hd:N, obs:Poor",NA
"614","IL2022-414",1.77,132.43,35.65,2.32,168,58.65,94.97,7.51,"hd:N, obs:Normal",NA
"615","IL2022-4145",1.32,131.84,38.86,2.33,168.16,57.98,79.51,7.88,"hd:N, obs:Fair",""
"616","IL2022-4148",1.31,131.91,37.34,2.68,168.38,60.41,86.95,7.41,"hd:N, obs:Normal",""
"617","IL2022-4154",1.53,133.25,35.27,1.62,170.36,59.2,82.66,6.42,"hd:N, obs:Good",NA
"618","IL2022-4220",1.02,131.99,37.17,2.84,166.98,57.61,79.77,6.56,"hd:E, obs:Normal",""
"619","IL2022-4224",1.29,132.77,38.71,2.62,168.5,56.79,77.66,7.05,"hd:N, obs:Fair",NA
"620","IL2022-4228",1.48,132.75,38.08,3.91,166.28,58.11,78.11,6.76,"obs:Poor",""
"621","IL2022-4232",1.44,131.59,36.68,2.68,168.16,57.24,81.56,6.78,"obs:Fair",""
"622","IL2022-4237",1.74,129.69,36.7,2.86,166.05,58.52,76,6.91,"obs:Poor",""
"623","IL2022-4260",1.26,131.56,37.9,3.07,166.63,56.82,81.57,7.07,"hd:N, obs:Poor",NA
"624","IL2022-4424",1.12,132.43,37.56,1.6,166.5,60.22,85.48,6.96,"hd:E, obs:Good",""
"625","IL2022-4441",1.1,131.31,34.82,1.87,167.48,60.99,88.3,7.48,"obs:Good",NA
"626","IL2022-4524",0.99,133.8,37.19,2.89,166.76,60.39,88.22,7.86,"",NA
"627","IL2022-4532",2.03,130.16,39.05,3.18,167.7,58.34,78.87,7.56,"hd:E, obs:Poor",NA
"628","IL2022-4560",1.53,133.28,38.15,3.07,170.78,59.55,89.28,7.55,"obs:Fair",""
"629","IL2022-457",1.99,131.81,34.41,2.87,166.27,59.61,92.31,7.91,"hd:N, obs:Good",""
"630","IL2022-460",2.28,131.59,36.43,3.11,166.14,57.84,91.31,7.73,"obs:Fair",NA
"631","IL2022-4643",1.89,132.08,38.82,2.73,168.3,56.75,86.59,7.41,"obs:Fair",""
"632","IL2022-465",1.68,129.84,34.68,1.07,165.16,58.85,81.5,7.41,"obs:Good","npt"
"633","IL2022-4660",1.38,130.62,37.21,3.12,165.74,58.22,83.26,6.5,"hd:E, obs:Fair",NA
"634","IL2022-469",1.77,132.76,36.44,2.29,169.34,58.39,84.42,6.8,"obs:Normal",NA
"635","IL2022-473",1.68,133.06,34.35,2.81,168.11,59.11,87.88,8.01,"hd:N, obs:Poor",NA
"636","IL2022-4730",1.67,130.09,35.96,2.74,166.07,58.05,90.22,7.89,"obs:Normal",""
"637","IL2022-4739",1.57,130.67,36.44,2.57,165.89,58.86,82.1,8.9,"hd:E, obs:Normal",""
"638","IL2022-4774",1.5,131.14,37.83,3.33,167.08,59.22,92.5,8.93,"hd:E, obs:Fair",""
"639","IL2022-4778",1.38,132.05,37.45,2.77,166.61,59.08,90.23,7.75,"hd:N, very mixed , obs:Fair",NA
"640","IL2022-4779",1.45,132.03,37.06,2.71,165.82,57.51,80.88,7.02,"hd:E, obs:Fair",""
"641","IL2022-479",1.61,129.73,36.94,2.71,165.14,58.1,86.41,7.2,"hd:E, obs:Fair",""
"642","IL2022-4807",1.54,131.42,36.35,3.48,166.42,57.23,90.17,6.9,"obs:Fair",NA
"643","IL2022-4839",1.98,129.81,37.47,2.48,164.82,58.38,80.24,6.82,"hd:E, obs:Normal",""
"644","IL2022-4969",2.11,135.08,34.98,1.47,172.23,58.75,92.09,8.09,"hd:L, late, obs:Good","late"
"645","IL2022-5035",1.45,131.08,36.65,2.62,165.17,57.89,75.15,6.37,"hd:E, segregating, obs:Fair",NA
"646","IL2022-5041",1.12,131.34,37.49,2.99,166.43,56.61,84.9,6.89,"hd:E, obs:Normal",NA
"647","IL2022-505",2.07,131.23,35.57,2.21,164.21,58.2,86.73,7.15,"obs:Fair",NA
"648","IL2022-5060",1.62,132.51,37.09,1.62,168.17,57.98,97.45,7.91,"hd:L, obs:Normal",""
"649","IL2022-5075",1.58,133.81,35.18,2.53,168.12,55.66,73.42,7.45,"hd:L, obs:Normal",""
"650","IL2022-509",1.89,129.34,33.76,1.57,165.62,60.4,87.01,7.66,"hd:E, mixed, obs:Normal","mixed"
"651","IL2022-5101",2.37,134.27,42.38,2.61,165.75,58.89,83.83,6.15,"hd:L, obs:Fair","tall, bearded"
"652","IL2022-5104",1.92,134.26,38.73,3.04,168.76,58.73,91.52,8.42,"hd:L, obs:Poor",""
"653","IL2022-516",2.07,131.31,34.92,2.59,167.66,58.27,94.8,8.15,"hd:N, obs:Excellent ","thick, npt"
"654","IL2022-5167",1.52,134.94,40.48,2.21,167.28,56.72,93.33,7.86,"hd:L, obs:Fair",NA
"655","IL2022-520",1.84,128.63,35.71,1.47,164.06,57.45,91.95,6.53,"hd:E, segregating, obs:Normal",""
"656","IL2022-5203",0.93,132.14,36.69,1.48,165.43,58.68,88.86,7.46,"hd:N, obs:Fair",NA
"657","IL2022-5210",1.38,131.36,36.43,1.94,166.89,59.21,74.1,7.15,"hd:E, obs:Fair",""
"658","IL2022-523",2.14,129.02,33.66,1.52,165.48,59.06,91.06,7.47,"hd:E, obs:Good","npt, small heads"
"659","IL2022-5235",1.61,133.51,37.4,2.11,167.49,55.93,93.77,6.88,"hd:N, obs:Poor",""
"660","IL2022-526",1.88,130.03,35.47,2.53,167.07,58.74,87.89,6.47,"very short, obs:Fair","lots of heads"
"661","IL2022-5263",1.11,131.44,38.11,1.76,166.07,59.76,90.51,7,"hd:N, obs:Fair",""
"662","IL2022-5278",1.4,129.54,39.77,3,164.41,61.01,78.17,6.23,"hd:E, obs:Fair",""
"663","IL2022-5305",1.38,132.29,38.9,2.32,166.46,60.3,89.2,8.12,"hd:N, obs:Fair",NA
"664","IL2022-5308",1.6,131.47,39.38,1.84,165.98,59.99,90.26,7.86,"obs:Poor",NA
"665","IL2022-5312",1.47,131.06,39.6,2.47,166.3,60.97,85.96,8.23,"hd:E, obs:Poor",""
"666","IL2022-5325",1.73,134.2,40.62,3.11,166.77,58.74,85.27,6.38,"hd:N, segregating, obs:Poor","seg"
"667","IL2022-534",2.62,131.43,32.48,1.75,166.66,57.75,92.78,6.79,"hd:E, npt, short, obs:Good","short, uniform "
"668","IL2022-5359",2.09,129.67,35.99,1.96,164.6,57.73,85.42,4.93,"obs:Normal",""
"669","IL2022-5408",2.18,130.06,38.11,1.89,166.97,59.12,87.96,7.26,"obs:Fair",NA
"670","IL2022-5517",2.29,130.37,37.56,2.08,165.08,57.76,90.95,8,"hd:E, obs:Good",""
"671","IL2022-552",2.93,129.46,35.31,2.54,167.1,55.89,94.53,6.22,"hd:E, SDR, obs:Good",NA
"672","IL2022-5521",1.88,127.67,35.67,1.94,166.78,57.66,84.38,6.27,"hd:E, mixed, obs:Normal",NA
"673","IL2022-5522",2.12,129.58,37.38,1.2,166.08,58.71,95.74,7.65,"hd:N, obs:Normal",NA
"674","IL2022-5528",2.11,129.32,39.29,2.79,165.83,60.07,86.96,7.2,"hd:E, segregating, obs:Fair","seg "
"675","IL2022-5529",2.65,128.4,35.4,1.2,165.35,56.66,96.31,5.95,"hd:E, obs:Fair",NA
"676","IL2022-5535",2.33,128.91,35.11,1.91,164.21,57.98,91.4,8.09,"hd:E, obs:Normal",NA
"677","IL2022-5537",2.76,126.24,36.36,1.56,163.67,57.53,94.96,6.26,"hd:L, obs:Fair",NA
"678","IL2022-5542",2.09,128.08,34.48,1.16,164.34,58.66,85.17,7.21,"hd:E, early, npt, obs:Excellent ",""
"679","IL2022-5543",2.07,127.81,36.3,2.32,164.13,57.42,87.78,6.19,"hd:E, obs:Poor",""
"680","IL2022-5545",2.56,129.48,36.2,1.77,165.93,56.62,99.95,7.71,"hd:E, obs:Excellent ",NA
"681","IL2022-5551",1.55,128.9,36.72,2.46,164.78,57.68,91.51,7.96,"hd:E, obs:Good",""
"682","IL2022-5561",1.8,129.03,36.59,2.53,165.78,57.22,92.11,6.92,"hd:E, obs:Good",NA
"683","IL2022-5571",2.12,130.03,38.28,1.82,166.45,58.63,96.34,8.37,"hd:E, obs:Normal",""
"684","IL2022-5578",2.61,128,36.71,1.66,164.82,58.89,95.03,6.93,"hd:E, obs:Normal",""
"685","IL2022-560",2.02,129.12,35.46,4.46,165.59,59.3,86.56,7.22,"hd:E, obs:Fair",""
"686","IL2022-5607",2.11,129.37,36.6,2.57,165.37,56.65,93.17,7.35,"hd:E, obs:Good",NA
"687","IL2022-561",2.21,130.96,34.74,2.27,166.8,58.13,86.82,7.8,"obs:Poor",""
"688","IL2022-5610",2.07,130.46,34.55,1.53,165.71,59.55,105.09,7.43,"hd:E, obs:Good",""
"689","IL2022-5617",2.72,128.98,36.31,0.96,163.84,56.94,89.49,6.05,"hd:E, obs:Fair",""
"690","IL2022-5620",2.18,127.99,35.29,1.45,165.49,57.16,93.22,6.43,"hd:E, obs:Normal","dark green, big flag leaf, some sterility"
"691","IL2022-5635",1.87,131.39,36.99,1.98,167.8,57.81,81.11,6.97,"hd:N, obs:Fair",""
"692","IL2022-5643",2.05,132.12,38.61,2.58,167.12,59.57,78.38,5.42,"obs:Normal",""
"693","IL2022-568",1.48,130.59,37.44,1.56,165.06,58.65,86.25,7.13,"hd:E, obs:Good","mixed, ugly"
"694","IL2022-571",1.88,129.94,33.38,2.62,164.31,57.44,85.81,6.79,"hd:N, obs:Normal",NA
"695","IL2022-5744",2.36,130.29,37.03,2.12,168.06,57.91,78.19,7.53,"hd:E, obs:Fair",""
"696","IL2022-5765",2.19,133.39,37.44,2.37,169.48,58.79,92.17,7.91,"hd:L, obs:Fair",""
"697","IL2022-5805",1.79,132.77,34.98,2.07,168.3,60.52,83.51,7.05,"obs:Good","npt, late"
"698","IL2022-5834",2.01,131.34,37.58,1.56,167.28,57.29,88.65,7.12,"obs:Normal",""
"699","IL2022-5838",2.31,132.04,35.68,0.65,164.26,57.6,92.55,6.88,"obs:Normal","thick, early"
"700","IL2022-5841",2.05,132.49,34.01,1.65,166.21,56.53,88.65,8.02,"obs:Good","erect"
"701","IL2022-5851",1.96,131.67,36.25,0.51,164.63,56.48,91.63,7.84,"obs:Normal",NA
"702","IL2022-5853",1.97,133.31,36.65,1.14,166.18,56.51,88.96,6.93,"obs:Normal",""
"703","IL2022-5862",2.04,128.37,39.27,2.13,166.39,58.87,81.57,4.96,"hd:E, obs:Fair",NA
"704","IL2022-5865",1.58,126.88,36.42,2.17,165.69,58.52,84.46,5.71,"hd:E, obs:Good",NA
"705","IL2022-5876",2.8,130.08,36.34,1.33,164.54,58.29,82.42,5.96,"hd:E, obs:Normal",""
"706","IL2022-5922",1.98,132.09,36.63,2.04,166.2,60.94,78.36,7.46,"hd:E, early, obs:Good","thick"
"707","IL2022-5938",1.55,130.27,39.85,2.21,165.33,61.66,85.53,6.88,"hd:E, obs:Fair",""
"708","IL2022-5944",1.69,129.25,37.4,2.11,165.4,61.02,91.2,7.36,"obs:Fair",NA
"709","IL2022-5948",1.71,129.12,37.48,2.31,164.97,60.51,86.19,6.87,"hd:E, obs:Poor",NA
"710","IL2022-6018",1.33,130,38.5,1.94,166.46,60.53,80.03,5.88,"hd:E, obs:Good",""
"711","IL2022-6043",1.71,129.34,34.83,1.5,165.49,58.82,78.69,6.87,"obs:Normal",NA
"712","IL2022-6047",1.44,130.12,38.9,2.7,165.32,61.75,82.62,6.57,"hd:E, obs:Fair",""
"713","IL2022-6136",2.13,127.12,36.52,1.15,165.79,58.12,78.67,6.5,"hd:E, seg, obs:Normal",NA
"714","IL2022-6142",2.67,131.21,36.72,2.19,167.08,57.95,80.43,7.84,"hd:E, obs:Good",""
"715","IL2022-6160",1.31,131.5,40.28,2.89,165.24,59.9,81.95,5.36,"mixed, obs:Poor",""
"716","IL2022-6161",1.84,132.53,39.94,3.15,167.86,60.6,83.38,6.79,"hd:E, obs:Fair",""
"717","IL2022-6268",1.52,129.9,31.95,1.65,163.76,60.88,83.85,6.02,"hd:E, segregating, obs:Fair","very mixed, very mixed, ve"
"718","IL2022-6278",2.42,130.6,38.59,1.48,166.94,59.32,86.12,7.69,"obs:Poor",""
"719","IL2022-631",1.22,132.23,39.7,2.7,166.24,60.05,73.75,7.96,"hd:N, obs:Fair",""
"720","IL2022-6330",1.83,129.26,39.35,1.21,165.4,57.28,90.89,6.62,"hd:E, obs:Good",""
"721","IL2022-6364",2.3,128.81,38.01,2.9,168.13,57.06,88.3,6.58,"hd:E, obs:Fair",""
"722","IL2022-6378",2.05,130.67,36.55,2.05,167.04,57.86,92.6,7.01,"obs:Normal",""
"723","IL2022-6407",1.76,129.53,33.54,1.2,164.83,56.29,86.9,6.12,"hd:E, obs:Normal","mixed "
"724","IL2022-6409",1.79,131.67,36.21,2.18,168.29,56.25,90.69,6.4,"obs:Normal",NA
"725","IL2022-641",1.67,132.18,40.44,2.99,168.18,60.11,81.18,7.58,"hd:N, obs:Fair",""
"726","IL2022-6415",2.13,129.51,35.07,2.2,166.9,56.63,93.25,8.32,"hd:E, obs:Good",""
"727","IL2022-6423",1.83,131.5,37.25,2.76,166.19,55.85,88.79,8.69,"hd:N, obs:Normal",NA
"728","IL2022-643",1.27,133.06,36.57,3.19,166.93,59.48,75.14,6.31,"hd:N, obs:Poor",""
"729","IL2022-6437",1.81,132.22,34.63,2.24,167.57,56.86,93.39,8.96,"hd:N, mixed, obs:Normal",NA
"730","IL2022-6449",1.84,130.7,35.66,1.66,165.29,56.9,90.37,8.76,"hd:E, obs:Poor",""
"731","IL2022-6476",1.11,131.61,36.43,2.84,165.84,60.53,79.56,6.14,"hd:N, obs:Fair",NA
"732","IL2022-6537",1.55,132.43,35.42,2.16,166.01,59.04,83.36,6.19,"hd:N, obs:Normal",NA
"733","IL2022-6576",1.59,133.02,38.1,3.01,167.86,60.23,80.61,7.2,"obs:Poor",""
"734","IL2022-6702",1.39,128.55,38.56,2.13,163.54,56.62,76.95,5.81,"hd:E, obs:Poor","ve"
"735","IL2022-6714",1.72,129.85,38.79,2.66,166.63,58.74,84.83,7.03,"hd:E, obs:Fair",""
"736","IL2022-6726",1.43,129.07,37.89,1.45,165.03,59.68,85.1,7.07,"hd:E, obs:Fair",NA
"737","IL2022-6748",1.61,129.32,36.36,1.81,164.98,60.24,85.05,7.83,"hd:E, obs:Fair",NA
"738","IL2022-6774",1.25,130,39.35,1.74,165.25,58.35,80.58,7.19,"hd:E, obs:Normal","thick, mixed "
"739","IL2022-6832",2.31,131.12,36.69,0.97,168.19,60.09,82.9,7.43,"hd:N, obs:Normal",""
"740","IL2022-6839",1.57,131.43,36.51,1.47,167.78,58.36,87.95,6.36,"obs:Normal",NA
"741","IL2022-6841",2.24,132.47,36.44,1.39,168.1,60.57,87.34,7.57,"hd:N, obs:Normal",NA
"742","IL2022-6862",1.51,130.91,38.42,2.85,167.31,58.75,90.41,7.74,"obs:Normal",NA
"743","IL2022-6866",1.76,133.44,37.34,1.18,167.74,58.63,81.76,7.78,"hd:E, obs:Good",""
"744","IL2022-6973",2.03,130.16,38.15,2.95,165.51,58.58,81.55,7.65,"hd:E, obs:Fair",NA
"745","IL2022-7044",1.71,133.31,36.58,1.54,167.65,58.03,91.34,7.28,"hd:L, obs:Normal",""
"746","IL2022-7048",2.01,131.76,38.72,2.39,168.33,59.41,87.27,7.53,"hd:N, obs:Fair",NA
"747","IL2022-7049",1.5,131.32,38.27,3.12,167.39,61.37,84.6,6.37,"obs:Good",""
"748","IL2022-7058",1.91,132.36,37,2.27,167.57,60.51,83.49,6.65,"obs:Normal",""
"749","IL2022-7060",1.68,132.21,37.91,2.51,166.48,59.62,94.36,8.11,"hd:N, obs:Normal",""
"750","IL2022-7065",1.89,130.92,37.78,2.08,165.7,58.97,81.5,7.04,"hd:E, obs:Poor",""
"751","IL2022-7077",1.66,130.25,37.94,2.37,166.71,59.48,78.58,7.59,"hd:E, obs:Fair",""
"752","IL2022-710",1.29,130.42,39.17,3.17,164.66,59,78.81,6.78,"hd:E, obs:Normal",NA
"753","IL2022-7104",2.18,131.66,36.49,1.55,167.48,57.63,88.21,6.5,"hd:N, obs:Good",""
"754","IL2022-7106",1.84,130.74,34.41,1.59,167.39,56.7,91.19,6.79,"obs:Normal",NA
"755","IL2022-7108",1.94,133.42,33.59,1.4,166.71,56.93,86.61,7.74,"hd:N, obs:Excellent ","short"
"756","IL2022-7109",1.65,132.45,33.98,1.08,168.24,57.13,88.04,7.39,"hd:N, obs:Good",NA
"757","IL2022-7110",1.25,131.22,34.9,1.06,165.26,57.44,90.12,7.11,"obs:Good",""
"758","IL2022-714",1.78,132.18,38.27,3.07,166.63,56.33,76.03,6.01,"hd:E, obs:Normal",""
"759","IL2022-7163",2.23,130.69,36.56,2.83,164.38,55.99,87.54,8.45,"hd:E, obs:Fair",""
"760","IL2022-7164",2,130.39,36.43,2.52,166.65,59.27,81.23,6.51,"hd:E, obs:Good",""
"761","IL2022-7169",1.78,128.54,35.33,2.6,165.35,58.35,83.99,6.87,"hd:E, obs:Fair",NA
"762","IL2022-7172",1.81,128.62,36.66,2.15,164.96,58.91,85.16,6.7,"hd:E, obs:Normal",""
"763","IL2022-7174",2.26,129.9,35.7,2.12,165.34,60.08,86.35,6.62,"hd:E, obs:Fair",NA
"764","IL2022-720",1.75,133.16,37.61,1.18,166.16,56.77,90.44,7.12,"hd:N, obs:Fair",""
"765","IL2022-7260",1.13,133.2,36.16,2.2,165.97,60.24,85.5,7.96,"obs:Good",NA
"766","IL2022-7264",1.18,132.1,37.51,2.36,165.82,59.88,87.63,8.29,"hd:N, obs:Poor",NA
"767","IL2022-7266",2.06,132.78,39.46,2.73,167.81,58.84,82.52,7.74,"hd:N, obs:Fair",NA
"768","IL2022-7274",1.62,132.09,38.46,3.05,166.07,59.47,90.06,7.39,"obs:Fair",NA
"769","IL2022-7323",1.99,131.07,40.34,2.17,165.8,58.73,83.71,6.56,"hd:E, obs:Fair",""
"770","IL2022-7329",1.24,131.63,39.96,3.96,166.14,60.59,76.16,6.21,"obs:Fair",NA
"771","IL2022-7334",1.91,131.36,40.31,4.73,166.35,58.51,88.61,7.71,"hd:E, obs:Poor",""
"772","IL2022-7342",1.38,131.4,39.33,4.07,166.04,58.23,91.37,7.15,"hd:N, obs:Poor",""
"773","IL2022-7366",1.7,129.99,37.98,1.85,167.13,58.65,82.43,5.47,"obs:Normal",NA
"774","IL2022-7368",1.16,131.83,38.51,1.28,166.39,58.18,88.72,7.84,"obs:Fair",NA
"775","IL2022-7379",1.77,130.21,38.79,2.78,164.3,59.06,79.77,6.94,"hd:E, obs:Fair",""
"776","IL2022-7415",1.65,131.69,38.9,2.37,166.17,60.03,78.7,5.24,"obs:Fair",NA
"777","IL2022-7442",2.03,132.18,34.03,1.86,167.55,57.3,95.08,8.43,"hd:L, obs:Normal","huge flag leaf"
"778","IL2022-7446",1.62,132.46,32.56,2.2,166.88,59.13,90.42,8.5,"hd:N, obs:Normal",NA
"779","IL2022-7448",1.58,130.85,34.51,1.11,165.74,56.27,89.86,7.99,"hd:N, obs:Good",NA
"780","IL2022-7456",1.65,131.04,35.86,1.41,167.73,58.39,86.32,6.98,"obs:Normal",""
"781","IL2022-7476",1.59,131.6,37.59,2.39,166.78,59.73,81.7,6.42,"obs:Poor",NA
"782","IL2022-7562",2.04,128.03,38.3,4.31,164.3,59.08,87.87,6.49,"hd:E, obs:Fair","lodging "
"783","IL2022-7565",1.43,132.63,35.88,2.47,166.27,60.48,95.22,7.59,"hd:N, obs:Good",""
"784","IL2022-7572",1.68,131.25,36.58,2.79,166.93,59.21,81.4,5.69,"hd:E, obs:Fair",NA
"785","IL2022-7608",1.56,129.1,37.48,1.93,165.35,57.92,85.91,7.13,"hd:N, obs:Normal","thick"
"786","IL2022-7612",1.75,131.09,39.04,2.45,167.54,60.31,88.68,7.96,"hd:E, obs:Normal",""
"787","IL2022-7624",1.42,129.64,39.05,2.89,166.29,58.44,84.45,6.4,"hd:E, obs:Fair",NA
"788","IL2022-7627",1.46,128.95,37.63,2.25,166.88,58.08,80.77,6.89,"hd:E, obs:Fair",""
"789","IL2022-7632",1.82,128.6,38.24,2.17,166.07,60.5,80.71,7.42,"hd:E, obs:Fair",NA
"790","IL2022-7634",0.98,126.76,36.02,1.31,165.27,58.51,77.39,6.62,"hd:E, obs:Good",NA
"791","IL2022-7648",1.17,130,37.29,1.41,166.3,58.91,78.97,6.53,"hd:E, obs:Normal",""
"792","IL2022-7673",1.47,132.19,36.07,1.82,166.77,60.2,84.64,8.1,"hd:N, obs:Good",""
"793","IL2022-7709",0.97,131.02,37.28,1.81,167.01,60.19,80.1,7.24,"obs:Fair",NA
"794","IL2022-7713",0.93,131.38,35.26,1.2,167.57,59.11,81.39,6.08,"hd:E, obs:Good",""
"795","IL2022-7720",1.42,133.12,37.23,2.45,168.82,62,84.96,8.53,"hd:N, obs:Normal",NA
"796","IL2022-7733",1.56,130.98,36.51,2.48,165.54,59.02,88.16,7.61,"hd:E, obs:Normal",NA
"797","IL2022-7736",1.7,129.93,38.26,2.29,166.53,57.72,76.32,7.42,"hd:E, segregating, obs:Fair",""
"798","IL2022-774",2.05,129.94,37.35,1.97,164.87,57.81,82.17,6.51,"hd:E, obs:Good",NA
"799","IL2022-7741",1.44,133.39,37.07,3.85,168.87,59.63,84.93,7.23,"hd:N, obs:Fair",""
"800","IL2022-7745",1.32,131.19,37.97,2.15,167.83,60.52,88.2,7.05,"obs:Normal",""
"801","IL2022-7806",1.4,129.65,37.99,1.85,166.37,57.77,84.94,7.19,"hd:E, obs:Normal",NA
"802","IL2022-7819",1.38,132.43,36.92,2.07,168.39,58.88,90.25,7.15,"hd:E, obs:Normal",""
"803","IL2022-7836",1.73,129.23,36.96,1.78,164.89,58.12,79.44,6.14,"hd:E, obs:Fair",NA
"804","IL2022-7864",1.59,132.21,38.03,2.68,165.27,60.52,78.93,7.21,"hd:E, obs:Fair",""
"805","IL2022-7876",1.65,132.66,40.41,2.75,166.67,58.68,81.75,7.62,"hd:N, obs:Poor","tall"
"806","IL2022-7918",2.17,130.07,37.17,2.77,165.67,58.38,80.93,5.2,"obs:Good",NA
"807","IL2022-7929",1.59,130.11,37.15,2.18,167.68,58.9,83.6,6.99,"hd:E, obs:Fair",""
"808","IL2022-7956",1.38,134.04,37.6,1.91,168.39,58.14,88.71,7.69,"obs:Normal",""
"809","IL2022-7958",1.33,132.6,39.24,2.6,169.17,59.96,85.24,5.08,"obs:Normal",NA
"810","IL2022-7966",1.35,132.87,38.12,2.06,169.78,59.68,79.3,6.91,"hd:N, obs:Fair",NA
"811","IL2022-7972",1.8,133.13,36.93,1.52,168.63,59.54,90.66,8,"hd:N, obs:Normal","erect"
"812","IL2022-8016",1.53,133.02,38.3,1.02,168.43,60.8,87.3,7.04,"hd:L, obs:Fair",""
"813","IL2022-8024",0.98,134.08,39.44,1.98,167.17,61.03,78.73,7.71,"obs:Normal",NA
"814","IL2022-8033",1.25,133.44,38.72,1.73,167.26,59.69,87.1,7.48,"hd:N, obs:Normal",""
"815","IL2022-8052",1.63,134.75,40.27,2.19,167.84,60.62,88.7,7.99,"obs:Poor",""
"816","IL2022-8061",2.14,132.17,38.11,2.48,168.24,58.07,87.81,7.99,"hd:N, obs:Fair",""
"817","IL2022-8068",1.51,132.56,36.51,1.79,167.67,56.24,73.44,7.64,"obs:Fair",NA
"818","IL2022-8079",2.18,133.38,39.04,3.23,167.52,58.8,81.1,8.3,"obs:Fair",NA
"819","IL2022-8120",1.72,131.39,35.41,1.02,167.46,57.8,84.33,8.53,"hd:N, obs:Normal",NA
"820","IL2022-8136",1.19,131.72,37.43,1.34,167.21,59.65,87.25,6.39,"obs:Normal",""
"821","IL2022-8152",1.09,130.71,35.99,1.84,166.39,57.51,78.85,6.8,"obs:Normal",""
"822","IL2022-8153",1.43,130.69,35.53,1.54,166.9,57.79,86.93,6.64,"hd:E, obs:Good",""
"823","IL2022-8157",1.57,131.23,37.32,1.92,167.71,59.57,94.49,8,"hd:E, obs:Fair",""
"824","IL2022-8161",2,131.1,35.52,1.98,165.82,60.87,91.67,7.43,"hd:E, obs:Good",""
"825","IL2022-8204",1.16,131.67,38.5,1.82,167.53,59.8,87.6,5.68,"obs:Normal",""
"826","IL2022-8353",1.65,131.15,40.32,1.99,168.7,58.74,79.35,6.57,"obs:Fair",NA
"827","IL2022-8433",1.15,133.57,38.2,2.45,166.69,61.49,70.98,6.88,"hd:N, obs:Poor",NA
"828","IL2022-8441",2.09,134.31,35.46,3.57,168.21,60.89,83.97,6.23,"obs:Normal",NA
"829","IL2022-8453",2,133.12,37.29,3.94,166.5,62.12,78.23,6.87,"obs:Normal",NA
"830","IL2022-8460",0.57,134.07,38.47,2.8,168.73,59.67,86.87,7.48,"hd:N, obs:Fair",NA
"831","IL2022-8518",1.62,129.81,36.08,2.48,166.53,60.49,79.8,6.46,"hd:E, obs:Fair",NA
"832","IL2022-8553",1.46,129.16,39.05,2.88,167.51,60.61,77.26,5.91,"hd:E, obs:Good",NA
"833","IL2022-8578",1.28,132.3,37.3,2.54,167.13,58.35,81.56,6.81,"hd:E, obs:Fair",""
"834","IL2022-8613",2.14,131.11,37.9,2.39,165.28,60.12,84.49,7.07,"hd:E, obs:Normal",""
"835","IL2022-8616",2,130.61,39.45,2.83,165.33,60.62,89.93,5.36,"hd:E, see down row, obs:Normal",NA
"836","IL2022-8654",2.05,130.6,37.02,3.37,164.53,61.01,77.26,5.78,"hd:E, obs:Fair",""
"837","IL2022-8658",1.29,132.27,39.46,2.36,166.12,60.99,81.12,7.48,"hd:E, obs:Fair",""
"838","IL2022-8667",1.74,129.62,38.45,1.19,164.79,59.4,80.75,6.56,"hd:E, obs:Fair",NA
"839","IL2022-8676",1.44,129.59,37.99,1.53,167.13,58.21,88.98,8.26,"hd:E, obs:Normal",""
"840","IL2022-8715",1.78,132.3,37.95,3.55,163.93,58.65,81.69,5.99,"obs:Fair",NA
"841","IL2022-8748",1.44,131.07,36.18,2.03,166.39,60.37,85.52,7.02,"obs:Normal",NA
"842","IL2022-8749",2.11,130.71,35.54,2.37,165.11,58.51,82.12,7.3,"hd:E, obs:Normal",""
"843","IL2022-8921",1.97,130.74,38.07,1.87,168.69,58.56,90.14,6.81,"obs:Normal",""
"844","IL2022-8965",1.67,131.43,38.07,1.84,167.57,58.52,96.76,7.22,"hd:E, obs:Normal",""
"845","IL2022-9003",1.49,131.21,37.01,2.45,164.64,57.45,75.58,6.29,"hd:E, bearded, obs:Normal",NA
"846","IL2022-9016",1.05,133.26,37.32,1.64,167.13,58.81,78.64,5.81,"obs:Good","lime green, bearded, clean"
"847","IL2022-9035",1.31,131.3,37.52,2.21,166.67,57.71,88.89,6.19,"hd:N, bearded, obs:Good","bearded, emerald green, thick"
"848","IL2022-9055",1.59,131.79,37.97,2.02,167.11,58.9,75.21,6.29,"hd:N, bearded, obs:Normal",NA
"849","IL2022-9058",1.2,130,37.83,1.63,167.77,59.44,79.09,7.08,"hd:E, awns, obs:Good","thick, bearded, big heads"
"850","IL2022-9072",1.59,130.78,36.4,1.79,165.82,58.43,79.71,6.42,"hd:E, segregating, obs:Normal",NA
"851","IL2022-9116",1.32,131.07,37.06,1.89,166.19,57.31,84.4,7.39,"hd:E, segregating, bearded , obs:Good","thick, bearded, npt, clean"
"852","IL2022-9133",2.29,134.39,38.03,2.65,168.65,61.06,87.49,7.41,"hd:N, obs:Poor",NA
"853","IL2022-9156",1.93,133.61,37.96,2.38,169.14,61.02,81.61,8.12,"hd:N, obs:Fair",NA
"854","IL2022-9176",1.62,132.36,36.99,2.23,167.69,61.93,85.3,6.39,"hd:N, obs:Normal",NA
"855","IL2022-9178",1.94,133.43,38.24,2.43,169.63,59.2,90.21,7.08,"hd:E, obs:Fair",NA
"856","IL2022-9209",2.06,131.72,37.82,3.12,165.74,60.69,84.49,6.38,"obs:Fair",""
"857","IL2022-9223",1.56,132.91,36.68,1.69,169.77,60.7,89.23,7.64,"hd:N, obs:Good","late"
"858","IL2022-9272",1.68,130.95,38.27,1.77,167.71,60.13,87.9,7.51,"hd:E, obs:Poor",""
"859","IL2022-9352",1.98,131.88,37.52,2.93,168.33,59.93,89.22,7,"obs:Normal",""
"860","IL2022-941",1.99,132.92,38.32,2.64,165.2,59.16,86.24,3.21,"hd:E, obs:Poor",""
"861","IL2022-9438",1.31,127.16,38.62,2.13,162.76,57.45,71.1,5.57,"hd:E, VVE, obs:Fair","seg, ve, tall"
"862","IL2022-9457",1.46,129.04,39.63,2.64,164.43,58.5,84.36,5.68,"hd:E, npt, obs:Normal",""
"863","IL2022-9460",2.05,129.31,38.54,2.06,165.56,59.15,79.46,6.75,"hd:E, obs:Fair",""
"864","IL2022-9465",1.54,131.7,38.29,2.58,166.06,59.17,76.64,6.68,"obs:Poor",NA
"865","IL2022-9468",0.99,129.31,39.4,2.35,165.74,58.18,82.55,7.4,"hd:E, obs:Normal",""
"866","IL2022-9472",1.64,129.77,37.99,1.34,165.72,58.03,84.83,7.12,"hd:E, obs:Fair",""
"867","IL2022-9474",1.6,129.92,38.39,2.14,165.01,58.82,79.1,6.37,"obs:Fair",""
"868","IL2022-9534",1.7,133.7,37.58,1.53,167.99,59.42,85.98,6.96,"hd:N, obs:Good",NA
"869","IL2022-9537",1.76,131.63,34.56,1.84,169.2,59.37,89.38,6.56,"obs:Normal",""
"870","IL2022-9542",1.75,131.7,36.57,1.7,169.3,58.92,85.56,7.63,"obs:Normal",NA
"871","IL2022-9547",2.02,130.69,34.67,1.4,167.95,58.15,90.83,7.78,"obs:Good","npt"
"872","IL2022-9576",1.52,131.42,35.7,1.38,168.08,58.38,79.77,5.99,"hd:N, obs:Normal",NA
"873","IL2022-9609",2.3,133.85,33.76,1.86,167.57,56.4,91.79,7.77,"hd:N, obs:Good",""
"874","IL2022-9624",2.14,128.94,35.18,1.8,165.97,56.43,78.86,6.28,"hd:E, obs:Normal",""
"875","IL2022-9630",2.04,131.46,37.16,1.89,166.95,60.63,80.64,6.07,"obs:Fair",NA
"876","IL2022-9712",1.83,130.36,38.83,3.17,165.83,58.48,84.78,7.12,"hd:N, obs:Fair",NA
"877","IL2022-9743",1,131.74,38.24,3.29,166.48,58.34,87.92,7.72,"hd:N, obs:Poor",""
"878","IL2022-9803",1.64,129.38,34.52,2.01,165.32,55.9,85.94,6.74,"obs:Normal",NA
"879","IL2022-9808",1.26,131.92,34.99,1.36,164.82,55.85,89.91,6.38,"hd:N, obs:Normal",""
"880","IL2022-9837",1.48,132.29,34.44,1.68,165.43,55.39,89.63,8.23,"obs:Good",NA
"881","IL2022-9861",1.54,130.72,36.02,2.12,166.55,57.98,85.84,6.82,"hd:N, obs:Normal",""
"882","IL2022-9864",1.96,131.08,37.32,2,167.09,56.97,85.64,8.16,"hd:E, obs:Excellent ","very dark green, very dark green, thick, uniform "
"883","IL2022-9874",1.62,131,36.13,0.96,166.43,58.99,88.07,6.92,"hd:E, obs:Normal",NA
"884","IL2022-9877",1.53,130.92,34.61,1.52,165.69,57.49,81.84,6.56,"obs:Good",""
"885","IL2022-9906",1.88,131.11,36.09,2.47,166.37,58.45,88.97,7.03,"obs:Normal",""
"886","IL2022-9913",1.2,131.97,34.8,1.12,167.28,58.52,89.89,7.3,"hd:E, obs:Normal",NA
"887","IL2022-9929",1.42,131.63,36.19,0.98,167.21,59.05,88.85,7.84,"hd:E, obs:Good","npt"
"888","IL2022-9944",1.72,130.88,35.54,1,167.43,58.38,88.71,7.01,"hd:E, obs:Normal",""
"889","IL2022-9948",1.65,131.56,37.65,1.18,168.18,58.82,91.39,8.07,"hd:N, obs:Normal",NA
"890","Kaskaskia",2.82,135.1,42.26,2.4,166.39,59.28,78.51,NA,NA,""
"891","Kaskaskia",2.82,135.1,42.26,2.4,166.39,59.28,78.51,NA,NA,""
"892","Pio25R74",2.43,134.92,36.09,1.33,166.71,57.39,88.39,NA,NA,NA
