germplasmName,observationUnitName,notes
IL2022-7562,YT_Urb_23-1,lodging 
IL2021-38672,YT_Urb_23-10,
IL2022-11205,YT_Urb_23-100,
IL2022-11602,YT_Urb_23-1000,
IL2021-13734,YT_Urb_23-1001,
IL2022-14223,YT_Urb_23-1002,npt
IL2022-16617,YT_Urb_23-1003,
IL2021-27813,YT_Urb_23-1004,
IL2022-21673,YT_Urb_23-1005,
IL2021-36450,YT_Urb_23-1006,
IL2022-5312,YT_Urb_23-1007,
19-13978,YT_Urb_23-1008,
IL2022-7334,YT_Urb_23-1009,
IL16LCSDH-07-T-2662-22,YT_Urb_23-101,
IL2021-46035,YT_Urb_23-1010,
IL2022-5542,YT_Urb_23-1011,
IL2022-15028,YT_Urb_23-1012,
IL16LCSDH-09-T-2664-30,YT_Urb_23-1013,
IL2022-11058,YT_Urb_23-1014,"late, bronze"
2020-4907,YT_Urb_23-1015,
IL2022-10577,YT_Urb_23-1016,npt
IL2022-22527,YT_Urb_23-1017,
19-27565,YT_Urb_23-1018,
IL2022-5235,YT_Urb_23-1019,
IL2022-2178,YT_Urb_23-102,
IL2021-28973,YT_Urb_23-1020,
IL2022-17228,YT_Urb_23-1021,
2020-6633,YT_Urb_23-1022,
IL2022-18811,YT_Urb_23-1023,
2020-15403,YT_Urb_23-1024,
IL2022-16411,YT_Urb_23-1025,
IL16LCSDH-03-T-865-28,YT_Urb_23-1026,mixed
IL2022-22147,YT_Urb_23-1027,
2020-571,YT_Urb_23-1028,
IL2022-561,YT_Urb_23-1029,
IL2021-41344,YT_Urb_23-103,
2020-8754,YT_Urb_23-1030,
IL2022-4424,YT_Urb_23-1031,
IL16LCSDH-09-T-2664-28,YT_Urb_23-1032,
IL2022-12203,YT_Urb_23-1033,
IL2022-15174,YT_Urb_23-1034,
IL2021-3936,YT_Urb_23-1035,
IL2021-40648,YT_Urb_23-1036,thick
IL2021-21969,YT_Urb_23-1037,
IL2022-7929,YT_Urb_23-1038,
19-18957,YT_Urb_23-1039,
2020-5250,YT_Urb_23-104,
IL2022-7673,YT_Urb_23-1040,
19-5632,YT_Urb_23-1041,
2020-3234,YT_Urb_23-1042,
IL2022-3976,YT_Urb_23-1043,
IL2021-43945,YT_Urb_23-1044,
IL2022-7627,YT_Urb_23-1045,
IL2021-33409,YT_Urb_23-1046,
IL2021-36613,YT_Urb_23-1047,
IL16LCSDH-09-T-2664-36,YT_Urb_23-1048,
IL2022-10212,YT_Urb_23-1049,
IL2022-23207,YT_Urb_23-105,
Pio 25R74,YT_Urb_23-1050,
IL2022-14871,YT_Urb_23-1051,
IL2021-32554,YT_Urb_23-1052,
IL2021-38661,YT_Urb_23-1053,
IL2022-10239,YT_Urb_23-1054,
IL2021-28770,YT_Urb_23-1055,
2020-1761,YT_Urb_23-1056,
IL2021-38714,YT_Urb_23-1057,
IL2022-13756,YT_Urb_23-1058,
IL2022-5838,YT_Urb_23-1059,"thick, early"
IL2022-13732,YT_Urb_23-106,
IL2021-24847,YT_Urb_23-1060,
IL2022-11334,YT_Urb_23-1061,
IL2022-8578,YT_Urb_23-1062,
IL2021-34245,YT_Urb_23-1063,
IL2021-7550,YT_Urb_23-1064,
IL2021-16820,YT_Urb_23-1065,
IL2022-13468,YT_Urb_23-1066,
2020-10630,YT_Urb_23-1067,
IL2022-8033,YT_Urb_23-1068,
IL2022-3421,YT_Urb_23-1069,late
IL2021-45638,YT_Urb_23-107,
IL2021-17373,YT_Urb_23-1070,
IL2022-12263,YT_Urb_23-1071,
2020-7719,YT_Urb_23-1072,
IL2021-15134,YT_Urb_23-1073,
IL2022-13060,YT_Urb_23-1074,
IL2022-5744,YT_Urb_23-1075,
2020-10322,YT_Urb_23-1076,
IL2021-43932,YT_Urb_23-1077,
IL2022-12347,YT_Urb_23-1078,
19-18153,YT_Urb_23-1079,
IL2021-29158,YT_Urb_23-108,
IL2021-17534,YT_Urb_23-1080,mixed
19-17546,YT_Urb_23-1081,vve
IL2022-22770,YT_Urb_23-1082,
19-18725,YT_Urb_23-1083,
19-21848,YT_Urb_23-1084,npt
IL2022-4232,YT_Urb_23-1085,
IL2022-3242,YT_Urb_23-1086,
19-18826,YT_Urb_23-1087,
IL2021-3403,YT_Urb_23-1088,
IL2022-12949,YT_Urb_23-1089,
IL2021-40641,YT_Urb_23-109,
IL2021-41738,YT_Urb_23-1090,
IL2021-36376,YT_Urb_23-1091,
IL2021-34018,YT_Urb_23-1092,
IL2022-13959,YT_Urb_23-1093,
IL2021-44623,YT_Urb_23-1094,
IL2022-22416,YT_Urb_23-1095,
Kaskaskia,YT_Urb_23-1096,
IL2022-4739,YT_Urb_23-1097,
IL2022-13138,YT_Urb_23-1098,"thick, tall"
IL16LCSDH-01-T-863-10,YT_Urb_23-1099,
IL2022-15944,YT_Urb_23-11,"late, bearded"
IL2022-2157,YT_Urb_23-110,
IL2022-14756,YT_Urb_23-1100,
IL2022-1675,YT_Urb_23-1101,
IL2021-25226,YT_Urb_23-1102,
IL16LCSDH-02-T-864-29,YT_Urb_23-1103,
IL2022-12832,YT_Urb_23-1104,
IL2022-14913,YT_Urb_23-1105,
IL2022-16849,YT_Urb_23-1106,
IL2021-40751,YT_Urb_23-1107,
IL2022-7379,YT_Urb_23-1108,
2020-6435,YT_Urb_23-1109,
19-13414,YT_Urb_23-111,
IL2022-5210,YT_Urb_23-1110,
2020-14116,YT_Urb_23-1111,
IL2022-8016,YT_Urb_23-1112,
2020-15726,YT_Urb_23-1113,
IL2021-28801,YT_Urb_23-1114,
2020-15256,YT_Urb_23-1115,
IL2021-36469,YT_Urb_23-1116,
IL2021-17463,YT_Urb_23-1117,thick
IL2021-7231,YT_Urb_23-1118,
IL2022-18801,YT_Urb_23-1119,
IL2021-24956,YT_Urb_23-112,
IL16LCSDH-04-T-2659-216,YT_Urb_23-1120,
IL2022-7565,YT_Urb_23-1121,
19-14845,YT_Urb_23-1122,
IL2021-8749,YT_Urb_23-1123,thick
IL2021-26838,YT_Urb_23-1124,
IL2022-10834,YT_Urb_23-1125,
IL2022-17844,YT_Urb_23-1126,
IL2021-22113,YT_Urb_23-1127,
IL2022-24110,YT_Urb_23-1128,
IL2021-36639,YT_Urb_23-1129,
IL2022-9438,YT_Urb_23-113,"seg, ve, tall"
IL16LCSDH-09-T-2664-40,YT_Urb_23-1130,
IL2022-22603,YT_Urb_23-1131,
IL2021-36731,YT_Urb_23-1132,
IL16LCSDH-02-T-864-54,YT_Urb_23-1133,
IL2022-17329,YT_Urb_23-1134,
IL2022-19141,YT_Urb_23-1135,
IL2022-9352,YT_Urb_23-1136,
IL2021-38672,YT_Urb_23-1137,
IL2021-14513,YT_Urb_23-1138,
IL2022-20420,YT_Urb_23-1139,
IL2021-22514,YT_Urb_23-114,mixed
IL2021-25334,YT_Urb_23-1140,
IL2021-44007,YT_Urb_23-1141,
IL2021-40869,YT_Urb_23-1142,
IL2021-19549,YT_Urb_23-1143,
IL16LCSDH-06-T-2661-39,YT_Urb_23-1144,thick
IL2022-20314,YT_Urb_23-1145,
2020-2318,YT_Urb_23-1146,
IL2021-13577,YT_Urb_23-1147,
19-19205,YT_Urb_23-1148,
IL2022-14172,YT_Urb_23-1149,
IL2022-7741,YT_Urb_23-115,
IL2021-33861,YT_Urb_23-1150,
IL2021-19718,YT_Urb_23-1151,
IL2022-2156,YT_Urb_23-1152,thick
IL2022-1312,YT_Urb_23-1153,
IL2022-17664,YT_Urb_23-1154,
IL2021-39857,YT_Urb_23-1155,
IL2022-7065,YT_Urb_23-1156,
IL2021-46411,YT_Urb_23-1157,
IL16LCSDH-09-T-2664-23,YT_Urb_23-1158,
IL2021-13321,YT_Urb_23-1159,
IL2021-42522,YT_Urb_23-116,seg
IL2021-16612,YT_Urb_23-1160,
2020-10435,YT_Urb_23-1161,
IL2021-15245,YT_Urb_23-1162,
IL2021-3902,YT_Urb_23-1163,has triticale
IL2021-38976,YT_Urb_23-1164,thick
IL2022-22012,YT_Urb_23-1165,
2020-2032,YT_Urb_23-1166,
IL2022-22150,YT_Urb_23-1167,
IL2022-9116,YT_Urb_23-1168,"thick, bearded, npt, clean"
IL2022-13869,YT_Urb_23-1169,
12-26004,YT_Urb_23-117,
IL2021-22514,YT_Urb_23-1170,
19-15017,YT_Urb_23-1171,
IL2022-345,YT_Urb_23-1172,
IL2021-15219,YT_Urb_23-1173,
25R76,YT_Urb_23-1174,
IL2022-12067,YT_Urb_23-1175,
IL16LCSDH-09-T-2664-16,YT_Urb_23-1176,
IL16LCSDH-04-T-2659-225,YT_Urb_23-1177,
IL2022-19539,YT_Urb_23-1178,
IL2022-5765,YT_Urb_23-1179,
19-17662,YT_Urb_23-118,
2020-16118,YT_Urb_23-1180,
IL2021-14676,YT_Urb_23-1181,
IL2022-15733,YT_Urb_23-1182,
19-18837,YT_Urb_23-1183,
IL2022-4969,YT_Urb_23-1184,late
IL2021-43926,YT_Urb_23-1185,
IL2022-10131,YT_Urb_23-1186,
IL2022-9537,YT_Urb_23-1187,
IL2021-36630,YT_Urb_23-1188,
IL2022-21618,YT_Urb_23-1189,
IL2022-19921,YT_Urb_23-119,mixed
2020-40034,YT_Urb_23-1190,
IL2021-44005,YT_Urb_23-1191,
IL2021-21665,YT_Urb_23-1192,
2020-16145,YT_Urb_23-1193,
IL2021-41355,YT_Urb_23-1194,
IL2022-18049,YT_Urb_23-1195,
IL16LCSDH-06-T-2661-212,YT_Urb_23-1196,
IL2021-43938,YT_Urb_23-1197,
IL2022-5060,YT_Urb_23-1198,
2020-13902,YT_Urb_23-1199,
IL16LCSDH-09-T-2664-30,YT_Urb_23-12,
IL2021-26632,YT_Urb_23-120,
IL2022-7713,YT_Urb_23-1200,
IL2022-13554,YT_Urb_23-1201,
IL16LCSDH-09-T-2664-24,YT_Urb_23-1202,
IL2021-36756,YT_Urb_23-1203,
IL16LCSDH-06-T-2661-21,YT_Urb_23-1204,
IL16LCSDH-03-T-865-46,YT_Urb_23-1205,"beautiful , see down row"
IL2022-11818,YT_Urb_23-1206,
IL2022-16725,YT_Urb_23-1207,
IL16LCSDH-10-T-2665-41,YT_Urb_23-1208,
IL2022-15713,YT_Urb_23-1209,
IL2021-46166,YT_Urb_23-121,
2020-11841,YT_Urb_23-1210,
IL2021-43970,YT_Urb_23-1211,
IL16LCSDH-06-T-2661-202,YT_Urb_23-1212,
IL2021-18457,YT_Urb_23-1213,
IL16LCSDH-09-T-2664-27,YT_Urb_23-1214,
IL2021-29011,YT_Urb_23-1215,
IL2021-36748,YT_Urb_23-1216,
IL2021-1815,YT_Urb_23-1217,too tall
IL2022-15539,YT_Urb_23-1218,
IL2021-43963,YT_Urb_23-1219,
19-14933,YT_Urb_23-122,"tall, purple stem"
19-12926,YT_Urb_23-1220,
IL2022-13776,YT_Urb_23-1221,"bearded, thick"
IL16LCSDH-09-T-2664-18,YT_Urb_23-1222,
IL2021-17949,YT_Urb_23-1223,
IL2021-39253,YT_Urb_23-1224,
19-13451,YT_Urb_23-1225,
IL2021-17475,YT_Urb_23-1226,
IL2022-11908,YT_Urb_23-1227,
IL2022-21018,YT_Urb_23-1228,
2020-16022,YT_Urb_23-1229,
19-23855,YT_Urb_23-123,
IL2022-3523,YT_Urb_23-1230,
19-13414,YT_Urb_23-1231,
2020-2864,YT_Urb_23-1232,
IL2021-25411,YT_Urb_23-1233,
IL2021-43865,YT_Urb_23-1234,
IL2021-46033,YT_Urb_23-1235,
2020-7877,YT_Urb_23-1236,
19-25469,YT_Urb_23-1237,
IL2022-5643,YT_Urb_23-1238,
IL2022-5075,YT_Urb_23-1239,
IL2022-15630,YT_Urb_23-124,
IL2021-19404,YT_Urb_23-1240,
IL2022-9209,YT_Urb_23-1241,
IL2021-13712,YT_Urb_23-1242,
2020-6254,YT_Urb_23-1243,mixed
IL2022-3463,YT_Urb_23-1244,
IL2022-19528,YT_Urb_23-1245,
IL2021-35538,YT_Urb_23-1246,
IL2021-16728,YT_Urb_23-1247,
19-23855,YT_Urb_23-1248,
IL2022-17009,YT_Urb_23-1249,
IL2022-21774,YT_Urb_23-125,
IL2022-9272,YT_Urb_23-1250,
IL16LCSDH-04-T-2659-3,YT_Urb_23-1251,
IL2021-16330,YT_Urb_23-1252,
IL2022-6866,YT_Urb_23-1253,
IL2022-10450,YT_Urb_23-1254,
IL2021-17859,YT_Urb_23-1255,thick
IL2022-19216,YT_Urb_23-1256,
IL2021-44026,YT_Urb_23-1257,
IL2022-17063,YT_Urb_23-1258,
2020-7369,YT_Urb_23-1259,
IL16LCSDH-04-T-2659-232,YT_Urb_23-126,thick 
IL2022-4774,YT_Urb_23-1260,
IL2022-7736,YT_Urb_23-1261,
IL2021-43330,YT_Urb_23-1262,
2020-5250,YT_Urb_23-1263,
IL2021-29425,YT_Urb_23-1264,
IL2022-7956,YT_Urb_23-1265,
2020-12650,YT_Urb_23-1266,
IL2022-14110,YT_Urb_23-1267,"very dark green, npt"
IL16LCSDH-11-T-2666-206,YT_Urb_23-1268,
IL2021-36257,YT_Urb_23-1269,
IL2021-16807,YT_Urb_23-127,
IL2022-20179,YT_Urb_23-1270,
IL2022-22771,YT_Urb_23-1271,
2020-4951,YT_Urb_23-1272,
IL2022-22774,YT_Urb_23-1273,
19-14933,YT_Urb_23-1274,
IL2022-526,YT_Urb_23-1275,lots of heads
IL2021-46428,YT_Urb_23-1276,
IL16LCSDH-08-T-2663-55,YT_Urb_23-1277,"thick, clean, bright"
IL2022-2535,YT_Urb_23-1278,
IL2021-9529,YT_Urb_23-1279,
IL2022-6702,YT_Urb_23-128,ve
IL2022-11571,YT_Urb_23-1280,
IL2021-24143,YT_Urb_23-1281,
IL2021-17431,YT_Urb_23-1282,
IL2021-22578,YT_Urb_23-1283,
IL2021-30578,YT_Urb_23-1284,
IL2021-21123,YT_Urb_23-1285,
IL2021-16421,YT_Urb_23-1286,
2020-10001,YT_Urb_23-1287,
IL2021-17838,YT_Urb_23-1288,"ve, thivk"
IL16LCSDH-07-T-2662-225,YT_Urb_23-1289,
IL2022-18768,YT_Urb_23-129,
IL2021-16415,YT_Urb_23-1290,
IL2021-43913,YT_Urb_23-1291,thick
IL2021-18304,YT_Urb_23-1292,
IL2022-4228,YT_Urb_23-1293,
IL2022-6415,YT_Urb_23-1294,
2020-11426,YT_Urb_23-1295,"ve, tall"
IL2022-15108,YT_Urb_23-1296,
IL2022-10669,YT_Urb_23-13,
19-5632,YT_Urb_23-130,
IL2022-10260,YT_Urb_23-131,
IL2022-15167,YT_Urb_23-132,seg
IL2022-3818,YT_Urb_23-133,
IL16LCSDH-01-T-863-63,YT_Urb_23-134,
IL16LCSDH-09-T-2664-27,YT_Urb_23-135,
IL2022-14945,YT_Urb_23-136,
IL2022-16756,YT_Urb_23-137,
19-5122,YT_Urb_23-138,
07-19334,YT_Urb_23-139,
2020-7024,YT_Urb_23-14,
IL2022-17039,YT_Urb_23-140,
IL2022-15564,YT_Urb_23-141,
IL2021-23332,YT_Urb_23-142,
IL2021-41430,YT_Urb_23-143,
19-16176,YT_Urb_23-144,
IL2022-6330,YT_Urb_23-145,
IL2022-17314,YT_Urb_23-146,mixed
2020-6205,YT_Urb_23-147,
IL2022-11971,YT_Urb_23-148,
IL2022-16171,YT_Urb_23-149,
IL2022-568,YT_Urb_23-15,"mixed, ugly"
19-4151,YT_Urb_23-150,
IL2021-24365,YT_Urb_23-151,has triticale
2020-7877,YT_Urb_23-152,
IL2022-6047,YT_Urb_23-153,
IL2022-2654,YT_Urb_23-154,late
IL2021-21123,YT_Urb_23-155,
19-26456,YT_Urb_23-156,"erect, lots of heads, erect, lots of heads, thick"
IL2022-11479,YT_Urb_23-157,
IL2022-6364,YT_Urb_23-158,
2020-5376,YT_Urb_23-159,"thick, big heads"
2020-9801,YT_Urb_23-16,
IL2022-17152,YT_Urb_23-160,
IL16LCSDH-07-T-2662-201,YT_Urb_23-161,
IL2022-11165,YT_Urb_23-162,
IL16LCSDH-09-T-2664-18,YT_Urb_23-163,
IL2021-40847,YT_Urb_23-164,
IL2022-8613,YT_Urb_23-165,
2020-2032,YT_Urb_23-166,
IL2022-11032,YT_Urb_23-167,npt
IL2021-36723,YT_Urb_23-168,
IL2021-39924,YT_Urb_23-169,mixed
IL2021-16645,YT_Urb_23-17,
IL2021-15258,YT_Urb_23-170,mixed
IL2021-15149,YT_Urb_23-171,
IL16LCSDH-02-T-864-6,YT_Urb_23-172,
IL2022-15767,YT_Urb_23-173,"large flag leaf, dark green, long spikes"
IL2021-40751,YT_Urb_23-174,mixed
IL2021-28714,YT_Urb_23-175,
IL2022-15550,YT_Urb_23-176,
2020-16641,YT_Urb_23-177,
IL2022-16032,YT_Urb_23-178,
IL16LCSDH-04-T-2659-3,YT_Urb_23-179,
IL2022-2503,YT_Urb_23-18,
IL2022-11020,YT_Urb_23-180,
IL2022-3324,YT_Urb_23-181,
IL16LCSDH-09-T-2664-28,YT_Urb_23-182,
IL2022-20427,YT_Urb_23-183,
IL2021-44031,YT_Urb_23-184,"bpt, bright"
2020-17017,YT_Urb_23-185,
IL2022-4054,YT_Urb_23-186,
IL2021-16576,YT_Urb_23-187,
IL2022-11331,YT_Urb_23-188,
IL16LCSDH-03-T-865-28,YT_Urb_23-189,
IL2021-43909,YT_Urb_23-19,npt
IL2022-8152,YT_Urb_23-190,
2020-7035,YT_Urb_23-191,seg 
IL2021-5861,YT_Urb_23-192,
2020-1511,YT_Urb_23-193,
IL2022-5101,YT_Urb_23-194,"tall, bearded"
IL2021-27657,YT_Urb_23-195,
IL2021-40753,YT_Urb_23-196,
19-14845,YT_Urb_23-197,vve
IL2021-33678,YT_Urb_23-198,
IL2021-827,YT_Urb_23-199,seg 
IL16LCSDH-10-T-2665-41,YT_Urb_23-2,npt
IL2021-24143,YT_Urb_23-20,
2020-40034,YT_Urb_23-200,
IL2021-40765,YT_Urb_23-201,seg
IL2022-11348,YT_Urb_23-202,
IL2021-19736,YT_Urb_23-203,
IL2021-13734,YT_Urb_23-204,
IL2022-10006,YT_Urb_23-205,
2020-6415,YT_Urb_23-206,
IL2022-10837,YT_Urb_23-207,
IL2022-24144,YT_Urb_23-208,
IL2021-39238,YT_Urb_23-209,
IL2021-31432,YT_Urb_23-21,
IL2021-17958,YT_Urb_23-210,"thick, ve"
IL2021-13723,YT_Urb_23-211,seg 
IL2021-43359,YT_Urb_23-212,
IL2022-17621,YT_Urb_23-213,"thick, seg"
IL16LCSDH-01-T-863-10,YT_Urb_23-214,
IL2022-6449,YT_Urb_23-215,
IL2021-3532,YT_Urb_23-216,
IL2021-3558,YT_Urb_23-217,mixed 
IL2022-22816,YT_Urb_23-218,bronze
IL16LCSDH-01-T-863-6,YT_Urb_23-219,
IL2022-10376,YT_Urb_23-22,
2020-1847,YT_Urb_23-220,
IL2022-457,YT_Urb_23-221,
IL2022-7456,YT_Urb_23-222,
2020-9828,YT_Urb_23-223,
IL2021-20345,YT_Urb_23-224,mixed
IL2021-43966,YT_Urb_23-225,
IL2022-15777,YT_Urb_23-226,
2020-15256,YT_Urb_23-227,
IL2022-310,YT_Urb_23-228,
IL2021-26813,YT_Urb_23-229,
IL2021-6838,YT_Urb_23-23,
IL16LCSDH-09-T-2664-36,YT_Urb_23-230,
IL2021-16120,YT_Urb_23-231,has triticale 
IL2022-23224,YT_Urb_23-232,
IL2022-18908,YT_Urb_23-233,
IL16LCSDH-09-T-2664-20,YT_Urb_23-234,
IL2022-21310,YT_Urb_23-235,
IL2022-5841,YT_Urb_23-236,erect
2020-2749,YT_Urb_23-237,
IL16LCSDH-09-T-2664-24,YT_Urb_23-238,
IL2021-43962,YT_Urb_23-239,
2020-571,YT_Urb_23-24,
IL2022-19520,YT_Urb_23-240,good canopy closure
IL2021-39959,YT_Urb_23-241,
IL2021-38956,YT_Urb_23-242,
IL2021-28549,YT_Urb_23-243,many heads
2020-2770,YT_Urb_23-244,thick
IL2022-3345,YT_Urb_23-245,
IL2022-13915,YT_Urb_23-246,
IL2021-16459,YT_Urb_23-247,
IL2022-9547,YT_Urb_23-248,npt
IL2022-631,YT_Urb_23-249,
IL2021-27611,YT_Urb_23-25,
IL16LCSDH-11-T-2666-212,YT_Urb_23-250,
IL16LCSDH-06-T-2661-17,YT_Urb_23-251,mixed 
2020-5545,YT_Urb_23-252,vve
IL2021-29023,YT_Urb_23-253,
IL2022-14119,YT_Urb_23-254,
19-18725,YT_Urb_23-255,
IL2021-7544,YT_Urb_23-256,
IL2021-36450,YT_Urb_23-257,
IL2022-19572,YT_Urb_23-258,thick
IL2021-16726,YT_Urb_23-259,
IL16LCSDH-02-T-864-63,YT_Urb_23-26,
IL2021-33507,YT_Urb_23-260,
IL2021-41350,YT_Urb_23-261,
IL2022-16613,YT_Urb_23-262,
IL2021-28708,YT_Urb_23-263,npt
IL2021-22316,YT_Urb_23-264,
IL2021-17841,YT_Urb_23-265,npt
2020-9856,YT_Urb_23-266,
IL2022-13558,YT_Urb_23-267,
2020-10630,YT_Urb_23-268,
IL2021-26850,YT_Urb_23-269,
IL2021-32902,YT_Urb_23-27,
IL2022-2202,YT_Urb_23-270,
IL2021-16452,YT_Urb_23-271,
IL16LCSDH-04-T-2659-212,YT_Urb_23-272,thick
IL2021-14669,YT_Urb_23-273,
IL16LCSDH-02-T-864-29,YT_Urb_23-274,
IL2022-22210,YT_Urb_23-275,
IL2021-45701,YT_Urb_23-276,
IL2022-22870,YT_Urb_23-277,
IL16LCSDH-08-T-2663-55,YT_Urb_23-278,
IL2022-12047,YT_Urb_23-279,mixed
IL2022-9929,YT_Urb_23-28,npt
IL2022-14421,YT_Urb_23-280,
IL2021-36639,YT_Urb_23-281,"thick, clean"
IL2022-11561,YT_Urb_23-282,thick
IL2021-18451,YT_Urb_23-283,
IL2021-17968,YT_Urb_23-284,
IL2021-30660,YT_Urb_23-285,
IL2022-16374,YT_Urb_23-286,
IL2022-23178,YT_Urb_23-287,
IL2021-39615,YT_Urb_23-288,
IL2021-28411,YT_Urb_23-289,
IL2021-40608,YT_Urb_23-29,
IL2021-43205,YT_Urb_23-290,
IL2022-6378,YT_Urb_23-291,
IL2022-15672,YT_Urb_23-292,
IL16LCSDH-01-T-863-32,YT_Urb_23-293,"npt, late"
IL2021-25362,YT_Urb_23-294,
IL2022-24204,YT_Urb_23-295,
IL2021-16330,YT_Urb_23-296,
IL2022-5571,YT_Urb_23-297,
IL2022-9223,YT_Urb_23-298,late
IL2021-13713,YT_Urb_23-299,
IL2021-15263,YT_Urb_23-3,lodging 
IL2021-44026,YT_Urb_23-30,
IL2021-36630,YT_Urb_23-300,
IL2022-16476,YT_Urb_23-301,
IL2021-16419,YT_Urb_23-302,
IL2021-22113,YT_Urb_23-303,
IL2021-17156,YT_Urb_23-304,
IL2022-8061,YT_Urb_23-305,
2020-15403,YT_Urb_23-306,
IL2021-15207,YT_Urb_23-307,
2020-2010,YT_Urb_23-308,
IL2022-3320,YT_Urb_23-309,
IL2022-13824,YT_Urb_23-31,
IL2022-6160,YT_Urb_23-310,
19-25469,YT_Urb_23-311,
IL2022-12417,YT_Urb_23-312,
IL2021-39857,YT_Urb_23-313,
IL2021-34213,YT_Urb_23-314,
2020-12650,YT_Urb_23-315,
IL2022-7648,YT_Urb_23-316,
2020-7917,YT_Urb_23-317,
IL2022-15115,YT_Urb_23-318,
IL2021-40648,YT_Urb_23-319,
19-17546,YT_Urb_23-32,
IL2022-9472,YT_Urb_23-320,
IL16LCSDH-03-T-865-46,YT_Urb_23-321,nice appearance
IL2022-20848,YT_Urb_23-322,
IL2022-7172,YT_Urb_23-323,
IL2021-29425,YT_Urb_23-324,
IL2021-29002,YT_Urb_23-325,
IL2022-7972,YT_Urb_23-326,erect
IL2021-14267,YT_Urb_23-327,
IL2022-641,YT_Urb_23-328,
IL2021-24847,YT_Urb_23-329,
IL2022-7049,YT_Urb_23-33,
IL2021-43877,YT_Urb_23-330,
19-13451,YT_Urb_23-331,
IL2022-22629,YT_Urb_23-332,mixed
IL16LCSDH-04-T-2659-20,YT_Urb_23-333,
IL2022-6407,YT_Urb_23-334,mixed 
IL2022-12948,YT_Urb_23-335,
2020-17006,YT_Urb_23-336,"thick, bright "
IL2021-28712,YT_Urb_23-337,
2020-1362,YT_Urb_23-338,
IL2021-21356,YT_Urb_23-339,
IL2021-15134,YT_Urb_23-34,
2020-6254,YT_Urb_23-340,mixed
IL2022-534,YT_Urb_23-341,"short, uniform "
2020-10435,YT_Urb_23-342,
IL2022-5528,YT_Urb_23-343,seg 
2020-16145,YT_Urb_23-344,
25R76,YT_Urb_23-345,
IL2022-9016,YT_Urb_23-346,"lime green, bearded, clean"
IL2022-8658,YT_Urb_23-347,
IL2022-12933,YT_Urb_23-348,
IL2021-44064,YT_Urb_23-349,
IL2022-2206,YT_Urb_23-35,
IL2022-11566,YT_Urb_23-350,
19-21848,YT_Urb_23-351,
IL2021-28970,YT_Urb_23-352,
IL2021-41738,YT_Urb_23-353,
IL2022-18920,YT_Urb_23-354,
IL2021-19404,YT_Urb_23-355,big spike 
IL2022-16748,YT_Urb_23-356,
19-14617,YT_Urb_23-357,
IL2022-4145,YT_Urb_23-358,
IL2021-31359,YT_Urb_23-359,
19-18957,YT_Urb_23-36,vve
IL2021-43878,YT_Urb_23-360,
IL2022-11028,YT_Urb_23-361,thick
IL2021-36725,YT_Urb_23-362,
IL16LCSDH-06-T-2661-202,YT_Urb_23-363,
IL2022-7819,YT_Urb_23-364,
2020-10322,YT_Urb_23-365,
2020-10415,YT_Urb_23-366,
IL2021-17863,YT_Urb_23-367,
IL2022-7077,YT_Urb_23-368,
IL2021-40862,YT_Urb_23-369,
IL2022-7612,YT_Urb_23-37,
IL2022-23210,YT_Urb_23-370,
IL16LCSDH-06-T-2661-19,YT_Urb_23-371,
IL2022-20874,YT_Urb_23-372,
IL2021-3567,YT_Urb_23-373,
IL2022-24102,YT_Urb_23-374,
IL2021-18124,YT_Urb_23-375,
IL16LCSDH-02-T-864-59,YT_Urb_23-376,
19-13978,YT_Urb_23-377,ve
IL2022-9457,YT_Urb_23-378,
IL2021-19718,YT_Urb_23-379,
IL2022-3950,YT_Urb_23-38,
IL2022-8157,YT_Urb_23-380,
IL2021-31004,YT_Urb_23-381,
IL2022-19116,YT_Urb_23-382,
IL2022-19302,YT_Urb_23-383,
2020-5533,YT_Urb_23-384,
IL2022-15074,YT_Urb_23-385,
IL2022-20441,YT_Urb_23-386,
2020-5416,YT_Urb_23-387,
IL2021-43972,YT_Urb_23-388,"thick, bright "
2020-7719,YT_Urb_23-389,
IL2022-20155,YT_Urb_23-39,mixe
IL2022-3705,YT_Urb_23-390,segregating
IL2021-43415,YT_Urb_23-391,
IL2022-6714,YT_Urb_23-392,
2020-6435,YT_Urb_23-393,
IL2022-12170,YT_Urb_23-394,
19-22757,YT_Urb_23-395,
IL2022-10716,YT_Urb_23-396,
IL2022-14575,YT_Urb_23-397,"seg bearded, tall"
2020-6633,YT_Urb_23-398,
2020-13902,YT_Urb_23-399,
IL2022-14264,YT_Urb_23-4,
19-21467,YT_Urb_23-40,thin
IL2022-7876,YT_Urb_23-400,tall
IL2022-5578,YT_Urb_23-401,
IL2022-15947,YT_Urb_23-402,
AgriMAXX503,YT_Urb_23-403,
IL2021-19401,YT_Urb_23-404,
IL2021-46842,YT_Urb_23-405,
IL16LCSDH-09-T-2664-43,YT_Urb_23-406,
IL2022-13476,YT_Urb_23-407,
IL2021-34113,YT_Urb_23-408,
IL2022-17738,YT_Urb_23-409,
IL2021-25339,YT_Urb_23-41,seg
2020-4907,YT_Urb_23-410,
19-26709,YT_Urb_23-411,vve
IL2021-15809,YT_Urb_23-412,
IL2022-21974,YT_Urb_23-413,
IL2021-18304,YT_Urb_23-414,
2020-16118,YT_Urb_23-415,
IL2022-18101,YT_Urb_23-416,
IL16LCSDH-05-T-2660-3,YT_Urb_23-417,
IL2022-15961,YT_Urb_23-418,
IL2022-2109,YT_Urb_23-419,
2020-8754,YT_Urb_23-42,seg
2020-5369,YT_Urb_23-420,
IL2021-17859,YT_Urb_23-421,"thick, bright "
IL2022-23473,YT_Urb_23-422,
IL2022-22142,YT_Urb_23-423,
IL2022-12644,YT_Urb_23-424,
IL2021-5065,YT_Urb_23-425,
19-19205,YT_Urb_23-426,
IL2021-31368,YT_Urb_23-427,
IL2021-17463,YT_Urb_23-428,
IL2022-18769,YT_Urb_23-429,
IL2021-13718,YT_Urb_23-43,"npt, ve"
IL2021-24255,YT_Urb_23-430,
IL2022-120,YT_Urb_23-431,
IL2021-17961,YT_Urb_23-432,
IL2022-21538,YT_Urb_23-433,
19-20348,YT_Urb_23-434,tall
IL2021-37528,YT_Urb_23-435,
IL2021-15152,YT_Urb_23-436,
IL2022-10817,YT_Urb_23-437,
IL2021-17409,YT_Urb_23-438,
IL2021-17373,YT_Urb_23-439,
IL2021-25344,YT_Urb_23-44,
IL2021-43945,YT_Urb_23-440,
IL2022-21666,YT_Urb_23-441,
IL2022-10460,YT_Urb_23-442,
IL2021-27813,YT_Urb_23-443,mixed
IL2022-509,YT_Urb_23-444,mixed
IL2022-7164,YT_Urb_23-445,
IL2021-44007,YT_Urb_23-446,
IL2022-9944,YT_Urb_23-447,
IL2022-7058,YT_Urb_23-448,
2020-12665,YT_Urb_23-449,
IL2022-4148,YT_Urb_23-45,
IL2022-13428,YT_Urb_23-450,
IL2021-16676,YT_Urb_23-451,
IL2021-43764,YT_Urb_23-452,
IL2021-41319,YT_Urb_23-453,
IL2022-6278,YT_Urb_23-454,
IL2021-19221,YT_Urb_23-455,
IL2021-39943,YT_Urb_23-456,
IL2021-25152,YT_Urb_23-457,
IL2022-5620,YT_Urb_23-458,"dark green, big flag leaf, some sterility"
IL2022-7110,YT_Urb_23-459,
2020-1761,YT_Urb_23-46,
IL2022-5938,YT_Urb_23-460,
2020-3205,YT_Urb_23-461,
IL2021-36441,YT_Urb_23-462,
IL16LCSDH-06-T-2661-21,YT_Urb_23-463,
IL2021-24872,YT_Urb_23-464,
2020-14116,YT_Urb_23-465,
IL2022-5325,YT_Urb_23-466,seg
IL2022-5610,YT_Urb_23-467,
IL2021-34252,YT_Urb_23-468,
19-12926,YT_Urb_23-469,
IL2022-9808,YT_Urb_23-47,
IL2022-22045,YT_Urb_23-470,
IL2021-15117,YT_Urb_23-471,
IL2021-18313,YT_Urb_23-472,
IL2022-14012,YT_Urb_23-473,
IL2021-17749,YT_Urb_23-474,
IL2022-2324,YT_Urb_23-475,
IL2022-18632,YT_Urb_23-476,
IL2021-28804,YT_Urb_23-477,
IL2022-20757,YT_Urb_23-478,
19-21760,YT_Urb_23-479,
2020-2334,YT_Urb_23-48,
IL2021-16212,YT_Urb_23-480,
IL2021-30662,YT_Urb_23-481,
2020-10001,YT_Urb_23-482,
IL2022-6018,YT_Urb_23-483,
IL2021-15245,YT_Urb_23-484,
IL2021-2038,YT_Urb_23-485,
IL2021-35122,YT_Urb_23-486,
IL2021-34018,YT_Urb_23-487,
IL2022-22115,YT_Urb_23-488,
IL2022-8921,YT_Urb_23-489,
IL2022-8654,YT_Urb_23-49,
IL2021-33409,YT_Urb_23-490,
IL2022-22508,YT_Urb_23-491,
IL16LCSDH-04-T-2659-216,YT_Urb_23-492,
IL2022-16572,YT_Urb_23-493,
IL2022-7108,YT_Urb_23-494,short
IL16LCSDH-04-T-2659-225,YT_Urb_23-495,
IL2022-16979,YT_Urb_23-496,
IL2021-40807,YT_Urb_23-497,
IL16LCSDH-10-T-2665-21,YT_Urb_23-498,thick 
IL2021-31429,YT_Urb_23-499,
IL2021-17866,YT_Urb_23-5,
IL2022-7745,YT_Urb_23-50,
IL2021-43177,YT_Urb_23-500,dark green
IL16LCSDH-01-T-863-5,YT_Urb_23-501,
IL2022-5617,YT_Urb_23-502,
IL2021-13321,YT_Urb_23-503,
IL2022-3110,YT_Urb_23-504,
IL2022-19777,YT_Urb_23-505,
IL2021-34276,YT_Urb_23-506,
2020-13145,YT_Urb_23-507,mixed
IL2022-5834,YT_Urb_23-508,
IL2021-24241,YT_Urb_23-509,
IL2021-26838,YT_Urb_23-51,
IL2022-19273,YT_Urb_23-510,
19-18153,YT_Urb_23-511,
IL2021-37737,YT_Urb_23-512,
19-13713,YT_Urb_23-513,"looks good, ve"
IL2022-22335,YT_Urb_23-514,
IL2022-23406,YT_Urb_23-515,
IL16LCSDH-07-T-2662-225,YT_Urb_23-516,
IL2022-10508,YT_Urb_23-517,
IL2022-11003,YT_Urb_23-518,
2020-10026,YT_Urb_23-519,
IL2022-4127,YT_Urb_23-52,
IL2022-17934,YT_Urb_23-520,
IL2021-17972,YT_Urb_23-521,
IL2021-34245,YT_Urb_23-522,
IL2021-25359,YT_Urb_23-523,
IL2022-5359,YT_Urb_23-524,
2020-16102,YT_Urb_23-525,
IL2021-16772,YT_Urb_23-526,
IL2022-11828,YT_Urb_23-527,
IL16LCSDH-02-T-864-54,YT_Urb_23-528,
IL2022-17625,YT_Urb_23-529,
IL2022-560,YT_Urb_23-53,
IL2021-43921,YT_Urb_23-530,
2020-11841,YT_Urb_23-531,
IL2021-5364,YT_Urb_23-532,
IL2022-5104,YT_Urb_23-533,
IL16LCSDH-07-T-2662-203,YT_Urb_23-534,
IL2022-4779,YT_Urb_23-535,
IL2021-32554,YT_Urb_23-536,
IL2022-12702,YT_Urb_23-537,has triticale
IL2021-39253,YT_Urb_23-538,
IL2022-18869,YT_Urb_23-539,
IL16LCSDH-10-T-2665-42,YT_Urb_23-54,
IL2022-9609,YT_Urb_23-540,
IL2022-9460,YT_Urb_23-541,
2020-10275,YT_Urb_23-542,
IL2022-3262,YT_Urb_23-543,
IL2022-18345,YT_Urb_23-544,
IL2022-17455,YT_Urb_23-545,
IL2021-9529,YT_Urb_23-546,
IL2022-17452,YT_Urb_23-547,
19-6637,YT_Urb_23-548,
IL2022-7163,YT_Urb_23-549,
IL2021-46013,YT_Urb_23-55,
IL2022-22812,YT_Urb_23-550,"bearded, wow factor, sprawling"
IL2021-27574,YT_Urb_23-551,
IL2021-28826,YT_Urb_23-552,
IL2022-12621,YT_Urb_23-553,
2020-16035,YT_Urb_23-554,
IL2021-18220,YT_Urb_23-555,
IL2021-4856,YT_Urb_23-556,
2020-2864,YT_Urb_23-557,
19-18837,YT_Urb_23-558,
IL16LCSDH-10-T-2665-20,YT_Urb_23-559,beautiful 
2020-2101,YT_Urb_23-56,vve
IL2022-11621,YT_Urb_23-560,
IL16LCSDH-01-T-863-72,YT_Urb_23-561,
IL2022-9861,YT_Urb_23-562,
IL2022-9468,YT_Urb_23-563,
IL2021-43872,YT_Urb_23-564,
IL2021-24918,YT_Urb_23-565,
IL2022-21629,YT_Urb_23-566,
IL16LCSDH-07-T-2662-202,YT_Urb_23-567,"thick, clean, nice appearance "
IL2022-4078,YT_Urb_23-568,
2020-2318,YT_Urb_23-569,
IL2021-35538,YT_Urb_23-57,
IL2022-7060,YT_Urb_23-570,
IL2022-11724,YT_Urb_23-571,
IL2022-7442,YT_Urb_23-572,huge flag leaf
IL2021-43926,YT_Urb_23-573,
IL2022-23344,YT_Urb_23-574,viral symptoms 
2020-3607,YT_Urb_23-575,
IL2022-15043,YT_Urb_23-576,
IL16LCSDH-04-T-2659-207,YT_Urb_23-577,
IL2021-43941,YT_Urb_23-578,
IL2021-14925,YT_Urb_23-579,
IL2022-465,YT_Urb_23-58,npt
Pio 25R74,YT_Urb_23-580,
IL2021-28578,YT_Urb_23-581,
IL2021-43920,YT_Urb_23-582,
2020-4951,YT_Urb_23-583,
IL2022-1906,YT_Urb_23-584,
IL16LCSDH-01-T-863-58,YT_Urb_23-585,
IL2021-21635,YT_Urb_23-586,
IL2022-10703,YT_Urb_23-587,
2020-2068,YT_Urb_23-588,
IL2022-15968,YT_Urb_23-589,
IL2022-16525,YT_Urb_23-59,
IL2021-46035,YT_Urb_23-590,
19-15017,YT_Urb_23-591,
IL2022-18225,YT_Urb_23-592,
IL2022-5543,YT_Urb_23-593,
IL16LCSDH-10-T-2665-22,YT_Urb_23-594,
IL2022-4560,YT_Urb_23-595,
IL2021-26929,YT_Urb_23-596,
2020-11134,YT_Urb_23-597,
IL2022-8136,YT_Urb_23-598,
IL2022-18772,YT_Urb_23-599,
IL2021-4811,YT_Urb_23-6,
IL2021-47142,YT_Urb_23-60,
IL16LCSDH-11-T-2666-206,YT_Urb_23-600,
IL2021-43956,YT_Urb_23-601,
IL2021-25478,YT_Urb_23-602,
16-8048,YT_Urb_23-603,
IL2022-23246,YT_Urb_23-604,
IL2022-5922,YT_Urb_23-605,thick
2020-1578,YT_Urb_23-606,
IL2022-3164,YT_Urb_23-607,mixed
IL2021-19438,YT_Urb_23-608,
IL2022-2933,YT_Urb_23-609,
IL2021-30029,YT_Urb_23-61,
IL16LCSDH-02-T-864-38,YT_Urb_23-610,
IL2022-22651,YT_Urb_23-611,
IL2022-23259,YT_Urb_23-612,late
19-10123,YT_Urb_23-613,lots of heads
IL16LCSDH-03-T-865-39,YT_Urb_23-614,npt
IL2022-19422,YT_Urb_23-615,
IL2022-14268,YT_Urb_23-616,
19-27565,YT_Urb_23-617,
IL2022-20509,YT_Urb_23-618,
IL16LCSDH-10-T-2665-54,YT_Urb_23-619,
IL2022-9906,YT_Urb_23-62,
IL2022-2749,YT_Urb_23-620,
Kaskaskia,YT_Urb_23-621,
IL2021-27466,YT_Urb_23-622,
2020-7737,YT_Urb_23-623,
2020-1862,YT_Urb_23-624,
IL2021-40317,YT_Urb_23-625,
IL2022-9877,YT_Urb_23-626,
IL16LCSDH-06-T-2661-39,YT_Urb_23-627,"ve, npt"
IL2022-21130,YT_Urb_23-628,
IL2022-13548,YT_Urb_23-629,
IL2021-18152,YT_Urb_23-63,
19-18826,YT_Urb_23-630,
IL2022-3450,YT_Urb_23-631,
IL2021-18468,YT_Urb_23-632,
IL2022-14232,YT_Urb_23-633,
IL2022-17769,YT_Urb_23-634,
IL2021-37508,YT_Urb_23-635,
IL2022-4061,YT_Urb_23-636,
IL2022-13243,YT_Urb_23-637,
IL2022-11443,YT_Urb_23-638,
IL2021-17857,YT_Urb_23-639,"beautiful, thick"
IL2021-28973,YT_Urb_23-64,
IL2022-18573,YT_Urb_23-640,
IL2022-21272,YT_Urb_23-641,
19-18156,YT_Urb_23-642,
IL2022-11535,YT_Urb_23-643,
2020-15726,YT_Urb_23-644,
2020-3234,YT_Urb_23-645,
IL2022-5551,YT_Urb_23-646,
IL2022-13604,YT_Urb_23-647,
IL2021-28678,YT_Urb_23-648,
IL2022-22035,YT_Urb_23-649,
IL2021-36747,YT_Urb_23-65,
IL2021-43920,YT_Urb_23-650,
IL2022-4730,YT_Urb_23-651,
IL16LCSDH-03-T-865-39,YT_Urb_23-652,
IL2021-35723,YT_Urb_23-653,
IL2021-17103,YT_Urb_23-654,
IL2022-20401,YT_Urb_23-655,
2020-7024,YT_Urb_23-656,
IL2022-10352,YT_Urb_23-657,
2020-17006,YT_Urb_23-658,
IL2021-42959,YT_Urb_23-659,
IL16LCSDH-11-T-2666-208,YT_Urb_23-66,
IL2021-15149,YT_Urb_23-660,
2020-2068,YT_Urb_23-661,
IL2022-1018,YT_Urb_23-662,
IL2021-14320,YT_Urb_23-663,
IL16LCSDH-04-T-2659-212,YT_Urb_23-664,
IL2022-22458,YT_Urb_23-665,
2020-15429,YT_Urb_23-666,
IL2021-18435,YT_Urb_23-667,
IL2022-7044,YT_Urb_23-668,
IL16LCSDH-11-T-2666-208,YT_Urb_23-669,
IL2022-10405,YT_Urb_23-67,"npt, later"
IL2022-3153,YT_Urb_23-670,
IL2021-3558,YT_Urb_23-671,
IL2022-16720,YT_Urb_23-672,
IL2022-15602,YT_Urb_23-673,
IL2021-40301,YT_Urb_23-674,
IL2021-17857,YT_Urb_23-675,npt
IL2022-4643,YT_Urb_23-676,
2020-2749,YT_Urb_23-677,
IL2022-1521,YT_Urb_23-678,
IL16LCSDH-04-T-2659-20,YT_Urb_23-679,
IL2021-36748,YT_Urb_23-68,
IL2021-15138,YT_Urb_23-680,
IL2022-23516,YT_Urb_23-681,
IL2022-523,YT_Urb_23-682,"npt, small heads"
2020-5533,YT_Urb_23-683,mixed
IL2022-20076,YT_Urb_23-684,mixed
IL2022-2339,YT_Urb_23-685,
IL2021-43764,YT_Urb_23-686,
IL2021-17919,YT_Urb_23-687,"thick, uniform"
IL16LCSDH-10-T-2665-54,YT_Urb_23-688,npt
IL2021-39143,YT_Urb_23-689,
IL2021-17813,YT_Urb_23-69,ve
IL2022-13739,YT_Urb_23-690,
IL2021-24110,YT_Urb_23-691,
2020-10275,YT_Urb_23-692,
IL2022-23531,YT_Urb_23-693,
2020-7035,YT_Urb_23-694,
IL2021-15179,YT_Urb_23-695,
IL2021-46908,YT_Urb_23-696,
IL2021-37508,YT_Urb_23-697,
IL2021-44705,YT_Urb_23-698,
IL2022-14401,YT_Urb_23-699,
IL2022-720,YT_Urb_23-7,
IL2022-12364,YT_Urb_23-70,
IL2022-17935,YT_Urb_23-700,
IL2021-30660,YT_Urb_23-701,
IL2022-8161,YT_Urb_23-702,
IL16LCSDH-10-T-2665-21,YT_Urb_23-703,
IL2022-12064,YT_Urb_23-704,
19-6637,YT_Urb_23-705,npt
IL2022-3736,YT_Urb_23-706,
IL2021-14567,YT_Urb_23-707,
IL2021-26834,YT_Urb_23-708,
IL16LCSDH-01-T-863-58,YT_Urb_23-709,
IL16LCSDH-06-T-2661-212,YT_Urb_23-71,
IL2022-16201,YT_Urb_23-710,
IL2022-9743,YT_Urb_23-711,
IL2022-12030,YT_Urb_23-712,
IL2022-20741,YT_Urb_23-713,"thick, npt"
IL2021-22316,YT_Urb_23-714,
IL2022-12650,YT_Urb_23-715,
IL2021-36658,YT_Urb_23-716,"thick, early "
IL2021-28678,YT_Urb_23-717,
IL2022-4220,YT_Urb_23-718,
IL2022-3708,YT_Urb_23-719,
2020-16022,YT_Urb_23-72,seg
2020-1847,YT_Urb_23-720,
IL2022-4237,YT_Urb_23-721,
IL2021-14556,YT_Urb_23-722,
IL2022-3333,YT_Urb_23-723,
19-5122,YT_Urb_23-724,"erect, npt"
IL2022-18823,YT_Urb_23-725,
IL2022-1806,YT_Urb_23-726,
IL2021-16120,YT_Urb_23-727,has triticale
IL2021-16322,YT_Urb_23-728,
IL2021-17961,YT_Urb_23-729,
IL2021-17845,YT_Urb_23-73,npt
IL2022-16620,YT_Urb_23-730,
2020-16035,YT_Urb_23-731,
IL2022-643,YT_Urb_23-732,
IL2021-39238,YT_Urb_23-733,
IL2022-24058,YT_Urb_23-734,
IL2022-24032,YT_Urb_23-735,
IL16LCSDH-09-T-2664-20,YT_Urb_23-736,
IL2022-19879,YT_Urb_23-737,lots of heads
IL2021-28804,YT_Urb_23-738,
IL2021-16722,YT_Urb_23-739,
2020-9945,YT_Urb_23-74,
IL2022-15419,YT_Urb_23-740,
IL2021-23332,YT_Urb_23-741,
IL2021-43916,YT_Urb_23-742,
2020-2101,YT_Urb_23-743,
07-19334,YT_Urb_23-744,
IL2022-11306,YT_Urb_23-745,
IL2022-23424,YT_Urb_23-746,
2020-7917,YT_Urb_23-747,
IL2021-42343,YT_Urb_23-748,mixed
2020-10415,YT_Urb_23-749,bad plot
IL2022-10404,YT_Urb_23-75,
IL2022-5263,YT_Urb_23-750,
IL2022-17208,YT_Urb_23-751,
IL16LCSDH-05-T-2660-3,YT_Urb_23-752,
IL2022-8153,YT_Urb_23-753,
IL2022-8965,YT_Urb_23-754,
2020-6010,YT_Urb_23-755,
IL2022-19944,YT_Urb_23-756,
IL2021-23464,YT_Urb_23-757,
IL2022-8749,YT_Urb_23-758,
2020-1362,YT_Urb_23-759,
2020-7369,YT_Urb_23-76,mixed
IL2021-43878,YT_Urb_23-760,
IL2022-10072,YT_Urb_23-761,
2020-9801,YT_Urb_23-762,
IL2022-4839,YT_Urb_23-763,
IL2022-2920,YT_Urb_23-764,
IL16LCSDH-09-T-2664-43,YT_Urb_23-765,
IL2021-45957,YT_Urb_23-766,
IL2021-43205,YT_Urb_23-767,thick
IL2022-3418,YT_Urb_23-768,
IL2022-10176,YT_Urb_23-769,
IL2022-8052,YT_Urb_23-77,
IL2021-24320,YT_Urb_23-770,
IL2021-39959,YT_Urb_23-771,
IL16LCSDH-02-T-864-5,YT_Urb_23-772,
IL16LCSDH-07-T-2662-203,YT_Urb_23-773,
IL2022-2704,YT_Urb_23-774,
2020-2010,YT_Urb_23-775,
IL2022-15520,YT_Urb_23-776,
16-8048,YT_Urb_23-777,
IL2022-1816,YT_Urb_23-778,
IL16LCSDH-07-T-2662-22,YT_Urb_23-779,
19-6946,YT_Urb_23-78,
IL2021-42115,YT_Urb_23-780,
IL2021-24241,YT_Urb_23-781,
IL2022-9058,YT_Urb_23-782,"thick, bearded, big heads"
2020-12665,YT_Urb_23-783,
IL2022-16870,YT_Urb_23-784,
2020-6205,YT_Urb_23-785,
IL2021-45561,YT_Urb_23-786,
2020-2334,YT_Urb_23-787,
19-6946,YT_Urb_23-788,
IL2022-18613,YT_Urb_23-789,
IL2022-3611,YT_Urb_23-79,
IL2022-13149,YT_Urb_23-790,
IL2021-43359,YT_Urb_23-791,
IL2022-7864,YT_Urb_23-792,
2020-3607,YT_Urb_23-793,
IL2021-46002,YT_Urb_23-794,
IL2022-3117,YT_Urb_23-795,
19-13713,YT_Urb_23-796,
IL2022-11918,YT_Urb_23-797,"npt, bearded"
19-21760,YT_Urb_23-798,
IL2022-3936,YT_Urb_23-799,
2020-9168,YT_Urb_23-8,
IL2022-10377,YT_Urb_23-80,
IL2021-19221,YT_Urb_23-800,
IL2021-17428,YT_Urb_23-801,
IL2021-13707,YT_Urb_23-802,
IL2021-46822,YT_Urb_23-803,
2020-7737,YT_Urb_23-804,
IL2021-17848,YT_Urb_23-805,
IL16LCSDH-07-T-2662-241,YT_Urb_23-806,
IL2022-18061,YT_Urb_23-807,
IL2022-6774,YT_Urb_23-808,"thick, mixed "
IL2022-10625,YT_Urb_23-809,
IL16LCSDH-09-T-2664-16,YT_Urb_23-81,
IL16LCSDH-11-T-2666-212,YT_Urb_23-810,
IL2022-19446,YT_Urb_23-811,
AgriMAXX503,YT_Urb_23-812,
IL2022-20421,YT_Urb_23-813,
IL2021-33678,YT_Urb_23-814,
IL2021-17749,YT_Urb_23-815,
IL2022-2511,YT_Urb_23-816,
IL2022-24151,YT_Urb_23-817,
IL2021-39615,YT_Urb_23-818,
IL2021-32967,YT_Urb_23-819,
IL2022-3866,YT_Urb_23-82,"tall, mixed"
2020-9168,YT_Urb_23-820,
IL2022-14137,YT_Urb_23-821,
IL2021-15152,YT_Urb_23-822,
IL2022-19442,YT_Urb_23-823,
IL2022-23101,YT_Urb_23-824,
IL2022-2320,YT_Urb_23-825,
19-14617,YT_Urb_23-826,
IL2022-11109,YT_Urb_23-827,
IL2022-9864,YT_Urb_23-828,"very dark green, very dark green, thick, uniform "
IL2021-25478,YT_Urb_23-829,"ve, bright"
IL2022-9624,YT_Urb_23-83,
IL2022-18929,YT_Urb_23-830,
IL2022-9474,YT_Urb_23-831,
IL2021-16726,YT_Urb_23-832,
IL2021-43316,YT_Urb_23-833,
IL2022-18377,YT_Urb_23-834,
2020-9828,YT_Urb_23-835,
IL2021-30022,YT_Urb_23-836,
IL2021-44011,YT_Urb_23-837,thick 
IL2022-6576,YT_Urb_23-838,
IL16LCSDH-04-T-2659-207,YT_Urb_23-839,
IL16LCSDH-09-T-2664-40,YT_Urb_23-84,
IL2021-34203,YT_Urb_23-840,
IL2022-11064,YT_Urb_23-841,
2020-11134,YT_Urb_23-842,
IL2021-34322,YT_Urb_23-843,
IL2021-22564,YT_Urb_23-844,
IL2021-18468,YT_Urb_23-845,
IL2021-26829,YT_Urb_23-846,
IL2022-5876,YT_Urb_23-847,
IL2021-4811,YT_Urb_23-848,
IL2022-3013,YT_Urb_23-849,
IL2021-41721,YT_Urb_23-85,
IL2022-520,YT_Urb_23-850,
IL2021-34276,YT_Urb_23-851,
IL2021-40138,YT_Urb_23-852,"erect, biomass"
IL2022-15703,YT_Urb_23-853,
2020-5416,YT_Urb_23-854,
IL2021-37674,YT_Urb_23-855,
19-21467,YT_Urb_23-856,
2020-3205,YT_Urb_23-857,
IL2022-17011,YT_Urb_23-858,
IL2021-41350,YT_Urb_23-859,
2020-11426,YT_Urb_23-86,
IL16LCSDH-04-T-2659-8,YT_Urb_23-860,
IL2021-43633,YT_Urb_23-861,
2020-17017,YT_Urb_23-862,
IL2021-43973,YT_Urb_23-863,
IL2021-31004,YT_Urb_23-864,
IL2022-7323,YT_Urb_23-865,
IL16LCSDH-06-T-2661-19,YT_Urb_23-866,
IL2022-19869,YT_Urb_23-867,
19-18156,YT_Urb_23-868,
IL2022-19268,YT_Urb_23-869,
IL2022-16557,YT_Urb_23-87,
IL16LCSDH-01-T-863-72,YT_Urb_23-870,
IL2021-16459,YT_Urb_23-871,
IL2022-3862,YT_Urb_23-872,
IL2021-17752,YT_Urb_23-873,
IL2022-4044,YT_Urb_23-874,
IL2022-21238,YT_Urb_23-875,segregating
IL2021-26929,YT_Urb_23-876,
IL2022-20959,YT_Urb_23-877,thick
IL2021-15228,YT_Urb_23-878,
IL2021-18451,YT_Urb_23-879,
2020-15429,YT_Urb_23-88,
IL2022-22541,YT_Urb_23-880,
IL2021-19766,YT_Urb_23-881,"thick, uniform "
IL16LCSDH-01-T-863-63,YT_Urb_23-882,
IL2022-5517,YT_Urb_23-883,
IL2022-19470,YT_Urb_23-884,
IL2021-15117,YT_Urb_23-885,
IL2022-516,YT_Urb_23-886,"thick, npt"
IL2022-19766,YT_Urb_23-887,
IL2021-31368,YT_Urb_23-888,
IL2022-14320,YT_Urb_23-889,
IL2022-23524,YT_Urb_23-89,
IL2021-3613,YT_Urb_23-890,
19-26456,YT_Urb_23-891,thick
IL16LCSDH-01-T-863-5,YT_Urb_23-892,
IL2022-5278,YT_Urb_23-893,
2020-5376,YT_Urb_23-894,thick
IL2022-13939,YT_Urb_23-895,
IL2021-25344,YT_Urb_23-896,
IL2021-43966,YT_Urb_23-897,
IL2021-43960,YT_Urb_23-898,
IL2021-14267,YT_Urb_23-899,
IL2022-5805,YT_Urb_23-9,"npt, late"
2020-7021,YT_Urb_23-90,
IL2021-11634,YT_Urb_23-900,
IL2022-20936,YT_Urb_23-901,
IL2022-10648,YT_Urb_23-902,
2020-2770,YT_Urb_23-903,
IL2022-15711,YT_Urb_23-904,late
IL2021-16544,YT_Urb_23-905,
IL2022-17014,YT_Urb_23-906,
2020-7021,YT_Urb_23-907,
IL2021-27612,YT_Urb_23-908,
12-26004,YT_Urb_23-909,
IL2022-8204,YT_Urb_23-91,
IL2021-40862,YT_Urb_23-910,
IL2022-21643,YT_Urb_23-911,
IL2022-15802,YT_Urb_23-912,
IL2021-28535,YT_Urb_23-913,
IL2021-25152,YT_Urb_23-914,
IL2022-22609,YT_Urb_23-915,
IL16LCSDH-02-T-864-38,YT_Urb_23-916,
IL2021-46132,YT_Urb_23-917,
IL2021-14779,YT_Urb_23-918,
IL2022-6268,YT_Urb_23-919,"very mixed, very mixed, ve"
IL2022-13912,YT_Urb_23-92,
IL2021-43872,YT_Urb_23-920,"thick, bright, big heads"
IL2021-29149,YT_Urb_23-921,
19-17662,YT_Urb_23-922,
IL2022-1829,YT_Urb_23-923,
19-22757,YT_Urb_23-924,
IL2022-5853,YT_Urb_23-925,
2020-16641,YT_Urb_23-926,
IL2021-24937,YT_Urb_23-927,
IL2022-3265,YT_Urb_23-928,
2020-13145,YT_Urb_23-929,
IL2021-14556,YT_Urb_23-93,
IL2022-941,YT_Urb_23-930,
IL2021-29158,YT_Urb_23-931,
IL2022-21211,YT_Urb_23-932,
2020-9945,YT_Urb_23-933,npt
IL2022-13055,YT_Urb_23-934,
IL2022-1056,YT_Urb_23-935,
IL2022-6161,YT_Urb_23-936,
IL16LCSDH-07-T-2662-201,YT_Urb_23-937,
IL2022-19542,YT_Urb_23-938,
2020-5369,YT_Urb_23-939,
IL2022-13172,YT_Urb_23-94,
IL2021-22621,YT_Urb_23-940,
IL2022-8676,YT_Urb_23-941,
IL2021-18124,YT_Urb_23-942,
IL2022-12713,YT_Urb_23-943,
19-20348,YT_Urb_23-944,
IL2022-20830,YT_Urb_23-945,
IL2022-14924,YT_Urb_23-946,
IL16LCSDH-10-T-2665-42,YT_Urb_23-947,
IL2021-28208,YT_Urb_23-948,
2020-9856,YT_Urb_23-949,
IL2021-29356,YT_Urb_23-95,
IL2021-36445,YT_Urb_23-950,
IL2022-7104,YT_Urb_23-951,
IL2022-21758,YT_Urb_23-952,
IL2022-13050,YT_Urb_23-953,
IL2021-27574,YT_Urb_23-954,
IL2021-39812,YT_Urb_23-955,super thick
19-10123,YT_Urb_23-956,
IL2022-16436,YT_Urb_23-957,
IL2022-23362,YT_Urb_23-958,
2020-1862,YT_Urb_23-959,
2020-6010,YT_Urb_23-96,
IL2022-20504,YT_Urb_23-960,
IL2022-9035,YT_Urb_23-961,"bearded, emerald green, thick"
19-16176,YT_Urb_23-962,
IL2021-2364,YT_Urb_23-963,mixed
IL2021-30029,YT_Urb_23-964,
IL2021-44235,YT_Urb_23-965,
IL16LCSDH-02-T-864-63,YT_Urb_23-966,
IL2022-18763,YT_Urb_23-967,
2020-1511,YT_Urb_23-968,
IL2022-6142,YT_Urb_23-969,
IL16LCSDH-07-T-2662-241,YT_Urb_23-97,late
2020-10026,YT_Urb_23-970,
IL2022-18820,YT_Urb_23-971,
IL2021-16645,YT_Urb_23-972,
2020-6415,YT_Urb_23-973,
IL2022-12920,YT_Urb_23-974,
IL2022-714,YT_Urb_23-975,
IL16LCSDH-01-T-863-32,YT_Urb_23-976,
IL2022-6832,YT_Urb_23-977,
19-26709,YT_Urb_23-978,vve
IL2022-21535,YT_Urb_23-979,
IL2021-39636,YT_Urb_23-98,
IL16LCSDH-07-T-2662-202,YT_Urb_23-980,
IL2022-23625,YT_Urb_23-981,
IL2022-7608,YT_Urb_23-982,thick
IL2021-44064,YT_Urb_23-983,
IL2022-15526,YT_Urb_23-984,
IL2021-36723,YT_Urb_23-985,
IL2022-7342,YT_Urb_23-986,
IL2022-11457,YT_Urb_23-987,
IL16LCSDH-10-T-2665-22,YT_Urb_23-988,
IL2022-479,YT_Urb_23-989,
IL2022-2922,YT_Urb_23-99,
2020-5545,YT_Urb_23-990,
IL2022-5635,YT_Urb_23-991,
2020-1578,YT_Urb_23-992,
IL2021-17506,YT_Urb_23-993,
2020-16102,YT_Urb_23-994,
IL2021-46857,YT_Urb_23-995,
IL2021-29134,YT_Urb_23-996,
19-4151,YT_Urb_23-997,
IL2021-15254,YT_Urb_23-998,
IL16LCSDH-04-T-2659-232,YT_Urb_23-999,npt